student_id,grade_year,year,term,subject,subject_group,achievement,grade_type,raw_score,subject_avg,std_dev,grade_numeric
201611091,1,2013,1,국어,국어,5,rank,79,78.2,10.8,5
201611091,1,2013,2,국어,국어,6,rank,72,77.60000000000001,13.700000000000001,6
201611091,1,2013,1,수학,수학,4,rank,64,56.5,13.700000000000001,4
201611091,1,2013,2,수학,수학,4,rank,69,60.6,15.200000000000001,4
201611091,1,2013,1,영어Ⅰ,영어,6,rank,64,71.3,15.4,6
201611091,1,2013,2,영어Ⅱ,영어,7,rank,50,64.2,17.6,7
201611091,1,2013,1,도덕,사회,6,rank,65,69.8,14.8,6
201611091,1,2013,2,도덕,사회,6,rank,71,73.5,12.1,6
201611091,1,2013,1,사회,사회,5,rank,71,72.5,12.200000000000001,5
201611091,1,2013,2,사회,사회,6,rank,65,70.9,11.8,6
201611091,1,2013,1,한국사,사회,6,rank,55,64.5,14.9,6
201611091,1,2013,2,한국사,사회,8,rank,34,57.2,16.2,8
201611091,1,2013,1,과학,과학,5,rank,67,63.300000000000004,16.0,5
201611091,1,2013,2,과학,과학,6,rank,61,64.3,16.400000000000002,6
201611091,2,2014,1,문학Ⅰ,국어,5,rank,85,81.10000000000001,12.1,5
201611091,2,2014,2,문학Ⅱ,국어,7,rank,72,79.8,13.8,7
201611091,2,2014,1,수학Ⅰ,수학,6,rank,49,59.300000000000004,14.0,6
201611091,2,2014,2,수학Ⅱ,수학,5,rank,51,53.0,14.4,5
201611091,2,2014,1,영어회화,영어,8,rank,41,67.60000000000001,17.6,8
201611091,2,2014,2,영어독해와작문,영어,5,rank,70,66.10000000000001,17.1,5
201611091,2,2014,1,물리Ⅰ,과학,3,rank,74,60.4,15.700000000000001,3
201611091,2,2014,2,물리Ⅰ,과학,3,rank,71,55.9,17.6,3
201611091,2,2014,1,지구과학Ⅰ,과학,3,rank,82,61.0,16.6,3
201611091,2,2014,2,지구과학Ⅰ,과학,1,rank,91,58.1,18.3,1
201611091,2,2014,1,화학Ⅰ,과학,6,rank,50,58.1,16.3,6
201611091,2,2014,2,화학Ⅰ,과학,7,rank,35,51.0,17.8,7
201611091,2,2014,1,생명과학Ⅰ,과학,3,rank,85,65.2,17.2,3
201611091,2,2014,2,생명과학Ⅰ,과학,6,rank,51,58.7,21.3,6
201611091,3,2015,1,독서와문법Ⅰ,국어,5,rank,80,78.8,12.8,5
201611091,3,2015,2,화법과작문Ⅰ,국어,8,rank,51,77.60000000000001,15.0,8
201611091,3,2015,1,적분과통계,수학,5,rank,63,58.6,19.1,5
201611091,3,2015,1,수학연습Ⅱ,수학,6,rank,67,67.9,19.5,6
201611091,3,2015,2,수학연습Ⅱ,수학,7,rank,38,58.300000000000004,20.8,7
201611091,3,2015,1,심화영어독해Ⅰ,영어,6,rank,44,59.300000000000004,18.5,6
201611091,3,2015,2,심화영어회화Ⅰ,영어,8,rank,29,54.5,17.3,8
201611091,3,2015,1,세계지리,사회,8,rank,60,74.0,10.5,8
201611091,3,2015,2,세계지리,사회,7,rank,32,49.2,17.3,7
201611091,3,2015,1,고급물리,과학,4,rank,71,63.4,10.5,4
201611091,3,2015,2,고급물리,과학,4,rank,72,59.1,15.1,4
201611091,3,2015,1,물리Ⅱ,과학,4,rank,74,66.10000000000001,14.0,4
201611091,3,2015,2,물리Ⅱ,과학,5,rank,61,60.2,12.5,5
201611091,3,2015,1,지구과학Ⅱ,과학,7,rank,32,53.9,18.3,7
201611091,3,2015,2,지구과학Ⅱ,과학,7,rank,26,40.300000000000004,14.5,7
201910671,1,2016,1,국어Ⅰ,국어,2,rank,92,70.8,20.2,2
201910671,1,2016,2,국어Ⅱ,국어,2,rank,94,72.5,20.0,2
201910671,1,2016,1,수학Ⅰ,수학,5,rank,71,68.10000000000001,15.9,5
201910671,1,2016,2,수학Ⅱ,수학,4,rank,74,67.5,14.700000000000001,4
201910671,1,2016,1,실용영어Ⅰ,영어,3,rank,81,60.4,21.7,3
201910671,1,2016,2,실용영어회화,영어,3,rank,81,56.6,22.7,3
201910671,1,2016,1,사회,사회,2,rank,91,72.5,18.6,2
201910671,1,2016,2,사회,사회,3,rank,91,77.7,12.0,3
201910671,1,2016,1,한국사,사회,5,rank,73,67.5,19.8,5
201910671,1,2016,2,한국사,사회,4,rank,80,65.4,18.900000000000002,4
201910671,1,2016,1,과학,과학,4,rank,70,58.6,19.7,4
201910671,1,2016,2,과학,과학,4,rank,74,61.5,19.400000000000002,4
201910671,2,2017,1,문학,국어,3,rank,89,75.7,16.1,3
201910671,2,2017,2,화법과작문,국어,4,rank,81,72.0,18.0,4
201910671,2,2017,1,미적분Ⅰ,수학,3,rank,74,54.0,21.400000000000002,3
201910671,2,2017,2,미적분Ⅰ,수학,4,rank,65,50.800000000000004,20.2,4
201910671,2,2017,1,영어Ⅰ,영어,5,rank,73,63.300000000000004,24.3,5
201910671,2,2017,2,실용영어Ⅱ,영어,4,rank,79,62.800000000000004,24.2,4
201910671,2,2017,1,경제,사회,1,rank,92,59.7,17.7,1
201910671,2,2017,2,경제,사회,2,rank,78,52.300000000000004,19.0,2
201910671,2,2017,1,한국지리,사회,2,rank,97,71.60000000000001,19.8,2
201910671,2,2017,2,한국지리,사회,2,rank,94,71.5,18.0,2
201910671,2,2017,1,생활과윤리,사회,2,rank,97,80.4,11.5,2
201910671,2,2017,2,생활과윤리,사회,2,rank,92,77.60000000000001,10.8,2
201910671,2,2017,1,화학Ⅰ,과학,1,rank,99,70.60000000000001,15.5,1
201910671,2,2017,2,화학Ⅰ,과학,3,rank,80,63.9,12.4,3
201910671,2,2017,1,생명과학Ⅰ,과학,2,rank,97,75.8,16.2,2
201910671,2,2017,2,생명과학Ⅰ,과학,2,rank,86,63.7,16.2,2
201910671,3,2018,1,독서와문법,국어,4,rank,76,55.7,22.8,4
201910671,3,2018,2,고전,국어,4,rank,53,41.1,23.6,4
201910671,3,2018,1,확률과통계,수학,4,rank,48,45.9,18.5,4
201910671,3,2018,2,확률과통계,수학,4,rank,31,31.1,17.8,4
201910671,3,2018,1,영어Ⅱ,영어,4,rank,59,48.0,20.6,4
201910671,3,2018,2,영어회화,영어,3,rank,59,39.4,21.400000000000002,3
201910671,3,2018,1,사회·문화,사회,4,rank,76,62.2,24.2,4
201910671,3,2018,2,사회·문화,사회,3,rank,72,45.5,25.400000000000002,3
201910671,3,2018,1,세계지리,사회,4,rank,79,62.9,19.400000000000002,4
201910671,3,2018,2,세계지리,사회,4,rank,44,39.800000000000004,24.0,4
201910671,3,2018,1,윤리와사상,사회,4,rank,75,65.3,16.5,4
201910671,3,2018,2,윤리와사상,사회,3,rank,67,45.300000000000004,22.0,3
201910671,3,2018,1,한국사,사회,4,rank,48,40.6,20.8,4
201910671,3,2018,2,한국사,사회,5,rank,28,30.3,15.1,5
201910689,1,2014,1,국어Ⅰ,국어,5,rank,70,70.10000000000001,16.8,5
201910689,1,2014,2,국어Ⅱ,국어,6,rank,61,69.9,18.2,6
201910689,1,2014,1,수학Ⅰ,수학,6,rank,58,65.9,21.400000000000002,6
201910689,1,2014,2,수학Ⅱ,수학,6,rank,59,69.3,18.7,6
201910689,1,2014,1,실용영어Ⅰ,영어,6,rank,51,62.9,22.5,6
201910689,1,2014,2,실용영어Ⅱ,영어,5,rank,79,74.4,20.5,5
201910689,1,2014,1,사회,사회,4,rank,81,72.8,15.5,4
201910689,1,2014,2,사회,사회,6,rank,62,69.5,19.6,6
201910689,1,2014,1,한국사,사회,5,rank,55,59.9,21.8,5
201910689,1,2014,2,한국사,사회,5,rank,73,69.0,22.5,5
201910689,1,2014,1,과학,과학,6,rank,47,63.2,19.400000000000002,6
201910689,1,2014,2,과학,과학,6,rank,58,69.5,18.7,6
201910689,2,2015,1,고전,국어,4,rank,88,73.9,16.8,4
201910689,2,2015,2,고전,국어,5,rank,69,70.0,21.400000000000002,5
201910689,2,2015,1,문학,국어,6,rank,58,73.2,19.1,6
201910689,2,2015,2,문학,국어,5,rank,73,68.9,20.1,5
201910689,2,2015,1,미적분Ⅰ,수학,4,rank,79,63.6,21.2,4
201910689,2,2015,2,미적분Ⅰ,수학,4,rank,81,64.0,23.5,4
201910689,2,2015,1,영어Ⅰ,영어,4,rank,70,64.2,19.0,4
201910689,2,2015,2,영어Ⅱ,영어,5,rank,61,56.7,17.900000000000002,5
201910689,2,2015,1,윤리와사상,사회,5,rank,55,58.4,24.8,5
201910689,2,2015,2,윤리와사상,사회,4,rank,83,58.9,28.1,4
201910689,2,2015,1,한국지리,사회,5,rank,59,65.60000000000001,21.2,5
201910689,2,2015,2,한국지리,사회,5,rank,61,63.1,24.400000000000002,5
201910689,2,2015,1,법과정치,사회,5,rank,66,64.8,19.7,5
201910689,2,2015,2,법과정치,사회,4,rank,78,67.8,19.5,4
201910689,3,2016,1,독서와문법,국어,5,rank,72,69.8,16.6,5
201910689,3,2016,2,화법과작문,국어,4,rank,47,43.0,22.1,4
201910689,3,2016,1,확률과통계,수학,4,rank,71,57.800000000000004,23.900000000000002,4
201910689,3,2016,2,확률과통계,수학,4,rank,50,40.300000000000004,19.1,4
201910689,3,2016,1,영어회화,영어,5,rank,53,54.9,18.8,5
201910689,3,2016,2,영어회화,영어,5,rank,26,35.800000000000004,22.5,5
201910689,3,2016,1,영어독해와작문,영어,5,rank,46,54.7,17.8,5
201910689,3,2016,2,영어독해와작문,영어,4,rank,44,47.4,17.3,4
201910689,3,2016,1,사회·문화,사회,5,rank,56,55.6,25.8,5
201910689,3,2016,2,사회·문화,사회,5,rank,24,35.0,26.1,5
201910689,3,2016,1,동아시아사,사회,6,rank,47,57.800000000000004,22.7,6
201910689,3,2016,2,동아시아사,사회,5,rank,25,31.8,19.2,5
201910689,3,2016,1,생활과윤리,사회,4,rank,76,65.8,21.6,4
201910689,3,2016,2,생활과윤리,사회,5,rank,48,56.300000000000004,27.0,5
201910689,3,2016,1,지구과학Ⅰ,과학,7,rank,50,59.300000000000004,11.0,7
201910689,3,2016,2,지구과학Ⅰ,과학,5,rank,20,26.0,13.5,5
201910689,3,2016,1,생명과학Ⅰ,과학,6,rank,61,66.9,12.5,6
201910689,3,2016,2,생명과학Ⅰ,과학,4,rank,35,29.400000000000002,16.3,4
201910936,1,2014,1,국어Ⅰ,국어,4,rank,83,62.300000000000004,23.400000000000002,4
201910936,1,2014,2,국어Ⅱ,국어,3,rank,86,61.2,24.3,3
201910936,1,2014,1,수학Ⅰ,수학,6,rank,43,52.5,21.6,6
201910936,1,2014,2,수학Ⅱ,수학,4,rank,70,52.1,21.0,4
201910936,1,2014,1,실용영어Ⅰ,영어,3,rank,88,63.9,22.1,3
201910936,1,2014,2,실용영어독해와작문,영어,4,rank,77,61.300000000000004,21.900000000000002,4
201910936,1,2014,1,사회,사회,4,rank,73,59.6,21.1,4
201910936,1,2014,2,사회,사회,4,rank,83,62.800000000000004,21.400000000000002,4
201910936,1,2014,1,생활과윤리,사회,4,rank,74,66.3,19.1,4
201910936,1,2014,2,생활과윤리,사회,3,rank,89,65.60000000000001,22.2,3
201910936,1,2014,1,과학,과학,4,rank,68,54.2,22.900000000000002,4
201910936,1,2014,2,과학,과학,4,rank,85,58.5,27.2,4
201910936,1,2014,1,지구과학Ⅰ,과학,4,rank,53,52.0,22.1,4
201910936,1,2014,2,지구과학Ⅰ,과학,4,rank,73,55.9,25.5,4
201910936,2,2015,1,문학,국어,5,rank,76,69.5,16.900000000000002,5
201910936,2,2015,2,문학,국어,3,rank,81,62.4,18.7,3
201910936,2,2015,1,확률과통계,수학,5,rank,56,55.800000000000004,22.7,5
201910936,2,2015,2,확률과통계,수학,6,rank,38,53.800000000000004,25.6,6
201910936,2,2015,1,미적분Ⅰ,수학,5,rank,48,48.4,17.1,5
201910936,2,2015,2,미적분Ⅱ,수학,6,rank,37,49.9,22.3,6
201910936,2,2015,1,영어Ⅰ,영어,3,rank,91,66.3,21.2,3
201910936,2,2015,2,실용영어Ⅱ,영어,3,rank,94,68.0,22.5,3
201910936,2,2015,1,한국사,사회,4,rank,75,56.1,27.5,4
201910936,2,2015,2,한국사,사회,4,rank,80,51.4,29.6,4
201910936,2,2015,1,물리Ⅰ,과학,5,rank,56,58.2,18.2,5
201910936,2,2015,2,물리Ⅰ,과학,5,rank,54,56.4,18.8,5
201910936,2,2015,1,화학Ⅰ,과학,5,rank,63,62.800000000000004,20.3,5
201910936,2,2015,2,화학Ⅰ,과학,5,rank,49,57.1,19.6,5
201910936,2,2015,1,생명과학Ⅰ,과학,5,rank,57,58.7,15.5,5
201910936,2,2015,2,생명과학Ⅰ,과학,5,rank,60,61.0,20.0,5
201910936,3,2016,1,독서와문법,국어,3,rank,90,70.0,19.2,3
201910936,3,2016,2,독서와문법,국어,3,rank,83,46.5,25.0,3
201910936,3,2016,1,화법과작문,국어,3,rank,86,73.5,15.1,3
201910936,3,2016,2,화법과작문,국어,3,rank,73,43.800000000000004,23.400000000000002,3
201910936,3,2016,1,기하와벡터,수학,6,rank,45,57.6,22.1,6
201910936,3,2016,2,기하와벡터,수학,7,rank,13,39.800000000000004,23.7,7
201910936,3,2016,1,미적분Ⅰ,수학,5,rank,51,55.300000000000004,19.6,5
201910936,3,2016,2,미적분Ⅱ,수학,6,rank,24,47.5,24.900000000000002,6
201910936,3,2016,1,영어Ⅱ,영어,3,rank,89,62.6,22.400000000000002,3
201910936,3,2016,2,영어Ⅱ,영어,1,rank,88,39.7,23.7,1
201910936,3,2016,1,영어독해와작문,영어,3,rank,86,60.5,22.7,3
201910936,3,2016,2,영어독해와작문,영어,1,rank,91,40.5,25.1,1
201910936,3,2016,1,한국사,사회,4,rank,65,54.800000000000004,22.7,4
201910936,3,2016,2,한국사,사회,4,rank,50,36.7,21.3,4
201910936,3,2016,1,물리Ⅱ,과학,6,rank,46,62.2,20.2,6
201910936,3,2016,2,물리Ⅱ,과학,9,rank,14,34.300000000000004,22.400000000000002,9
201910936,3,2016,1,화학Ⅱ,과학,4,rank,52,44.9,25.8,4
201910936,3,2016,2,화학Ⅱ,과학,8,rank,12,29.0,23.2,8
202010885,1,2017,1,국어Ⅰ,국어,3,rank,90,75.8,15.700000000000001,3
202010885,1,2017,2,국어Ⅱ,국어,1,rank,96,73.3,18.6,1
202010885,1,2017,1,수학Ⅰ,수학,2,rank,88,58.6,23.1,2
202010885,1,2017,2,수학Ⅱ,수학,2,rank,90,58.2,22.2,2
202010885,1,2017,1,영어Ⅰ,영어,2,rank,97,59.2,27.900000000000002,2
202010885,1,2017,1,실용영어독해와작문,영어,1,rank,96,56.0,24.6,1
202010885,1,2017,1,사회,사회,3,rank,94,74.3,17.900000000000002,3
202010885,1,2017,2,사회,사회,3,rank,91,72.3,18.900000000000002,3
202010885,1,2017,1,윤리와사상,사회,2,rank,97,71.8,17.5,2
202010885,1,2017,2,윤리와사상,사회,2,rank,93,64.9,18.7,2
202010885,1,2017,1,한국사,사회,2,rank,95,65.9,21.3,2
202010885,1,2017,2,한국사,사회,3,rank,85,62.1,21.5,3
202010885,1,2017,1,지구과학Ⅰ,과학,3,rank,87,72.2,17.400000000000002,3
202010885,1,2017,2,지구과학Ⅰ,과학,2,rank,92,64.5,19.2,2
202010885,2,2018,1,문학,국어,4,rank,82,71.4,17.5,4
202010885,2,2018,2,독서와문법,국어,2,rank,88,63.5,19.2,2
202010885,2,2018,1,확률과통계,수학,3,rank,86,63.0,22.1,3
202010885,2,2018,2,확률과통계,수학,2,rank,93,62.4,23.0,2
202010885,2,2018,1,미적분Ⅰ,수학,3,rank,84,65.2,20.3,3
202010885,2,2018,2,미적분Ⅱ,수학,2,rank,87,60.300000000000004,23.0,2
202010885,2,2018,1,영어독해와작문,영어,3,rank,91,64.9,21.8,3
202010885,2,2018,2,영어Ⅱ,영어,3,rank,92,61.6,24.900000000000002,3
202010885,2,2018,1,물리Ⅰ,과학,4,rank,77,56.9,22.400000000000002,4
202010885,2,2018,2,물리Ⅰ,과학,2,rank,84,52.4,20.900000000000002,2
202010885,2,2018,1,화학Ⅰ,과학,3,rank,87,64.9,18.2,3
202010885,2,2018,2,화학Ⅰ,과학,2,rank,88,62.4,18.1,2
202010885,2,2018,1,생명과학Ⅰ,과학,3,rank,85,67.60000000000001,18.8,3
202010885,2,2018,2,생명과학Ⅰ,과학,4,rank,83,68.0,21.8,4
202010885,3,2019,1,고전,국어,5,rank,91,73.3,18.400000000000002,5
202010885,3,2019,2,화법과작문,국어,5,rank,78,56.1,18.2,5
202010885,3,2019,1,기하와벡터,수학,4,rank,100,67.5,22.900000000000002,4
202010885,3,2019,2,기하와벡터,수학,4,rank,83,47.300000000000004,21.6,4
202010885,3,2019,1,수학연습II,수학,3,rank,90,63.300000000000004,22.8,3
202010885,3,2019,2,수학연습II,수학,3,rank,88,54.300000000000004,22.6,3
202010885,3,2019,1,심화영어회화I,영어,5,rank,84,42.7,22.700000000000003,5
202010885,3,2019,1,심화영어독해I,영어,5,rank,96,57.5,26.6,5
202010885,3,2019,1,물리II,과학,4,rank,79,57.0,23.1,4
202010885,3,2019,2,물리II,과학,4,rank,56,39.7,20.200000000000003,4
202010885,3,2019,1,지구과학II,과학,4,rank,67,55.5,25.3,4
202010885,3,2019,2,지구과학II,과학,4,rank,68,55.1,21.900000000000002,4
202110491,1,2017,1,국어I,국어,4,rank,79,66.4,16.6,4
202110491,1,2017,2,국어II,국어,4,rank,68,65.2,16.5,4
202110491,1,2017,1,수학I,수학,5,rank,70,56.2,22.8,5
202110491,1,2017,2,수학II,수학,5,rank,73,53.1,25.3,5
202110491,1,2017,2,영어I,영어,5,rank,70,67.4,23.5,5
202110491,1,2017,1,실용영어독해와작문,영어,5,rank,63,61.400000000000006,22.3,5
202110491,1,2017,1,사회,사회,2,rank,86,67.8,16.7,2
202110491,1,2017,2,사회,사회,2,rank,78,65.2,19.700000000000003,2
202110491,1,2017,1,한국사,사회,3,rank,72,68.60000000000001,19.400000000000002,3
202110491,1,2017,2,한국사,사회,3,rank,77,65.60000000000001,19.8,3
202110491,1,2017,1,과학,과학,3,rank,68,67.0,19.1,3
202110491,1,2017,2,과학,과학,2,rank,75,59.1,23.900000000000002,2
202110491,1,2017,1,생명과학I,과학,2,rank,82,65.2,19.6,2
202110491,1,2017,2,생명과학I,과학,3,rank,69,61.0,22.900000000000002,3
202110491,2,2018,2,고전,국어,6,rank,77,63.800000000000004,24.1,6
202110491,2,2018,1,문학,국어,6,rank,78,62.900000000000006,21.1,6
202110491,2,2018,1,확률과통계,수학,5,rank,85,47.900000000000006,26.1,5
202110491,2,2018,1,미적분I,수학,5,rank,90,49.6,27.400000000000002,5
202110491,2,2018,2,영어II,영어,5,rank,69,62.900000000000006,24.5,5
202110491,2,2018,1,영어독해와작문,영어,5,rank,75,67.9,23.200000000000003,5
202110491,2,2018,1,세계사,사회,3,rank,64,59.400000000000006,24.1,3
202110491,2,2018,2,세계사,사회,3,rank,76,60.400000000000006,26.400000000000002,3
202110491,2,2018,1,윤리와사상,사회,3,rank,68,65.7,22.5,3
202110491,2,2018,2,윤리와사상,사회,3,rank,55,56.300000000000004,23.1,3
202110491,2,2018,1,법과정치,사회,2,rank,64,58.800000000000004,23.6,2
202110491,2,2018,2,법과정치,사회,2,rank,68,61.1,25.0,2
202110491,3,2019,2,독서와문법,국어,6,rank,83,54.900000000000006,24.200000000000003,6
202110491,3,2019,1,화법과작문,국어,6,rank,72,66.2,22.5,6
202110491,3,2019,1,수학연습I,수학,3,rank,81,48.400000000000006,23.700000000000003,3
202110491,3,2019,2,수학연습I,수학,3,rank,79,35.6,21.6,3
202110491,3,2019,2,심화영어,영어,5,rank,62,44.400000000000006,23.0,5
202110491,3,2019,1,심화영어독해I,영어,5,rank,63,60.900000000000006,24.0,5
202110491,3,2019,1,사회·문화,사회,3,rank,68,61.900000000000006,25.5,3
202110491,3,2019,2,사회·문화,사회,3,rank,65,47.7,25.400000000000002,3
202110491,3,2019,1,한국지리,사회,3,rank,52,55.800000000000004,25.400000000000002,3
202110491,3,2019,2,한국지리,사회,3,rank,41,39.5,20.8,3
202110491,3,2019,1,생활과윤리,사회,3,rank,73,68.3,22.0,3
202110491,3,2019,2,생활과윤리,사회,3,rank,67,53.800000000000004,27.1,3
202110491,3,2019,1,지구과학I,과학,1,rank,59,53.6,21.0,1
202110491,3,2019,2,지구과학I,과학,1,rank,76,53.900000000000006,21.0,1
202110903,1,2018,1,한국사,사회,3,rank,91,56.7,23.1,3
202110903,1,2018,2,한국사,사회,3,rank,87,55.5,23.8,3
202110903,1,2018,1,국어,국어,4,rank,85,60.800000000000004,19.8,4
202110903,1,2018,2,국어,국어,4,rank,87,61.0,21.8,4
202110903,1,2018,1,수학,수학,4,rank,86,53.300000000000004,26.200000000000003,4
202110903,1,2018,2,수학,수학,4,rank,95,53.6,28.3,4
202110903,1,2018,1,영어,영어,4,rank,81,54.7,22.5,4
202110903,1,2018,2,영어,영어,4,rank,77,52.5,24.5,4
202110903,1,2018,1,통합사회,사회,3,rank,90,74.10000000000001,17.6,3
202110903,1,2018,2,통합사회,사회,3,rank,87,64.2,22.700000000000003,3
202110903,1,2018,1,통합과학,과학,3,rank,96,60.1,24.0,3
202110903,1,2018,2,통합과학,과학,3,rank,92,56.0,25.0,3
202110903,1,2018,1,과학탐구실험,과학,1,rank,81,57.2,17.7,1
202110903,1,2018,2,과학탐구실험,과학,1,rank,96,72.3,19.1,1
202110903,2,2019,1,언어와매체,국어,4,rank,90,63.0,22.6,4
202110903,2,2019,2,언어와매체,국어,4,rank,77,52.1,25.0,4
202110903,2,2019,1,문학,국어,4,rank,90,63.0,22.6,4
202110903,2,2019,1,수학I,수학,5,rank,90,51.7,26.1,5
202110903,2,2019,2,수학II,수학,5,rank,81,49.2,26.8,5
202110903,2,2019,1,영어I,영어,4,rank,89,64.5,24.8,4
202110903,2,2019,2,영어II,영어,4,rank,90,58.2,24.700000000000003,4
202110903,2,2019,1,물리학I,과학,3,rank,82,54.2,19.400000000000002,3
202110903,2,2019,2,물리학I,과학,3,rank,77,50.6,23.200000000000003,3
202110903,2,2019,1,화학I,과학,3,rank,93,61.1,23.400000000000002,3
202110903,2,2019,2,화학I,과학,3,rank,83,58.5,21.900000000000002,3
202110903,2,2019,1,생명과학I,과학,3,rank,93,62.6,20.5,3
202110903,2,2019,2,생명과학I,과학,3,rank,89,56.400000000000006,24.0,3
202110903,2,2019,1,지구과학I,과학,3,rank,89,60.800000000000004,23.0,3
202110903,2,2019,2,지구과학I,과학,3,rank,87,52.6,25.3,3
202110903,3,2020,1,화법과작문,국어,4,rank,87,60.2,24.200000000000003,4
202110903,3,2020,2,독서,국어,4,rank,17,34.9,21.1,4
202110903,3,2020,1,미적분,수학,3,rank,71,56.300000000000004,25.8,3
202110903,3,2020,2,미적분,수학,3,rank,35,47.5,27.1,3
202110903,3,2020,1,확률과통계,수학,4,rank,89,51.800000000000004,28.8,4
202110903,3,2020,2,기하,수학,4,rank,29,33.0,21.5,4
202110903,3,2020,1,영어독해와작문,영어,4,rank,70,47.0,20.700000000000003,4
202110903,3,2020,2,영미문학읽기,영어,4,rank,42,34.6,17.8,4
202110903,3,2020,1,사회문제탐구,사회,2,rank,75,44.800000000000004,23.400000000000002,2
202110903,3,2020,2,사회문제탐구,사회,2,rank,37,33.4,21.3,2
202110903,3,2020,1,물리학II,과학,3,rank,88,58.7,27.8,3
202110903,3,2020,2,물리학II,과학,3,rank,35,47.5,21.900000000000002,3
202110903,3,2020,1,지구과학II,과학,3,rank,94,57.5,27.400000000000002,3
202110903,3,2020,2,지구과학II,과학,3,rank,29,32.5,16.900000000000002,3
202110937,1,2018,1,한국사,사회,3,rank,92,67.0,19.1,3
202110937,1,2018,2,한국사,사회,3,rank,98,63.2,21.6,3
202110937,1,2018,1,국어,국어,4,rank,79,70.60000000000001,14.9,4
202110937,1,2018,2,국어,국어,4,rank,91,71.2,18.2,4
202110937,1,2018,1,수학,수학,4,rank,93,67.10000000000001,20.200000000000003,4
202110937,1,2018,2,수학,수학,4,rank,92,65.60000000000001,21.400000000000002,4
202110937,1,2018,1,영어,영어,4,rank,81,58.400000000000006,20.900000000000002,4
202110937,1,2018,2,영어,영어,4,rank,85,59.800000000000004,22.700000000000003,4
202110937,1,2018,1,통합사회,사회,3,rank,93,74.5,16.0,3
202110937,1,2018,2,통합사회,사회,3,rank,95,73.7,15.9,3
202110937,1,2018,1,통합과학,과학,3,rank,93,68.9,20.0,3
202110937,1,2018,2,통합과학,과학,3,rank,95,71.60000000000001,19.3,3
202110937,1,2018,1,과학탐구실험,과학,1,rank,89,77.10000000000001,11.0,1
202110937,1,2018,2,과학탐구실험,과학,1,rank,93,79.30000000000001,12.100000000000001,1
202110937,2,2019,1,언어와매체,국어,5,rank,88,68.5,19.700000000000003,5
202110937,2,2019,2,언어와매체,국어,5,rank,84,65.10000000000001,17.5,5
202110937,2,2019,1,문학,국어,5,rank,88,68.5,19.700000000000003,5
202110937,2,2019,1,수학I,수학,4,rank,85,54.5,26.1,4
202110937,2,2019,2,수학II,수학,4,rank,91,59.0,26.1,4
202110937,2,2019,1,실용수학,수학,2,rank,92,66.5,17.7,2
202110937,2,2019,2,실용수학,수학,2,rank,88,65.7,16.6,2
202110937,2,2019,1,영어I,영어,4,rank,82,59.900000000000006,22.400000000000002,4
202110937,2,2019,2,영어II,영어,4,rank,62,52.1,21.3,4
202110937,2,2019,1,사회문제탐구,사회,2,rank,84,57.0,22.8,2
202110937,2,2019,2,사회문제탐구,사회,2,rank,84,57.0,22.8,2
202110937,2,2019,1,물리학I,과학,2,rank,89,66.2,21.200000000000003,2
202110937,2,2019,2,물리학I,과학,2,rank,74,60.900000000000006,23.0,2
202110937,2,2019,1,화학I,과학,2,rank,83,68.4,18.2,2
202110937,2,2019,2,화학I,과학,2,rank,77,72.2,20.1,2
202110937,2,2019,1,지구과학I,과학,2,rank,83,64.60000000000001,17.6,2
202110937,2,2019,2,지구과학I,과학,2,rank,85,66.0,19.700000000000003,2
202110937,2,2019,1,생활과과학,과학,2,rank,87,68.3,13.700000000000001,2
202110937,3,2020,1,화법과작문,국어,4,rank,82,56.6,19.5,4
202110937,3,2020,2,화법과작문,국어,4,rank,80,39.400000000000006,20.700000000000003,4
202110937,3,2020,1,독서,국어,4,rank,82,56.6,19.5,4
202110937,3,2020,1,미적분,수학,3,rank,69,44.1,18.7,3
202110937,3,2020,2,미적분,수학,3,rank,64,33.1,19.1,3
202110937,3,2020,1,확률과통계,수학,4,rank,79,52.6,24.200000000000003,4
202110937,3,2020,2,확률과통계,수학,3,rank,72,37.9,21.6,3
202110937,3,2020,1,영어독해와작문,영어,4,rank,59,50.7,23.900000000000002,4
202110937,3,2020,2,심화영어독해I,영어,5,rank,21,32.800000000000004,13.600000000000001,5
202110937,3,2020,2,현대세계의변화,사회,3,rank,82,44.300000000000004,20.1,3
202110937,3,2020,1,물리학II,과학,4,rank,60,49.300000000000004,21.8,4
202110937,3,2020,2,물리학II,과학,4,rank,59,48.300000000000004,26.700000000000003,4
202110937,3,2020,1,지구과학II,과학,4,rank,80,56.6,20.200000000000003,4
202110937,3,2020,2,지구과학II,과학,4,rank,60,41.5,20.3,4
202110937,3,2020,1,생태와환경,과학,3,rank,80,62.900000000000006,17.5,3
202110970,1,2018,1,한국사,사회,3,rank,83,76.80000000000001,13.4,3
202110970,1,2018,2,한국사,사회,3,rank,88,78.60000000000001,14.4,3
202110970,1,2018,1,국어,국어,4,rank,69,69.9,8.200000000000001,4
202110970,1,2018,2,국어,국어,4,rank,74,75.5,8.1,4
202110970,1,2018,1,수학,수학,4,rank,89,73.3,10.600000000000001,4
202110970,1,2018,2,수학,수학,4,rank,87,76.10000000000001,11.700000000000001,4
202110970,1,2018,1,영어,영어,4,rank,71,73.9,14.200000000000001,4
202110970,1,2018,2,영어,영어,4,rank,77,77.30000000000001,13.5,4
202110970,1,2018,1,통합사회,사회,3,rank,75,78.2,10.4,3
202110970,1,2018,2,통합사회,사회,3,rank,84,79.9,11.3,3
202110970,1,2018,1,통합과학,과학,4,rank,92,82.30000000000001,9.200000000000001,4
202110970,1,2018,2,통합과학,과학,4,rank,87,81.4,9.4,4
202110970,1,2018,1,과학탐구실험,과학,1,rank,84,85.9,6.1000000000000005,1
202110970,1,2018,2,과학탐구실험,과학,1,rank,84,86.0,6.800000000000001,1
202110970,2,2019,2,언어와매체,국어,4,rank,85,78.10000000000001,10.4,4
202110970,2,2019,1,문학,국어,5,rank,80,77.9,8.6,5
202110970,2,2019,1,수학I,수학,3,rank,84,72.8,12.3,3
202110970,2,2019,1,영어I,영어,4,rank,86,77.9,14.3,4
202110970,2,2019,1,경제,사회,4,rank,74,70.9,13.200000000000001,4
202110970,2,2019,1,물리학I,과학,2,rank,80,58.0,14.3,2
202110970,2,2019,1,생명과학I,과학,3,rank,85,70.5,13.0,3
202110970,2,2019,2,수학II,수학,1,rank,96,75.7,14.3,1
202110970,2,2019,2,기하,수학,3,rank,84,69.5,17.400000000000002,3
202110970,2,2019,2,영어II,영어,4,rank,84,75.60000000000001,15.700000000000001,4
202110970,2,2019,2,사회문제탐구,사회,6,rank,69,74.9,11.8,6
202110970,2,2019,2,지구과학I,과학,3,rank,90,74.7,16.5,3
202110970,3,2020,2,화법과작문,국어,6,rank,55,59.0,16.7,6
202110970,3,2020,1,독서,국어,6,rank,64,67.8,12.0,6
202110970,3,2020,1,미적분,수학,4,rank,63,53.800000000000004,18.1,4
202110970,3,2020,2,미적분,수학,5,rank,60,55.900000000000006,21.400000000000002,5
202110970,3,2020,1,확률과통계,수학,3,rank,84,64.2,20.6,3
202110970,3,2020,1,심화수학I,수학,4,rank,76,63.0,17.2,4
202110970,3,2020,2,심화수학I,수학,1,rank,87,59.6,19.5,1
202110970,3,2020,1,영어독해와작문,영어,4,rank,75,63.6,17.2,4
202110970,3,2020,2,영어권문화,영어,4,rank,56,51.300000000000004,19.3,4
202110970,3,2020,1,세계지리,사회,4,rank,60,55.900000000000006,19.900000000000002,4
202110970,3,2020,2,세계지리,사회,5,rank,49,47.2,21.1,5
202110970,3,2020,1,물리학II,과학,1,rank,86,56.300000000000004,20.0,1
202110970,3,2020,2,물리학II,과학,2,rank,72,48.6,16.900000000000002,2
202110970,3,2020,1,지구과학II,과학,1,rank,84,57.800000000000004,19.8,1
202110970,3,2020,2,지구과학II,과학,2,rank,61,44.400000000000006,14.700000000000001,2
202110975,1,2018,1,한국사,사회,3,rank,94,70.5,20.900000000000002,3
202110975,1,2018,1,국어,국어,5,rank,80,74.7,17.1,5
202110975,1,2018,1,수학,수학,1,rank,96,64.3,23.3,1
202110975,1,2018,1,영어,영어,3,rank,85,62.0,23.1,3
202110975,1,2018,1,통합사회,사회,4,rank,79,68.9,20.3,4
202110975,1,2018,1,통합과학,과학,4,rank,86,69.60000000000001,20.200000000000003,4
202110975,1,2018,1,과학탐구실험,과학,3,rank,84,71.5,14.5,3
202110975,1,2018,2,한국사,사회,3,rank,92,71.4,21.5,3
202110975,1,2018,2,국어,국어,3,rank,87,70.7,19.400000000000002,3
202110975,1,2018,2,수학,수학,1,rank,92,60.800000000000004,20.8,1
202110975,1,2018,2,영어,영어,3,rank,86,57.5,24.8,3
202110975,1,2018,2,통합사회,사회,4,rank,85,68.60000000000001,22.1,4
202110975,1,2018,2,통합과학,과학,3,rank,95,69.3,21.3,3
202110975,1,2018,2,과학탐구실험,과학,3,rank,94,75.2,18.900000000000002,3
202110975,2,2019,1,독서,국어,2,rank,87,69.3,17.1,2
202110975,2,2019,2,독서,국어,2,rank,91,69.4,19.200000000000003,2
202110975,2,2019,1,문학,국어,2,rank,87,69.3,17.1,2
202110975,2,2019,1,수학Ⅰ,수학,1,rank,92,64.3,21.6,1
202110975,2,2019,2,수학Ⅱ,수학,1,rank,95,60.900000000000006,25.400000000000002,1
202110975,2,2019,1,영어Ⅰ,영어,4,rank,83,61.2,25.0,4
202110975,2,2019,2,영어Ⅱ,영어,4,rank,82,60.0,26.200000000000003,4
202110975,2,2019,1,물리학Ⅰ,과학,4,rank,80,65.7,19.400000000000002,4
202110975,2,2019,2,물리학Ⅰ,과학,4,rank,86,68.2,22.0,4
202110975,2,2019,1,화학Ⅰ,과학,4,rank,79,64.3,17.7,4
202110975,2,2019,2,화학Ⅰ,과학,5,rank,75,62.300000000000004,23.8,5
202110975,2,2019,1,지구과학Ⅰ,과학,4,rank,90,76.0,17.8,4
202110975,2,2019,2,지구과학Ⅰ,과학,3,rank,92,69.8,22.1,3
202110975,3,2020,1,화법과 작문,국어,4,rank,46,44.1,22.0,4
202110975,3,2020,1,언어와 매체,국어,4,rank,71,56.400000000000006,21.900000000000002,4
202110975,3,2020,1,미적분,수학,2,rank,87,61.800000000000004,21.700000000000003,2
202110975,3,2020,2,미적분,수학,5,rank,40,46.400000000000006,21.3,5
202110975,3,2020,1,확률과 통계,수학,2,rank,91,50.900000000000006,26.8,2
202110975,3,2020,2,확률과 통계,수학,4,rank,46,38.2,25.200000000000003,4
202110975,3,2020,1,기하,수학,3,rank,82,51.5,20.5,3
202110975,3,2020,2,기하,수학,5,rank,38,43.900000000000006,18.7,5
202110975,3,2020,1,영어 독해와 작문,영어,3,rank,81,50.300000000000004,26.8,3
202110975,3,2020,2,실용 영어,영어,4,rank,37,33.800000000000004,16.900000000000002,4
202110975,3,2020,1,사회문제 탐구,사회,5,rank,57,56.2,25.0,5
202110975,3,2020,2,사회문제 탐구,사회,5,rank,32,40.300000000000004,25.200000000000003,5
202110975,3,2020,1,물리학Ⅱ,과학,4,rank,64,49.400000000000006,22.900000000000002,4
202110975,3,2020,2,물리학Ⅱ,과학,5,rank,40,47.300000000000004,24.0,5
202110975,3,2020,1,지구과학Ⅱ,과학,3,rank,84,50.800000000000004,23.900000000000002,3
202110975,3,2020,2,지구과학Ⅱ,과학,4,rank,57,47.300000000000004,17.400000000000002,4
202111325,1,2017,1,국어1,국어,6,rank,62,67.60000000000001,20.0,6
202111325,1,2017,1,국어Ⅱ,국어,5,rank,33,37.800000000000004,25.1,5
202111325,1,2017,2,국어Ⅱ,국어,6,rank,51,62.2,22.3,6
202111325,1,2017,1,수학Ⅰ,수학,5,rank,33,37.800000000000004,25.1,5
202111325,1,2017,2,수학Ⅱ,수학,5,rank,29,36.300000000000004,22.5,5
202111325,1,2017,1,실용영어Ⅰ,영어,2,rank,91,51.900000000000006,24.8,2
202111325,1,2017,2,실용영어독해와작문,영어,3,rank,78,48.0,25.0,3
202111325,1,2017,1,경제,사회,6,rank,36,52.300000000000004,21.5,6
202111325,1,2017,2,세계지리,사회,5,rank,65,62.7,20.5,5
202111325,1,2017,1,한국사,사회,5,rank,57,52.1,21.3,5
202111325,1,2017,2,한국사,사회,4,rank,73,50.1,24.900000000000002,4
202111325,1,2017,1,과학,과학,5,rank,65,62.800000000000004,20.0,5
202111325,1,2017,2,과학,과학,5,rank,62,55.400000000000006,22.6,5
202111325,2,2018,2,고전,국어,4,rank,85,73.3,18.3,4
202111325,2,2018,1,문학,국어,3,rank,87,74.5,15.3,3
202111325,2,2018,1,확률과 통계,수학,6,rank,26,39.6,18.7,6
202111325,2,2018,2,확률과 통계,수학,8,rank,14,41.6,23.8,8
202111325,2,2018,1,미적분Ⅰ,수학,5,rank,38,37.7,18.5,5
202111325,2,2018,2,미적분Ⅱ,수학,5,rank,22,30.200000000000003,18.8,5
202111325,2,2018,1,영어Ⅰ,영어,4,rank,80,62.2,20.6,4
202111325,2,2018,2,실용영어Ⅱ,영어,3,rank,85,60.2,24.8,3
202111325,2,2018,1,한국사,사회,5,rank,60,54.400000000000006,22.5,5
202111325,2,2018,2,한국사,사회,4,rank,71,54.6,21.1,4
202111325,2,2018,1,물리Ⅰ,과학,5,rank,62,62.400000000000006,16.0,5
202111325,2,2018,2,물리Ⅰ,과학,4,rank,74,64.2,16.400000000000002,4
202111325,2,2018,1,지구과학Ⅰ,과학,4,rank,80,69.7,14.600000000000001,4
202111325,2,2018,2,지구과학Ⅰ,과학,5,rank,72,68.2,16.2,5
202111325,2,2018,1,생명과학Ⅰ,과학,5,rank,70,68.2,11.4,5
202111325,2,2018,2,생명과학Ⅰ,과학,6,rank,63,69.60000000000001,14.200000000000001,6
202111325,3,2019,1,독서와 문법,국어,4,rank,76,66.10000000000001,23.0,4
202111325,3,2019,2,독서와 문법,국어,4,rank,51,40.5,22.1,4
202111325,3,2019,1,화법과 작문,국어,5,rank,65,65.60000000000001,21.900000000000002,5
202111325,3,2019,2,화법과 작문,국어,4,rank,58,42.7,23.6,4
202111325,3,2019,1,기하와 벡터,수학,6,rank,24,34.6,17.6,6
202111325,3,2019,2,기하와 벡터,수학,5,rank,25,32.2,20.200000000000003,5
202111325,3,2019,1,미적분Ⅱ,수학,5,rank,40,44.6,21.400000000000002,5
202111325,3,2019,2,미적분Ⅱ,수학,6,rank,24,36.7,19.700000000000003,6
202111325,3,2019,2,영어Ⅱ,영어,4,rank,38,34.4,20.1,4
202111325,3,2019,1,영어독해와작문,영어,6,rank,50,62.5,24.700000000000003,6
202111325,3,2019,1,한국사,사회,4,rank,62,55.6,18.400000000000002,4
202111325,3,2019,2,한국사,사회,4,rank,42,33.7,16.8,4
202111325,3,2019,1,물리Ⅱ,과학,5,rank,62,65.3,12.700000000000001,5
202111325,3,2019,2,물리Ⅱ,과학,3,rank,38,33.4,16.3,3
202111325,3,2019,1,지구과학Ⅱ,과학,6,rank,54,67.0,14.5,6
202111325,3,2019,2,지구과학Ⅱ,과학,6,rank,20,29.0,18.7,6
202210133,1,2017,1,국어Ⅰ,국어,3,rank,82,71.3,12.0,3
202210133,1,2017,2,국어Ⅱ,국어,4,rank,80,70.0,15.8,4
202210133,1,2017,1,수학Ⅰ,수학,3,rank,70,56.0,16.3,3
202210133,1,2017,2,수학Ⅱ,수학,2,rank,89,62.7,19.700000000000003,2
202210133,1,2017,1,실용영어Ⅰ,영어,4,rank,81,65.9,19.200000000000003,4
202210133,1,2017,2,실용영어독해와작문,영어,5,rank,68,64.0,20.0,5
202210133,1,2017,1,사회,사회,5,rank,79,74.0,14.4,5
202210133,1,2017,2,사회,사회,6,rank,65,69.3,17.3,6
202210133,1,2017,1,과학,과학,5,rank,71,63.900000000000006,18.1,5
202210133,1,2017,2,과학,과학,5,rank,69,68.4,16.400000000000002,5
202210133,2,2018,1,고전,국어,6,rank,58,59.900000000000006,17.400000000000002,6
202210133,2,2018,2,고전,국어,5,rank,60,59.800000000000004,19.3,5
202210133,2,2018,1,문학,국어,6,rank,58,59.900000000000006,17.400000000000002,6
202210133,2,2018,1,확률과 통계,수학,5,rank,53,47.900000000000006,20.8,5
202210133,2,2018,2,확률과 통계,수학,6,rank,30,46.300000000000004,25.3,6
202210133,2,2018,1,미적분Ⅰ,수학,5,rank,53,47.900000000000006,20.8,5
202210133,2,2018,2,미적분Ⅱ,수학,6,rank,39,50.5,20.200000000000003,6
202210133,2,2018,1,영어Ⅰ,영어,5,rank,54,54.6,21.6,5
202210133,2,2018,2,실용영어Ⅱ,영어,6,rank,31,50.2,22.3,6
202210133,2,2018,1,한국사,사회,6,rank,55,69.5,19.1,6
202210133,2,2018,2,한국사,사회,6,rank,57,68.8,21.8,6
202210133,2,2018,1,물리Ⅰ,과학,6,rank,62,66.8,13.0,6
202210133,2,2018,2,물리Ⅰ,과학,6,rank,62,67.4,15.4,6
202210133,2,2018,1,화학Ⅰ,과학,5,rank,72,65.5,17.8,5
202210133,2,2018,2,화학Ⅰ,과학,5,rank,62,63.1,19.6,5
202210133,2,2018,1,생명과학Ⅰ,과학,7,rank,51,66.7,15.200000000000001,7
202210133,2,2018,2,생명과학Ⅰ,과학,9,rank,33,63.0,18.6,9
202210133,3,2019,1,독서와 문법,국어,5,rank,65,66.10000000000001,18.0,5
202210133,3,2019,2,독서와 문법,국어,9,rank,13,44.0,19.8,9
202210133,3,2019,1,화법과 작문,국어,5,rank,65,66.10000000000001,18.0,5
202210133,3,2019,2,화법과 작문,국어,9,rank,13,44.0,19.8,9
202210133,3,2019,1,확률과 통계,수학,5,rank,65,63.2,19.900000000000002,5
202210133,3,2019,2,확률과 통계,수학,8,rank,16,47.5,23.400000000000002,8
202210133,3,2019,1,기하와 벡터,수학,5,rank,69,72.10000000000001,17.8,5
202210133,3,2019,2,기하와 벡터,수학,5,rank,39,49.900000000000006,25.1,5
202210133,3,2019,1,영어Ⅱ,영어,7,rank,13,35.1,20.5,7
202210133,3,2019,1,영어독해와작문,영어,5,rank,66,68.9,17.8,5
202210133,3,2019,1,윤리와사상,사회,4,rank,78,63.7,22.200000000000003,4
202210133,3,2019,2,윤리와사상,사회,9,rank,14,46.300000000000004,22.8,9
202210133,3,2019,1,한국사,사회,6,rank,64,69.7,17.1,6
202210133,3,2019,2,한국사,사회,9,rank,5,35.0,17.8,9
202210133,3,2019,1,지구과학Ⅱ,과학,7,rank,33,56.7,26.200000000000003,7
202210133,3,2019,2,지구과학Ⅱ,과학,8,rank,18,49.2,24.0,8
202210133,3,2019,1,화학Ⅱ,과학,6,rank,39,54.400000000000006,26.900000000000002,6
202210133,3,2019,2,화학Ⅱ,과학,8,rank,13,41.800000000000004,22.200000000000003,8
202210133,3,2019,1,생명과학Ⅱ,과학,6,rank,38,54.7,24.200000000000003,6
202210133,3,2019,2,생명과학Ⅱ,과학,6,rank,32,42.2,19.3,6
202210903,1,2018,1,한국사,사회,4,rank,75,66.9,16.3,4
202210903,1,2018,2,한국사,사회,4,rank,77,67.5,18.2,4
202210903,1,2018,1,국어,국어,6,rank,81,83.60000000000001,6.6000000000000005,6
202210903,1,2018,2,국어,국어,4,rank,90,85.10000000000001,7.9,4
202210903,1,2018,1,수학,수학,2,rank,88,69.60000000000001,14.3,2
202210903,1,2018,2,수학,수학,2,rank,94,74.3,16.3,2
202210903,1,2018,1,영어,영어,4,rank,83,71.10000000000001,16.0,4
202210903,1,2018,2,영어,영어,4,rank,84,70.2,17.0,4
202210903,1,2018,1,통합사회,사회,4,rank,78,74.4,7.9,4
202210903,1,2018,2,통합사회,사회,5,rank,76,75.3,13.0,5
202210903,1,2018,1,통합과학,과학,3,rank,90,79.30000000000001,10.600000000000001,3
202210903,1,2018,2,통합과학,과학,5,rank,80,80.5,13.0,5
202210903,1,2018,1,과학탐구실험,과학,5,rank,90,87.60000000000001,8.3,5
202210903,1,2018,2,과학탐구실험,과학,4,rank,90,83.4,11.0,4
202210903,2,2019,2,언어와 매체,국어,3,rank,89,77.10000000000001,13.0,3
202210903,2,2019,1,문학,국어,5,rank,87,84.10000000000001,9.0,5
202210903,2,2019,1,수학Ⅰ,수학,2,rank,90,68.10000000000001,16.400000000000002,2
202210903,2,2019,2,수학Ⅱ,수학,2,rank,89,65.9,18.6,2
202210903,2,2019,1,영어Ⅰ,영어,5,rank,79,73.4,16.1,5
202210903,2,2019,2,영어Ⅱ,영어,5,rank,80,72.10000000000001,18.6,5
202210903,2,2019,1,물리학Ⅰ,과학,4,rank,88,79.2,12.700000000000001,4
202210903,2,2019,2,물리학Ⅰ,과학,3,rank,91,75.8,16.3,3
202210903,2,2019,1,생명과학Ⅰ,과학,4,rank,90,81.4,11.8,4
202210903,2,2019,2,생명과학Ⅰ,과학,3,rank,92,79.7,14.700000000000001,3
202210903,2,2019,1,지구과학Ⅰ,과학,3,rank,91,78.7,14.200000000000001,3
202210903,2,2019,2,지구과학Ⅰ,과학,4,rank,88,77.80000000000001,16.5,4
202210903,3,2020,1,화법과 작문,국어,4,rank,90,70.8,22.6,4
202210903,3,2020,2,화법과 작문,국어,8,rank,18,48.5,24.6,8
202210903,3,2020,1,독서,국어,4,rank,79,73.7,13.5,4
202210903,3,2020,1,미적분,수학,5,rank,79,73.7,13.5,5
202210903,3,2020,2,미적분,수학,4,rank,53,47.2,18.0,4
202210903,3,2020,1,확률과 통계,수학,4,rank,76,57.400000000000006,21.900000000000002,4
202210903,3,2020,2,실용 수학,수학,6,rank,29,44.2,21.400000000000002,6
202210903,3,2020,1,기하,수학,5,rank,81,76.0,16.900000000000002,5
202210903,3,2020,2,기하,수학,5,rank,55,56.1,20.8,5
202210903,3,2020,1,영어 독해와 작문,영어,4,rank,78,62.5,19.400000000000002,4
202210903,3,2020,2,심화 영어 독해Ⅰ,영어,7,rank,20,30.3,13.700000000000001,7
202210903,3,2020,1,사회문제 탐구,사회,6,rank,80,83.60000000000001,10.600000000000001,6
202210903,3,2020,2,사회문제 탐구,사회,6,rank,55,66.3,14.0,6
202210903,3,2020,1,화학Ⅰ,과학,4,rank,77,63.2,25.3,4
202210903,3,2020,2,화학Ⅰ,과학,7,rank,21,42.400000000000006,22.700000000000003,7
202210903,3,2020,1,물리학Ⅱ,과학,5,rank,79,73.10000000000001,18.7,5
202210903,3,2020,2,물리학Ⅱ,과학,8,rank,33,54.6,16.900000000000002,8
202210915,1,2019,1,한국사,사회,4,rank,85,69.2,22.8,4
202210915,1,2019,1,국어,국어,5,rank,62,59.6,19.900000000000002,5
202210915,1,2019,1,수학,수학,4,rank,85,62.900000000000006,26.700000000000003,4
202210915,1,2019,1,영어,영어,5,rank,72,62.5,24.900000000000002,5
202210915,1,2019,1,통합사회,사회,4,rank,71,61.800000000000004,23.200000000000003,4
202210915,1,2019,1,통합과학,과학,4,rank,75,60.400000000000006,22.900000000000002,4
202210915,1,2019,2,한국사,사회,3,rank,89,65.10000000000001,24.3,3
202210915,1,2019,2,국어,국어,5,rank,63,58.400000000000006,21.900000000000002,5
202210915,1,2019,2,수학,수학,3,rank,88,62.2,25.5,3
202210915,1,2019,2,영어,영어,5,rank,72,64.3,25.5,5
202210915,1,2019,2,통합사회,사회,3,rank,83,60.300000000000004,23.700000000000003,3
202210915,1,2019,2,통합과학,과학,2,rank,94,63.6,22.1,2
202210915,1,2019,2,과학탐구실험,과학,2,rank,98,87.2,13.4,2
202210915,2,2020,1,문학,국어,4,rank,80,60.300000000000004,22.700000000000003,4
202210915,2,2020,1,수학Ⅰ,수학,3,rank,76,50.300000000000004,24.0,3
202210915,2,2020,1,영어Ⅰ,영어,4,rank,64,53.5,27.8,4
202210915,2,2020,1,물리학Ⅰ,과학,3,rank,91,62.5,23.400000000000002,3
202210915,2,2020,1,생명과학Ⅰ,과학,3,rank,84,59.6,24.700000000000003,3
202210915,2,2020,1,지구과학Ⅰ,과학,3,rank,79,57.1,21.0,3
202210915,2,2020,2,언어와 매체,국어,4,rank,71,53.800000000000004,23.900000000000002,4
202210915,2,2020,2,수학Ⅱ,수학,3,rank,73,47.900000000000006,24.0,3
202210915,2,2020,2,영어Ⅱ,영어,4,rank,71,50.5,27.1,4
202210915,2,2020,2,물리학Ⅰ,과학,4,rank,78,57.2,26.0,4
202210915,2,2020,2,생명과학Ⅰ,과학,4,rank,79,54.900000000000006,25.3,4
202210915,2,2020,2,지구과학Ⅰ,과학,3,rank,80,53.300000000000004,23.200000000000003,3
202210915,2,2020,1,여행지리,사회,B,achievement,66,61.300000000000004,,2
202210915,2,2020,2,여행지리,사회,B,achievement,74,70.2,,2
202210915,3,2021,1,독서,국어,4,rank,78,57.1,24.8,4
202210915,3,2021,1,미적분,수학,4,rank,83,62.1,25.400000000000002,4
202210915,3,2021,1,확률과통계,수학,1,rank,94,55.1,25.1,1
202210915,3,2021,1,영어독해와작문,영어,4,rank,68,46.400000000000006,25.6,4
202210915,3,2021,2,화법과작문,국어,4,rank,54,46.6,24.1,4
202210915,3,2021,2,미적분,수학,3,rank,39,45.1,23.1,3
202210915,3,2021,1,물리학Ⅱ,과학,A,achievement,94,76.5,,1
202210915,3,2021,1,지구과학Ⅱ,과학,A,achievement,100,73.5,,1
202210915,3,2021,1,기하,수학,C,achievement,30,31.6,,3
202210915,3,2021,1,영미문학,영어,C,achievement,29,32.6,,3
202210915,3,2021,2,물리학Ⅱ,과학,A,achievement,85,67.0,,1
202210915,3,2021,2,지구과학Ⅱ,과학,A,achievement,81,62.800000000000004,,1
202210931,1,2019,1,한국사,사회,3,rank,85,66.4,19.9,3
202210931,1,2019,1,국어,국어,5,rank,77,77.5,13.7,5
202210931,1,2019,1,수학,수학,4,rank,76,62.6,21.4,4
202210931,1,2019,1,영어,영어,5,rank,65,64.8,21.9,5
202210931,1,2019,1,통합사회,사회,4,rank,87,78.2,13.7,4
202210931,1,2019,1,통합과학,과학,4,rank,82,67.8,17.6,4
202210931,1,2019,1,과학탐구실험,과학,A,achievement,89,84.7,11.5,1
202210931,1,2019,2,한국사,사회,3,rank,92,65.5,21.8,3
202210931,1,2019,2,국어,국어,5,rank,86,78.7,15.7,5
202210931,1,2019,2,수학,수학,4,rank,79,59.6,23.1,4
202210931,1,2019,2,영어,영어,6,rank,60,63.5,22.1,6
202210931,1,2019,2,통합사회,사회,4,rank,83,74.4,17.7,4
202210931,1,2019,2,통합과학,과학,1,rank,97,69.7,18.9,1
202210931,1,2019,2,과학탐구실험,과학,A,achievement,82,82.7,16.9,1
202210931,2,2020,1,문학,문학,4,rank,82,71.7,19.0,4
202210931,2,2020,1,수학1,수학,2,rank,80,49.4,22.2,2
202210931,2,2020,1,영어1,영어,4,rank,75,57.1,23.6,4
202210931,2,2020,1,경제,사회,6,rank,56,60.4,22.4,6
202210931,2,2020,1,물리학1,과학,6,rank,54,61.7,14.4,6
202210931,2,2020,1,생명과학1,과학,4,rank,71,59.2,18.8,4
202210931,2,2020,2,독서,국어,5,rank,70,67.5,16.8,5
202210931,2,2020,2,수학2,수학,2,rank,82,48.7,23.4,2
202210931,2,2020,2,영어2,영어,4,rank,61,46.6,22.7,4
202210931,2,2020,2,화학1,과학,5,rank,59,50.9,23.5,5
202210931,2,2020,2,지구과학1,과학,4,rank,71,62.2,20.8,4
202210931,3,2021,1,화법과작문,국어,4,rank,65,55.0,14.5,4
202210931,3,2021,1,미적분,수학,4,rank,76,57.6,23.5,4
202210931,3,2021,1,확률과통계,수학,6,rank,37,51.2,24.9,6
202210931,3,2021,1,영어 독해와 작문,영어,5,rank,50,56.1,24.3,5
202210931,3,2021,2,언어와 매체,국어,1,rank,68,46.7,16.2,1
202210931,3,2021,2,확률과 통계,수학,6,rank,18,27.5,15.9,6
202211046,1,2019,1,한국사,사회,2,rank,90,56.1,19.6,2
202211046,1,2019,1,국어,국어,4,rank,86,77.5,12.4,4
202211046,1,2019,1,수학,수학,2,rank,92,73.3,14.8,2
202211046,1,2019,1,영어,영어,2,rank,97,64.2,23.1,2
202211046,1,2019,1,통합사회,사회,2,rank,94,69.1,18.0,2
202211046,1,2019,1,통합과학,과학,1,rank,98,63.4,18.5,1
202211046,1,2019,1,과학탐구실험,과학,2,rank,93,78.8,11.5,2
202211046,1,2019,2,한국사,사회,2,rank,92,63.1,20.2,2
202211046,1,2019,2,국어,국어,2,rank,94,76.0,16.7,2
202211046,1,2019,2,수학,수학,2,rank,91,67.4,20.8,2
202211046,1,2019,2,영어,영어,1,rank,94,57.7,24.2,1
202211046,1,2019,2,통합사회,사회,2,rank,95,69.3,21.9,2
202211046,1,2019,2,통합과학,과학,2,rank,95,65.2,21.7,2
202211046,1,2019,2,과학탐구실험,과학,A,achievement,97,80.8,11.9,1
202211046,2,2020,1,한국사,사회,3,rank,82,53.5,22.6,3
202211046,2,2020,1,문학,국어,4,rank,84,66.2,23.7,4
202211046,2,2020,1,수학1,수학,3,rank,78,50.4,21.8,3
202211046,2,2020,1,영어1,영어,1,rank,92,49.3,25.4,1
202211046,2,2020,1,물리학1,과학,3,rank,84,61.0,20.0,3
202211046,2,2020,1,화학1,과학,2,rank,86,57.3,18.8,2
202211046,2,2020,1,생명과학1,과학,4,rank,70,61.1,17.5,4
202211046,2,2020,2,한국사,사회,4,rank,53,47.9,21.6,4
202211046,2,2020,2,문학,국어,4,rank,74,58.5,24.3,4
202211046,2,2020,2,수학2,수학,2,rank,85,48.4,24.0,2
202211046,2,2020,2,영어 독해와 작문,영어,3,rank,87,52.0,25.0,3
202211046,2,2020,2,물리학1,과학,4,rank,72,51.7,26.3,4
202211046,2,2020,2,화학1,과학,4,rank,63,52.9,22.0,4
202211046,2,2020,2,생명과학1,과학,4,rank,66,49.6,23.2,4
202211046,3,2021,1,화법과 작문,국어,3,rank,95,69.0,26.9,3
202211046,3,2021,1,독서,국어,4,rank,84,58.4,26.2,4
202211046,3,2021,1,미적분,수학,4,rank,74,58.3,21.4,4
202211046,3,2021,1,영어2,영어,3,rank,79,41.7,27.5,3
202211046,3,2021,2,화법과 작문,국어,5,rank,31,47.1,28.9,5
202211046,3,2021,2,독서,국어,7,rank,17,41.6,23.3,7
202211046,3,2021,2,미적분,수학,7,rank,19,44.1,25.8,7
202211047,1,2016,1,국어1,국어,2,rank,91,76.0,12.9,2
202211047,1,2016,1,수학1,수학,3,rank,77,59.2,18.9,3
202211047,1,2016,1,실용영어1,영어,3,rank,90,62.4,21.7,3
202211047,1,2016,1,사회,사회,4,rank,73,68.5,13.9,4
202211047,1,2016,1,한국사,사회,5,rank,74,70.4,15.6,5
202211047,1,2016,1,과학,과학,3,rank,84,71.0,13.5,3
202211047,1,2016,2,국어2,국어,4,rank,84,76.3,14.8,4
202211047,1,2016,2,수학2,수학,2,rank,78,50.6,19.5,2
202211047,1,2016,2,실용영어2,영어,4,rank,81,59.4,24.4,4
202211047,1,2016,2,사회,사회,4,rank,80,73.9,14.6,4
202211047,1,2016,2,한국사,사회,3,rank,84,70.9,15.2,3
202211047,1,2016,2,과학,과학,2,rank,91,68.6,16.3,2
202211047,1,2016,1,문학,국어,3,rank,90,67.1,14.0,3
202211047,2,2017,1,미적분1,수학,3,rank,82,65.3,19.4,3
202211047,2,2017,1,영어1,영어,3,rank,90,65.9,21.5,3
202211047,2,2017,1,지구과학2,과학,3,rank,84,71.0,13.8,3
202211047,2,2017,1,화학1,과학,4,rank,81,67.4,16.5,4
202211047,2,2017,2,독서와 문법,국어,3,rank,90,71.8,16.5,3
202211047,2,2017,2,미적분2,수학,5,rank,69,64.0,19.8,5
202211047,2,2017,2,영어2,영어,4,rank,80,59.1,23.3,4
202211047,2,2017,2,화학1,과학,3,rank,78,59.3,21.9,3
202211047,2,2017,2,생명과학1,과학,3,rank,72,54.8,18.7,3
202211047,3,2018,1,화법과작문,국어,8,rank,52,73.1,16.0,8
202211047,3,2018,1,확률과통계,수학,6,rank,55,60.5,18.8,6
202211047,3,2018,1,기하와벡터,수학,6,rank,54,58.1,18.8,6
202211047,3,2018,1,수학연습2,수학,6,rank,51,54.4,22.3,6
202211047,3,2018,1,실용영어회화,영어,5,rank,27,43.8,26.1,5
202211047,3,2018,1,윤리와사상,사회,5,rank,66,63.1,20.6,5
202211047,3,2018,1,물리1,과학,5,rank,62,64.4,18.9,5
202211047,3,2018,1,지구과학2,과학,8,rank,30,57.7,20.6,8
202211047,3,2018,2,고전,국어,3,rank,74,47.2,22.1,3
202211047,3,2018,2,확률과통계,수학,4,rank,60,55.3,15.1,4
202211047,3,2018,2,기하와벡터,수학,4,rank,74,60.9,16.7,4
202211047,3,2018,2,수학연습2,수학,3,rank,42,32.1,17.8,3
202211047,3,2018,2,영어회화,영어,3,rank,43,31.1,15.7,3
202211047,3,2018,2,윤리와사상,사회,5,rank,52,52.1,23.0,5
202211047,3,2018,2,물리1,과학,9,rank,18,31.7,13.7,9
202211047,3,2018,2,지구과학2,과학,4,rank,51,49.0,16.4,4
202211062,1,2019,1,국어,국어,1,rank,84,63.6,14.2,1
202211062,1,2019,1,수학,수학,1,rank,92,66.5,19.1,1
202211062,1,2019,1,영어,영어,1,rank,99,69.2,16.8,1
202211062,1,2019,1,통합사회,사회,4,rank,84,72.3,14.4,4
202211062,1,2019,1,통합과학,과학,3,rank,87,70.5,14.8,3
202211062,1,2019,1,과학탐구실험,과학,A,achievement,92,85.4,9.6,1
202211062,1,2019,2,국어,국어,1,rank,87,59.5,15.1,1
202211062,1,2019,2,수학,수학,2,rank,89,63.4,22.4,2
202211062,1,2019,2,영어,영어,2,rank,89,63.9,20.7,2
202211062,1,2019,2,통합사회,사회,5,rank,85,75.8,18.5,5
202211062,1,2019,2,통합과학,과학,4,rank,85,71.6,16.3,4
202211062,1,2019,2,과학탐구실험,과학,A,achievement,92,86.6,11.9,1
202211062,2,2020,1,한국사,사회,4,rank,73,56.1,20.7,4
202211062,2,2020,1,문학,국어,3,rank,82,62.3,19.6,3
202211062,2,2020,1,수학 I,수학,2,rank,90,58.2,26.3,2
202211062,2,2020,1,수학 II,수학,1,rank,94,58.5,24.0,1
202211062,2,2020,1,영어 I,영어,3,rank,83,58.8,23.7,3
202211062,2,2020,1,물리학 I,과학,2,rank,86,55.0,20.3,2
202211062,2,2020,1,화학 I,과학,1,rank,95,54.8,20.6,1
202211062,2,2020,2,한국사,사회,3,rank,64,43.9,21.3,3
202211062,2,2020,2,독서,국어,4,rank,83,67.1,20.0,4
202211062,2,2020,2,미적분,수학,2,rank,96,58.9,21.5,2
202211062,2,2020,2,확률과 통계,수학,1,rank,93,54.6,23.6,1
202211062,2,2020,2,영어 II,영어,3,rank,81,51.8,26.2,3
202211062,2,2020,2,물리학 I,과학,4,rank,68,53.0,22.0,4
202211062,2,2020,2,화학 I,과학,3,rank,84,58.7,21.1,3
202211062,3,2021,1,화법과 작문,국어,2,rank,88,57.5,21.8,2
202211062,3,2021,1,영어 독해와 작문,영어,4,rank,57,48.5,25.2,4
202211062,3,2021,1,지구과학 I,과학,5,rank,62,56.4,17.7,5
202211062,3,2021,2,언어와 매체,국어,7,rank,26,42.6,18.5,7
202211062,3,2021,2,지구과학 I,과학,5,rank,49,50.5,19.5,5
202211552,1,2019,1,한국사,사회,2,rank,85,61.7,16.0,2
202211552,1,2019,1,국어,국어,5,rank,65,64.3,14.8,5
202211552,1,2019,1,수학,수학,5,rank,73,69.3,13.8,5
202211552,1,2019,1,영어,영어,5,rank,60,64.3,20.9,5
202211552,1,2019,1,통합사회,사회,3,rank,77,61.5,16.7,3
202211552,1,2019,1,통합과학,과학,2,rank,91,66.0,17.9,2
202211552,1,2019,1,과학탐구실험,과학,A,achievement,89,72.3,12.4,1
202211552,1,2019,2,한국사,사회,4,rank,66,60.1,16.4,4
202211552,1,2019,2,국어,국어,5,rank,71,64.1,18.0,5
202211552,1,2019,2,수학,수학,4,rank,74,67.0,15.7,4
202211552,1,2019,2,영어,영어,4,rank,67,61.0,20.7,4
202211552,1,2019,2,통합사회,사회,5,rank,61,56.1,19.3,5
202211552,1,2019,2,통합과학,과학,2,rank,95,68.7,18.9,2
202211552,1,2019,2,과학탐구실험,과학,A,achievement,81,78.9,10.9,1
202211552,2,2020,1,문학,국어,5,rank,80,76.8,14.6,5
202211552,2,2020,1,수학 I,수학,4,rank,65,58.8,17.0,4
202211552,2,2020,1,영어 I,영어,4,rank,78,58.3,24.1,4
202211552,2,2020,1,물리학 I,과학,3,rank,75,54.6,21.1,3
202211552,2,2020,1,화학 I,과학,4,rank,70,53.1,23.1,4
202211552,2,2020,1,생명과학 I,과학,3,rank,90,63.1,19.5,3
202211552,2,2020,2,독서,국어,3,rank,89,61.7,23.1,3
202211552,2,2020,2,수학 II,수학,2,rank,90,61.0,18.6,2
202211552,2,2020,2,영어 II,영어,3,rank,76,46.6,26.5,3
202211552,2,2020,2,물리학 I,과학,3,rank,78,49.2,27.5,3
202211552,2,2020,2,화학 I,과학,3,rank,63,38.0,23.9,3
202211552,2,2020,2,생명과학 I,과학,4,rank,67,54.4,15.7,4
202211552,3,2021,1,화법과 작문,국어,2,rank,90,58.1,23.3,2
202211552,3,2021,1,언어와 매체,국어,3,rank,73,44.4,20.9,3
202211552,3,2021,1,미적분,수학,4,rank,54,44.7,21.4,4
202211552,3,2021,1,확률과 통계,수학,3,rank,86,47.4,27.0,3
202211552,3,2021,1,영어 독해와 작문,영어,3,rank,78,35.8,25.3,3
202215036,1,2012,1,국어,국어,6,rank,61,70.7,16.1,6
202215036,1,2012,1,수학,수학,6,rank,35,49.5,19.2,6
202215036,1,2012,1,영어,영어,6,rank,54,62.4,18.9,6
202215036,1,2012,1,사회,사회,5,rank,62,57.4,16.7,5
202215036,1,2012,1,과학,과학,7,rank,34,54.7,17.9,7
202215036,1,2012,2,국어,국어,6,rank,72,74.7,16.9,6
202215036,1,2012,2,수학,수학,8,rank,22,50.9,22.8,8
202215036,1,2012,2,영어 I,영어,5,rank,54,58.5,20.9,5
202215036,1,2012,2,한국사,사회,6,rank,44,56.8,19.1,6
202215036,1,2012,2,과학,과학,7,rank,37,58.5,17.1,7
202215036,2,2013,1,문학의이해,국어,5,rank,77,73.2,16.5,5
202215036,2,2013,1,문학 I,국어,6,rank,71,71.7,19.2,6
202215036,2,2013,1,수학 I,수학,7,rank,27,50.3,21.9,7
202215036,2,2013,1,영어 II,영어,5,rank,60,63.2,21.8,5
202215036,2,2013,1,사회·문화,사회,6,rank,48,64.0,23.2,6
202215036,2,2013,2,문학 II,국어,4,rank,85,70.9,19.3,4
202215036,2,2013,2,수학 I,수학,9,rank,15,47.2,25.2,9
202215036,2,2013,2,영어독해와작문,영어,6,rank,50,59.4,22.9,6
202215036,2,2013,2,도덕,사회,5,rank,62,63.8,16.8,5
202215036,2,2013,2,한국지리,사회,6,rank,52,59.8,21.3,6
202215036,2,2013,2,생명과학 I,과학,7,rank,39,59.3,17.2,7
202215036,3,2014,1,화법과작문 II,국어,6,rank,44,58.8,19.1,6
202215036,3,2014,1,독서와문법 I,국어,7,rank,45,62.9,20.3,7
202215036,3,2014,1,미적분과통계기본,수학,7,rank,29,47.9,20.6,7
202215036,3,2014,1,심화영어회화,영어,5,rank,61,64.6,25.3,5
202215036,3,2014,1,심화영어독해와작문,영어,6,rank,34,57.2,25.4,6
202215036,3,2014,1,세계지리,사회,6,rank,33,51.8,25.1,6
202215036,3,2014,1,동아시아사,사회,8,rank,28,63.7,23.4,8
202215036,3,2014,1,화학 I,과학,6,rank,44,57.4,18.2,6
202215036,3,2014,2,화법과작문 I,국어,5,rank,63,57.7,25.8,5
202215036,3,2014,2,독서와문법 II,국어,6,rank,40,51.6,22.1,6
202215036,3,2014,2,수학연습 I,수학,7,rank,22,40.2,21.1,7
202215036,3,2014,2,심화영어회화,영어,5,rank,62,56.5,27.2,5
202215036,3,2014,2,심화영어독해와작문,영어,6,rank,25,39.1,20.0,6
202215036,3,2014,2,세계사,사회,7,rank,22,36.7,19.8,7
202215036,3,2014,2,화학 I,과학,7,rank,35,57.7,21.8,7
202215073,1,2013,1,국어,국어,4,rank,76,66.9,16.5,4
202215073,1,2013,1,수학,수학,3,rank,83,56.9,21.7,3
202215073,1,2013,1,실용영어 I,영어,2,rank,88,60.7,22.1,2
202215073,1,2013,1,한국사,사회,3,rank,78,53.8,23.8,3
202215073,1,2013,1,과학,과학,4,rank,69,58.8,18.6,4
202215073,1,2013,2,국어,국어,4,rank,78,64.7,19.0,4
202215073,1,2013,2,수학,수학,4,rank,70,53.1,20.8,4
202215073,1,2013,2,실용영어독해와작문,영어,3,rank,83,54.2,23.4,3
202215073,1,2013,2,세계지리,사회,4,rank,80,65.8,21.4,4
202215073,1,2013,2,과학,과학,5,rank,74,69.1,16.9,5
202215073,2,2014,1,문학 I,국어,4,rank,78,68.8,20.1,4
202215073,2,2014,1,수학 I,수학,3,rank,74,52.2,21.9,3
202215073,2,2014,1,영어 I,영어,3,rank,78,53.2,23.1,3
202215073,2,2014,1,경제,사회,3,rank,81,51.3,24.6,3
202215073,2,2014,1,세계사,사회,3,rank,85,53.0,27.7,3
202215073,2,2014,1,생명과학 I,과학,4,rank,69,67.3,13.9,4
202215073,2,2014,1,한문 I,한문,3,rank,55,39.9,18.4,3
202215073,2,2014,2,문학 II,국어,5,rank,80,73.4,17.9,5
202215073,2,2014,2,미적분과통계기본,수학,2,rank,82,46.0,22.6,2
202215073,2,2014,2,실용영어 II,영어,3,rank,80,56.8,23.3,3
202215073,2,2014,2,경제,사회,4,rank,77,53.1,25.2,4
202215073,2,2014,2,세계사,사회,3,rank,82,46.4,26.5,3
202215073,2,2014,2,지구과학 I,과학,5,rank,58,61.0,11.9,5
202215073,2,2014,2,한문 I,한문,4,rank,64,51.8,19.1,4
202215073,3,2015,1,독서와문법 II,국어,4,rank,85,71.6,18.5,4
202215073,3,2015,1,미적분과통계기본,수학,3,rank,65,46.4,20.3,3
202215073,3,2015,1,인문 수학,수학,4,rank,73,53.2,24.1,4
202215073,3,2015,1,영어 II,영어,3,rank,81,59.0,23.1,3
202215073,3,2015,1,윤리와사상,사회,3,rank,63,49.1,19.7,3
202215073,3,2015,1,한국지리,사회,4,rank,54,45.5,25.5,4
202215073,3,2015,1,사회·문화,사회,3,rank,81,55.8,22.8,3
202215073,3,2015,2,화법과작문 II,국어,6,rank,59,61.6,20.7,6
202215073,3,2015,2,미적분과통계기본,수학,4,rank,52,38.1,24.3,4
202215073,3,2015,2,인문 수학,수학,3,rank,72,48.6,24.1,3
202215073,3,2015,2,영어독해와작문,영어,2,rank,86,49.5,26.6,2
202215073,3,2015,2,윤리와사상,사회,4,rank,38,36.0,21.8,4
202215073,3,2015,2,한국지리,사회,5,rank,40,38.9,22.7,5
202215073,3,2015,2,사회·문화,사회,3,rank,88,51.5,27.3,3
202215075,1,2010,1,국어,국어,3,rank,85,75.3,10.5,3
202215075,1,2010,1,도덕,도덕,2,rank,91,70.6,16.0,2
202215075,1,2010,1,국사,사회,4,rank,63,56.6,16.1,4
202215075,1,2010,2,국사,사회,6,rank,52,60.7,18.5,6
202215075,1,2010,1,사회,사회,2,rank,85,66.4,14.6,2
202215075,1,2010,1,수학,수학,4,rank,61,55.9,16.5,4
202215075,1,2010,2,수학,수학,5,rank,60,56.7,19.8,5
202215075,1,2010,1,과학,과학,5,rank,62,60.0,15.8,5
202215075,1,2010,2,과학,과학,5,rank,47,52.9,20.1,5
202215075,1,2010,1,영어,영어,3,rank,85,68.3,16.2,3
202215075,1,2010,2,수학 I,수학,6,rank,48,59.8,19.0,6
202215075,1,2010,2,영어 I,영어,3,rank,83,65.9,19.4,3
202215075,1,2010,2,문학,국어,5,rank,77,72.7,12.6,5
202215075,1,2010,2,전통윤리,도덕,4,rank,68,59.3,17.3,4
202215075,1,2010,2,사회·문화,사회,4,rank,68,59.7,16.8,4
202215075,1,2010,2,한국지리,사회,4,rank,66,57.0,19.1,4
202215075,2,2011,2,국어생활,국어,6,rank,64,69.5,14.3,6
202215075,2,2011,1,수학 I,수학,5,rank,71,71.9,14.8,5
202215075,2,2011,2,수학 I,수학,4,rank,64,54.1,20.9,4
202215075,2,2011,1,미적분과통계기본,수학,4,rank,87,75.8,15.2,4
202215075,2,2011,2,미적분과통계기본,수학,5,rank,60,53.8,20.7,5
202215075,2,2011,2,실용영어회화,영어,4,rank,76,66.5,19.2,4
202215075,2,2011,1,영어독해와작문,영어,3,rank,88,75.7,14.0,3
202215075,2,2011,1,한문,한문,8,rank,56,78.1,12.9,8
202215075,2,2011,2,한문,한문,7,rank,54,73.9,16.7,7
202215075,2,2011,1,문법,국어,5,rank,74,72.3,9.3,5
202215075,2,2011,2,문법,국어,5,rank,60,59.3,14.9,5
202215075,2,2011,1,문학,국어,6,rank,73,76.7,9.8,6
202215075,2,2011,1,사회·문화,사회,5,rank,72,72.7,12.0,5
202215075,2,2011,2,사회·문화,사회,5,rank,60,64.5,18.1,5
202215075,2,2011,1,한국근·현대사,사회,7,rank,51,69.6,19.0,7
202215075,2,2011,2,한국근·현대사,사회,6,rank,41,59.1,23.9,6
202215075,2,2011,1,한국지리,사회,7,rank,59,72.2,13.4,7
202215075,2,2011,2,한국지리,사회,6,rank,54,62.1,18.8,6
202215075,3,2012,1,수학의활용,수학,4,rank,70,58.4,21.3,4
202215075,3,2012,2,수학의활용,수학,5,rank,57,54.4,18.9,5
202215075,3,2012,1,미적분과통계기본,수학,6,rank,56,60.4,21.1,6
202215075,3,2012,2,미적분과통계기본,수학,6,rank,42,55.9,21.1,6
202215075,3,2012,2,심화영어독해와작문,영어,3,rank,80,58.5,22.1,3
202215075,3,2012,1,독서,국어,7,rank,59,72.0,13.7,7
202215075,3,2012,2,독서,국어,6,rank,56,63.5,14.3,6
202215075,3,2012,1,작문,국어,6,rank,54,59.4,14.8,6
202215075,3,2012,2,작문,국어,5,rank,64,63.4,15.5,5
202215075,3,2012,1,한국근·현대사,사회,5,rank,48,52.5,25.2,5
202215075,3,2012,2,한국근·현대사,사회,6,rank,24,40.8,23.7,6
202215075,3,2012,1,한국지리,사회,7,rank,31,63.6,23.4,7
202215075,3,2012,2,한국지리,사회,6,rank,45,61.6,22.7,6
202215075,3,2012,1,사회문화,사회,7,rank,50,68.0,19.0,7
202215075,3,2012,2,사회문화,사회,7,rank,47,61.9,18.4,7
202215075,3,2012,1,영어 II,영어,5,rank,71,67.8,19.0,5
202310098,1,2020,1,국어,국어,3,rank,88,69.7,16.5,3
202310098,1,2020,1,수학,수학,6,rank,58,64.2,19.1,6
202310098,1,2020,1,영어,영어,4,rank,79,63.900000000000006,20.3,4
202310098,1,2020,1,통합사회,사회,5,rank,73,72.2,16.7,5
202310098,1,2020,1,통합과학,과학,3,rank,92,66.5,22.6,3
202310098,1,2020,2,국어,국어,2,rank,85,59.6,18.2,2
202310098,1,2020,2,수학,수학,4,rank,71,56.400000000000006,20.6,4
202310098,1,2020,2,영어,영어,4,rank,67,52.6,20.6,4
202310098,1,2020,2,통합사회,사회,5,rank,77,67.10000000000001,17.5,5
202310098,1,2020,2,통합과학,과학,4,rank,83,62.800000000000004,22.200000000000003,4
202310098,1,2020,1,과학탐구실험,과학,A,achievement,93,79.5,,1
202310098,1,2020,2,과학탐구실험,과학,A,achievement,98,86.5,,1
202310098,2,2021,1,문학,국어,2,rank,91,68.60000000000001,18.400000000000002,2
202310098,2,2021,1,수학 I,수학,4,rank,74,63.6,18.7,4
202310098,2,2021,1,영어 I,영어,4,rank,76,62.5,21.8,4
202310098,2,2021,1,물리학 I,과학,4,rank,62,53.800000000000004,19.200000000000003,4
202310098,2,2021,1,화학 I,과학,4,rank,80,68.2,16.8,4
202310098,2,2021,1,생명과학 I,과학,5,rank,73,65.2,18.5,5
202310098,2,2021,1,지구과학 I,과학,4,rank,74,61.2,21.3,4
202310098,2,2021,1,중국어 I,제2외국어,4,rank,78,67.2,17.0,4
202310098,2,2021,2,독서,국어,3,rank,89,68.9,17.900000000000002,3
202310098,2,2021,2,수학 II,수학,4,rank,77,63.300000000000004,20.400000000000002,4
202310098,2,2021,2,영어 독해와 작문,영어,4,rank,76,63.400000000000006,22.700000000000003,4
202310098,2,2021,2,물리학 I,과학,4,rank,72,55.2,21.200000000000003,4
202310098,2,2021,2,화학 I,과학,4,rank,69,60.900000000000006,19.6,4
202310098,2,2021,2,생명과학 I,과학,4,rank,72,57.7,23.3,4
202310098,2,2021,2,지구과학 I,과학,3,rank,82,56.1,22.900000000000002,3
202310098,2,2021,2,중국어 I,제2외국어,4,rank,66,52.6,21.1,4
202310098,2,2021,1,과학과제 연구,과학,B,achievement,77,80.0,,2
202310098,2,2021,2,과학과제 연구,과학,A,achievement,93,82.5,,1
202310098,3,2022,1,언어와 매체,국어,4,rank,74,65.0,19.200000000000003,4
202310098,3,2022,1,미적분,수학,4,rank,82,63.300000000000004,22.3,4
202310098,3,2022,1,영어Ⅱ,영어,5,rank,41,45.7,22.1,5
202310098,3,2022,2,미적분,수학,4,rank,71,56.800000000000004,22.5,4
202310098,3,2022,2,영어Ⅱ,영어,4,rank,48,42.400000000000006,18.1,4
202310098,3,2022,2,심화 국어,국어,A,achievement,92,65.9,,1
202310098,3,2022,2,심화 수학 I,수학,A,achievement,94,73.2,,1
202310098,3,2022,2,여행지리,사회,B,achievement,69,64.9,,2
202310098,3,2022,2,화학 II,과학,C,achievement,59,55.900000000000006,,3
202310098,3,2022,2,생명과학 II,과학,C,achievement,49,43.7,,3
202310098,3,2022,2,지구과학 II,과학,B,achievement,66,56.300000000000004,,2
202310098,3,2022,2,생활과 과학,과학,C,achievement,53,49.6,,3
202310098,3,2022,1,심화수학Ⅰ,수학,A,achievement,88,74.4,,1
202310098,3,2022,1,여행지리,사회,B,achievement,79,70.2,,2
202310098,3,2022,1,화학Ⅱ,과학,B,achievement,61,56.2,,2
202310098,3,2022,1,생명과학Ⅱ,과학,C,achievement,51,54.7,,3
202310098,3,2022,1,과학사,과학,C,achievement,56,60.300000000000004,,3
202310098,3,2022,1,생활과과학,과학,B,achievement,70,60.0,,2
202310102,1,2020,1,국어,국어,3,rank,90,73.4,18.2,3
202310102,1,2020,1,수학,수학,5,rank,73,68.60000000000001,18.0,5
202310102,1,2020,1,영어,영어,3,rank,87,67.10000000000001,21.1,3
202310102,1,2020,1,통합사회,사회,4,rank,86,71.9,17.5,4
202310102,1,2020,1,통합과학,과학,4,rank,87,76.2,17.6,4
202310102,1,2020,2,국어,국어,3,rank,92,69.9,21.5,3
202310102,1,2020,2,수학,수학,5,rank,70,63.900000000000006,19.200000000000003,5
202310102,1,2020,2,영어,영어,3,rank,79,62.0,18.3,3
202310102,1,2020,2,통합사회,사회,4,rank,84,66.2,21.5,4
202310102,1,2020,2,통합과학,과학,3,rank,96,79.4,15.9,3
202310102,1,2020,1,과학탐구실험,과학,A,achievement,92,81.2,,1
202310102,1,2020,2,과학탐구실험,과학,A,achievement,83,73.4,,1
202310102,2,2021,1,문학,국어,4,rank,86,73.10000000000001,18.6,4
202310102,2,2021,1,수학 I,수학,4,rank,72,54.6,20.8,4
202310102,2,2021,1,영어 I,영어,3,rank,79,45.2,24.900000000000002,3
202310102,2,2021,1,세계지리,사회,3,rank,90,52.900000000000006,24.8,3
202310102,2,2021,1,정치와 법,사회,2,rank,93,62.300000000000004,21.400000000000002,2
202310102,2,2021,2,문학,국어,3,rank,91,72.3,20.1,3
202310102,2,2021,2,수학 II,수학,4,rank,74,54.7,23.900000000000002,4
202310102,2,2021,2,영어 II,영어,4,rank,68,44.2,28.6,4
202310102,2,2021,2,세계지리,사회,2,rank,95,61.300000000000004,24.0,2
202310102,2,2021,2,정치와 법,사회,3,rank,90,64.10000000000001,23.1,3
202310102,2,2021,1,실용 영어,영어,A,achievement,82,60.6,,1
202310102,2,2021,1,생활과 과학,과학,A,achievement,91,78.0,,1
202310102,2,2021,2,실용 영어,영어,B,achievement,74,56.900000000000006,,2
202310102,2,2021,2,생활과 과학,과학,A,achievement,85,76.9,,1
202310102,3,2022,1,독서,국어,4,rank,65,51.2,17.6,4
202310102,3,2022,1,언어와 매체,국어,4,rank,66,52.400000000000006,19.900000000000002,4
202310102,3,2022,1,확률과 통계,수학,3,rank,69,47.5,23.700000000000003,3
202310102,3,2022,1,영어 독해와 작문,영어,4,rank,62,41.900000000000006,24.3,4
202310102,3,2022,1,한국지리,사회,3,rank,94,55.900000000000006,27.700000000000003,3
202310102,3,2022,1,사회·문화,사회,3,rank,87,66.2,24.8,3
202310102,3,2022,2,독서,국어,4,rank,61,44.2,19.0,4
202310102,3,2022,2,언어와 매체,국어,5,rank,45,49.900000000000006,21.0,5
202310102,3,2022,2,확률과 통계,수학,3,rank,51,35.9,21.5,3
202310102,3,2022,2,영어 독해와 작문,영어,3,rank,60,37.2,18.8,3
202310102,3,2022,2,한국지리,사회,3,rank,84,47.400000000000006,29.1,3
202310102,3,2022,2,사회·문화,사회,4,rank,58,46.800000000000004,26.200000000000003,4
202310102,3,2022,1,경제 수학,수학,A,achievement,84,73.2,,1
202310102,3,2022,1,여행지리,사회,A,achievement,97,67.7,,1
202310102,3,2022,1,지역 이해,사회,A,achievement,100,97.5,,1
202310102,3,2022,2,경제 수학,수학,B,achievement,63,72.0,,2
202310102,3,2022,2,여행지리,사회,A,achievement,95,67.2,,1
202310767,1,2020,1,국어,국어,3,rank,87,70.8,18.1,3
202310767,1,2020,1,수학,수학,4,rank,76,59.7,20.5,4
202310767,1,2020,1,영어,영어,3,rank,85,57.5,24.900000000000002,3
202310767,1,2020,1,통합사회,사회,5,rank,76,72.4,16.400000000000002,5
202310767,1,2020,1,통합과학,과학,4,rank,79,66.60000000000001,19.0,4
202310767,1,2020,1,과학탐구실험,과학,A,achievement,90,83.5,,1
202310767,1,2020,2,국어,국어,4,rank,79,70.8,18.3,4
202310767,1,2020,2,수학,수학,3,rank,85,58.6,24.8,3
202310767,1,2020,2,영어,영어,4,rank,85,58.300000000000004,27.700000000000003,4
202310767,1,2020,2,한국사,사회,5,rank,76,68.60000000000001,21.900000000000002,5
202310767,1,2020,2,통합사회,사회,4,rank,82,74.10000000000001,18.400000000000002,4
202310767,1,2020,2,통합과학,과학,4,rank,76,68.7,18.3,4
202310767,1,2020,2,과학탐구실험,과학,A,achievement,85,77.60000000000001,,1
202310767,2,2021,1,문학,국어,4,rank,84,66.2,21.0,4
202310767,2,2021,1,수학Ⅰ,수학,3,rank,82,61.0,19.700000000000003,3
202310767,2,2021,1,영어Ⅰ,영어,3,rank,88,61.2,25.3,3
202310767,2,2021,1,한국지리,사회,5,rank,55,60.5,16.900000000000002,5
202310767,2,2021,1,사회·문화,사회,4,rank,81,64.0,22.1,4
202310767,2,2021,1,윤리와 사상,사회,4,rank,69,60.7,16.8,4
202310767,2,2021,1,생명과학 I,과학,5,rank,80,75.7,18.7,5
202310767,2,2021,1,지구과학 I,과학,4,rank,72,59.6,18.900000000000002,4
202310767,2,2021,2,독서,국어,3,rank,90,71.7,19.6,3
202310767,2,2021,2,수학 II,수학,2,rank,93,63.0,20.700000000000003,2
202310767,2,2021,2,영어 II,영어,2,rank,97,62.300000000000004,27.8,2
202310767,2,2021,2,한국지리,사회,4,rank,83,60.900000000000006,24.3,4
202310767,2,2021,2,사회·문화,사회,4,rank,76,60.0,22.5,4
202310767,2,2021,2,윤리와 사상,사회,3,rank,80,59.300000000000004,20.400000000000002,3
202310767,2,2021,2,생명과학 I,과학,3,rank,83,66.5,19.5,3
202310767,2,2021,2,지구과학 I,과학,4,rank,71,58.800000000000004,19.700000000000003,4
202310767,2,2021,1,수학과제 탐구,수학,A,achievement,92,82.80000000000001,,1
202310767,2,2021,1,고전과 윤리,사회,B,achievement,77,70.9,,2
202310767,2,2021,2,진로 영어,영어,A,achievement,95,72.4,,1
202310767,2,2021,2,고전과 윤리,사회,A,achievement,81,71.4,,1
202310767,3,2022,1,화법과 작문,국어,2,rank,94,71.5,21.900000000000002,2
202310767,3,2022,1,확률과 통계,수학,3,rank,78,53.300000000000004,20.3,3
202310767,3,2022,1,경제,사회,1,rank,99,52.900000000000006,24.400000000000002,1
202310767,3,2022,1,생활과 윤리,사회,3,rank,86,70.7,18.8,3
202310767,3,2022,2,화법과 작문,국어,2,rank,95,57.300000000000004,22.900000000000002,2
202310767,3,2022,2,확률과 통계,수학,1,rank,90,54.800000000000004,22.6,1
202310767,3,2022,2,경제,사회,4,rank,52,42.800000000000004,21.3,4
202310767,3,2022,2,생활과 윤리,사회,3,rank,90,68.0,24.400000000000002,3
202310767,3,2022,1,실용영어,영어,A,achievement,100,59.6,,1
202310767,3,2022,1,생명과학Ⅱ,과학,B,achievement,78,72.60000000000001,,2
202310767,3,2022,2,실용영어,영어,A,achievement,82,60.5,,1
202310767,3,2022,2,생명과학Ⅱ,과학,B,achievement,75,68.4,,2
202310941,1,2020,1,국어,국어,6,rank,74,78.10000000000001,11.700000000000001,6
202310941,1,2020,1,수학,수학,2,rank,88,66.10000000000001,17.0,2
202310941,1,2020,1,영어,영어,6,rank,68,74.3,13.9,6
202310941,1,2020,1,한국사,사회,5,rank,74,76.10000000000001,13.8,5
202310941,1,2020,1,통합사회,사회,7,rank,73,81.2,10.200000000000001,7
202310941,1,2020,1,통합과학,과학,4,rank,77,68.8,17.3,4
202310941,1,2020,2,국어,국어,6,rank,73,76.5,13.600000000000001,6
202310941,1,2020,2,수학,수학,3,rank,91,71.2,19.3,3
202310941,1,2020,2,영어,영어,7,rank,61,74.4,14.5,7
202310941,1,2020,2,한국사,사회,6,rank,62,74.7,16.2,6
202310941,1,2020,2,통합사회,사회,6,rank,75,82.7,12.200000000000001,6
202310941,1,2020,2,통합과학,과학,4,rank,83,73.10000000000001,17.8,4
202310941,1,2020,1,과학탐구실험,과학,B,achievement,75,78.2,,2
202310941,1,2020,2,과학탐구실험,과학,A,achievement,80,79.2,,1
202310941,2,2021,1,문학,국어,5,rank,78,72.8,18.5,5
202310941,2,2021,1,수학I,수학,2,rank,88,63.7,14.5,2
202310941,2,2021,1,영어I,영어,5,rank,69,70.7,15.9,5
202310941,2,2021,1,물리학I,과학,5,rank,60,61.7,9.4,5
202310941,2,2021,1,화학I,과학,5,rank,78,73.7,14.700000000000001,5
202310941,2,2021,1,생명과학I,과학,3,rank,83,67.4,14.9,3
202310941,2,2021,1,지구과학I,과학,4,rank,79,69.7,17.3,4
202310941,2,2021,2,언어와매체,국어,5,rank,71,67.5,17.5,5
202310941,2,2021,2,수학II,수학,1,rank,95,69.60000000000001,17.400000000000002,1
202310941,2,2021,2,영어II,영어,6,rank,51,65.60000000000001,19.3,6
202310941,2,2021,2,물리학I,과학,3,rank,93,73.9,16.2,3
202310941,2,2021,2,화학I,과학,5,rank,77,70.0,18.900000000000002,5
202310941,2,2021,2,생명과학I,과학,4,rank,79,65.7,15.8,4
202310941,2,2021,2,지구과학I,과학,5,rank,74,71.4,17.6,5
202310941,2,2021,1,과학과제연구,과학,B,achievement,79,90.10000000000001,,2
202310941,2,2021,2,과학과제연구,과학,B,achievement,74,73.5,,2
202310941,3,2022,1,독서,국어,5,rank,81,73.8,19.0,5
202310941,3,2022,1,미적분,수학,3,rank,70,50.5,17.2,3
202310941,3,2022,1,영어 독해와 작문,영어,5,rank,61,61.7,23.400000000000002,5
202310941,3,2022,1,세계사,사회,6,rank,46,56.2,22.900000000000002,6
202310941,3,2022,2,화법과 작문,국어,3,rank,83,66.2,19.400000000000002,3
202310941,3,2022,2,확률과 통계,수학,3,rank,52,37.0,19.7,3
202310941,3,2022,2,영어 회화,영어,5,rank,43,47.4,20.8,5
202310941,3,2022,2,세계사,사회,7,rank,29,58.6,21.3,7
202310941,3,2022,1,기하,수학,A,achievement,85,72.0,,1
202310941,3,2022,1,물리학 II,과학,A,achievement,98,79.5,,1
202310941,3,2022,1,화학 II,과학,A,achievement,87,74.0,,1
202310941,3,2022,1,생명과학 I,과학,C,achievement,51,70.9,,3
202310941,3,2022,1,지구과학 I,과학,B,achievement,79,71.9,,2
202310941,3,2022,2,기하,수학,B,achievement,75,64.9,,2
202310941,3,2022,2,물리학 II,과학,B,achievement,70,69.2,,2
202310941,3,2022,2,화학 II,과학,A,achievement,73,69.5,,1
202310941,3,2022,2,생명과학 I,과학,C,achievement,47,64.10000000000001,,3
202310941,3,2022,2,지구과학 I,과학,C,achievement,53,52.400000000000006,,3
202311093,1,2019,1,한국사,사회,6,rank,51,63.0,18.2,6
202311093,1,2019,1,국어,국어,7,rank,65,76.9,15.3,7
202311093,1,2019,1,수학,수학,8,rank,49,64.60000000000001,13.8,8
202311093,1,2019,1,영어,영어,5,rank,71,71.3,16.6,5
202311093,1,2019,1,통합사회,사회,3,rank,90,79.4,12.200000000000001,3
202311093,1,2019,1,통합과학,과학,4,rank,85,70.3,17.5,4
202311093,1,2019,2,한국사,사회,6,rank,47,65.2,19.5,6
202311093,1,2019,2,국어,국어,7,rank,67,77.7,16.1,7
202311093,1,2019,2,수학,수학,4,rank,78,64.7,17.2,4
202311093,1,2019,2,영어,영어,6,rank,59,67.0,18.400000000000002,6
202311093,1,2019,2,통합사회,사회,5,rank,86,81.30000000000001,13.9,5
202311093,1,2019,2,통합과학,과학,4,rank,78,66.8,21.3,4
202311093,1,2019,1,과학탐구실험,과학,A,achievement,97,86.4,,1
202311093,1,2019,2,과학탐구실험,과학,A,achievement,92,87.5,,1
202311093,2,2020,1,화법과 작문,국어,6,rank,73,76.5,17.400000000000002,6
202311093,2,2020,1,문법,국어,7,rank,49,68.7,21.0,7
202311093,2,2020,1,수학 I,수학,7,rank,49,57.900000000000006,21.0,7
202311093,2,2020,1,영어 I,영어,7,rank,49,67.0,20.1,7
202311093,2,2020,1,물리학 I,과학,7,rank,55,72.2,16.1,7
202311093,2,2020,1,지구과학 I,과학,6,rank,69,77.10000000000001,14.100000000000001,6
202311093,2,2020,2,독서,국어,6,rank,47,65.0,22.6,6
202311093,2,2020,2,수학 II,수학,4,rank,72,58.2,21.400000000000002,4
202311093,2,2020,2,확률과 통계,수학,4,rank,68,61.300000000000004,14.5,4
202311093,2,2020,2,영어 독해와 작문,영어,6,rank,45,62.7,21.0,6
202311093,2,2020,2,화학 I,과학,7,rank,31,54.900000000000006,22.700000000000003,7
202311093,2,2020,2,생명과학 I,과학,6,rank,41,55.5,21.0,6
202311093,2,2020,1,정보과학,과학,B,achievement,74,85.4,,2
202311093,3,2021,1,언어와 매체,국어,9,rank,23,58.900000000000006,22.1,9
202311093,3,2021,1,미적분,수학,5,rank,56,46.400000000000006,23.700000000000003,5
202311093,3,2021,1,영어 II,영어,8,rank,28,46.400000000000006,20.8,8
202311093,3,2021,1,정치와 법,사회,3,rank,72,50.5,18.0,3
202311093,3,2021,1,생활과 윤리,사회,9,rank,19,53.0,23.6,9
202311093,3,2021,2,언어와 매체,국어,6,rank,34,50.900000000000006,22.200000000000003,6
202311093,3,2021,2,미적분,수학,6,rank,33,42.400000000000006,18.0,6
202311093,3,2021,2,영어 II,영어,5,rank,52,54.6,12.8,5
202311093,3,2021,2,정치와 법,사회,6,rank,41,50.300000000000004,14.0,6
202311093,3,2021,2,생활과 윤리,사회,6,rank,20,30.8,20.3,6
202311093,3,2021,1,물리학 II,과학,C,achievement,49,58.6,,3
202311093,3,2021,1,화학 II,과학,C,achievement,44,60.300000000000004,,3
202311093,3,2021,1,지구과학 II,과학,C,achievement,52,62.2,,3
202311093,3,2021,2,물리학 II,과학,C,achievement,42,48.6,,3
202311093,3,2021,2,화학 II,과학,C,achievement,48,61.400000000000006,,3
202311093,3,2021,2,지구과학 II,과학,C,achievement,53,54.5,,3
202315049,1,2019,1,한국사,사회,5,rank,76,78.10000000000001,12.5,5
202315049,1,2019,1,국어,국어,3,rank,88,78.9,4.0,3
202315049,1,2019,1,수학,수학,5,rank,37,47.300000000000004,23.5,5
202315049,1,2019,1,영어,영어,2,rank,95,69.2,17.0,2
202315049,1,2019,1,통합사회,사회,4,rank,81,75.7,10.9,4
202315049,1,2019,2,한국사,사회,5,rank,66,66.5,17.7,5
202315049,1,2019,2,국어,국어,4,rank,75,70.0,12.200000000000001,4
202315049,1,2019,2,수학,수학,6,rank,30,49.0,24.0,6
202315049,1,2019,2,영어,영어,1,rank,91,70.9,17.900000000000002,1
202315049,1,2019,2,통합사회,사회,1,rank,81,71.0,16.2,1
202315049,2,2020,1,문학,국어,3,rank,91,74.3,15.200000000000001,3
202315049,2,2020,1,수학 I,수학,5,rank,41,45.5,25.6,5
202315049,2,2020,1,영어 I,영어,1,rank,98,66.2,20.3,1
202315049,2,2020,1,경제,사회,4,rank,80,70.2,15.0,4
202315049,2,2020,1,통합과학,과학,4,rank,85,69.9,17.5,4
202315049,2,2020,2,문학,국어,3,rank,88,71.10000000000001,17.6,3
202315049,2,2020,2,수학 I,수학,4,rank,45,45.7,24.1,4
202315049,2,2020,2,영어 I,영어,2,rank,97,60.0,20.900000000000002,2
202315049,2,2020,2,경제,사회,1,rank,93,58.900000000000006,23.6,1
202315049,2,2020,2,통합과학,과학,3,rank,81,64.60000000000001,16.7,3
202315049,3,2021,1,언어와 매체,국어,5,rank,65,63.7,17.7,5
202315049,3,2021,1,영어 독해와 작문,영어,2,rank,92,60.6,21.1,2
202315049,3,2021,2,언어와 매체,국어,3,rank,78,50.2,15.0,3
202315049,3,2021,2,영어 독해와 작문,영어,1,rank,89,38.7,14.3,1
202315060,1,2018,1,한국사,사회,5,rank,65,58.6,6.24,5
202315060,1,2018,1,국어,국어,6,rank,58,62.400000000000006,2.05,6
202315060,1,2018,1,수학,수학,5,rank,43,66.8,21.400000000000002,5
202315060,1,2018,1,영어,영어,2,rank,82,58.900000000000006,24.200000000000003,2
202315060,1,2018,1,통합사회,사회,4,rank,78,73.60000000000001,15.100000000000001,4
202315060,1,2018,1,통합과학,과학,5,rank,66,61.300000000000004,23.900000000000002,5
202315060,1,2018,1,과학탐구실험,과학,1,rank,88,76.4,14.3,1
202315060,1,2018,2,한국사,사회,5,rank,57,58.1,24.0,5
202315060,1,2018,2,국어,국어,6,rank,64,68.0,2.1,6
202315060,1,2018,2,수학,수학,5,rank,44,44.2,23.5,5
202315060,1,2018,2,영어,영어,2,rank,90,61.400000000000006,24.8,2
202315060,1,2018,2,통합사회,사회,4,rank,88,77.10000000000001,19.700000000000003,4
202315060,1,2018,2,통합과학,과학,5,rank,80,69.5,20.200000000000003,5
202315060,1,2018,2,과학탐구실험,과학,1,rank,98,78.5,19.400000000000002,1
202315060,2,2019,1,문학,국어,5,rank,75,70.3,22.0,5
202315060,2,2019,1,수학I,수학,4,rank,49,39.2,18.900000000000002,4
202315060,2,2019,1,수학II,수학,5,rank,34,37.4,20.6,5
202315060,2,2019,1,영어Ⅰ,영어,2,rank,94,65.2,24.0,2
202315060,2,2019,1,물리학 I,과학,6,rank,52,58.1,17.2,6
202315060,2,2019,1,화학 I,과학,5,rank,69,62.6,18.5,5
202315060,2,2019,1,지구과학 I,과학,4,rank,74,64.4,19.5,4
202315060,2,2019,2,언어와 매체,국어,5,rank,79,68.9,23.0,5
202315060,2,2019,2,미적분,수학,4,rank,50,39.5,22.5,4
202315060,2,2019,2,확률과 통계,수학,4,rank,51,37.7,22.200000000000003,4
202315060,2,2019,2,영어 독해와 작문,영어,2,rank,92,51.1,26.0,2
202315060,2,2019,2,물리학 I,과학,4,rank,68,58.5,18.7,4
202315060,2,2019,2,화학 I,과학,5,rank,68,59.2,23.5,5
202315060,2,2019,2,지구과학 I,과학,4,rank,67,57.400000000000006,22.700000000000003,4
202315060,3,2020,1,화법과 작문,국어,5,rank,74,67.3,20.6,5
202315060,3,2020,1,독서,국어,4,rank,91,76.4,21.1,4
202315060,3,2020,1,기하,수학,5,rank,77,71.2,21.1,5
202315060,3,2020,1,수학과제 탐구,수학,4,rank,76,66.9,19.0,4
202315060,3,2020,1,영어 II,영어,3,rank,92,71.8,20.200000000000003,3
202315060,3,2020,1,생활과 윤리,사회,6,rank,58,64.2,20.5,6
202315060,3,2020,1,물리학 II,과학,5,rank,68,59.2,22.200000000000003,5
202315060,3,2020,1,화학 II,과학,5,rank,54,60.0,16.7,5
202315060,3,2020,1,화학 실험,과학,5,rank,51,64.3,17.8,5
202315060,3,2020,2,화법과 작문,국어,6,rank,32,60.1,29.200000000000003,6
202315060,3,2020,2,독서,국어,5,rank,76,61.0,31.700000000000003,5
202315060,3,2020,2,기하,수학,5,rank,44,43.7,33.4,5
202315060,3,2020,2,수학과제 탐구,수학,4,rank,73,50.6,27.200000000000003,4
202315060,3,2020,2,진로 영어,영어,4,rank,62,44.900000000000006,27.900000000000002,4
202315060,3,2020,2,생활과 윤리,사회,5,rank,30,40.7,20.200000000000003,5
202315060,3,2020,2,물리학 II,과학,4,rank,58,42.900000000000006,26.400000000000002,4
202315060,3,2020,2,화학 II,과학,5,rank,28,32.9,23.5,5
202315060,3,2020,2,화학 실험,과학,7,rank,14,45.0,29.1,7
202315168,1,2019,1,한국사,사회,5,rank,71,68.4,17.1,5
202315168,1,2019,1,국어,국어,4,rank,77,64.8,17.900000000000002,4
202315168,1,2019,1,수학,수학,5,rank,63,58.800000000000004,20.6,5
202315168,1,2019,1,영어,영어,4,rank,67,52.800000000000004,22.1,4
202315168,1,2019,1,통합사회,사회,4,rank,82,68.5,18.5,4
202315168,1,2019,1,통합과학,과학,4,rank,78,63.6,20.6,4
202315168,1,2019,2,한국사,사회,4,rank,87,71.0,19.400000000000002,4
202315168,1,2019,2,국어,국어,4,rank,81,62.2,22.700000000000003,4
202315168,1,2019,2,수학,수학,4,rank,69,56.300000000000004,14.8,4
202315168,1,2019,2,영어,영어,4,rank,74,54.7,25.900000000000002,4
202315168,1,2019,2,통합사회,사회,4,rank,76,65.5,20.5,4
202315168,1,2019,2,통합과학,과학,4,rank,78,63.2,21.5,4
202315168,1,2019,2,과학탐구실험,과학,A,achievement,89,80.60000000000001,,1
202315168,2,2020,1,문학,국어,6,rank,49,58.900000000000006,22.200000000000003,6
202315168,2,2020,1,수학 I,수학,5,rank,54,51.7,21.400000000000002,5
202315168,2,2020,1,확률과 통계,수학,5,rank,57,51.5,24.1,5
202315168,2,2020,1,영어 I,영어,5,rank,43,50.2,22.5,5
202315168,2,2020,1,화학 I,과학,7,rank,33,52.2,20.1,7
202315168,2,2020,1,생명과학 I,과학,4,rank,62,50.300000000000004,21.400000000000002,4
202315168,2,2020,1,지구과학 I,과학,6,rank,51,63.1,24.8,6
202315168,2,2020,2,언어와 매체,국어,4,rank,62,51.2,20.8,4
202315168,2,2020,2,수학 II,수학,4,rank,64,50.400000000000006,22.8,4
202315168,2,2020,2,확률과 통계,수학,5,rank,44,44.0,24.0,5
202315168,2,2020,2,영어 독해와 작문,영어,5,rank,47,45.900000000000006,22.8,5
202315168,2,2020,2,화학 I,과학,6,rank,36,50.900000000000006,22.6,6
202315168,2,2020,2,생명과학 I,과학,4,rank,52,43.5,19.200000000000003,4
202315168,2,2020,2,지구과학 I,과학,6,rank,33,49.2,23.1,6
202315168,3,2021,1,독서,국어,6,rank,34,52.5,23.8,6
202315168,3,2021,1,미적분,수학,7,rank,16,42.2,26.8,7
202315168,3,2021,1,영어 II,영어,5,rank,36,47.900000000000006,23.900000000000002,5
202315168,3,2021,1,생활과 윤리,사회,7,rank,29,53.2,24.3,7
202315168,3,2021,2,화법과 작문,국어,6,rank,25,39.6,18.7,6
202315168,3,2021,2,생활과 윤리,사회,8,rank,24,47.7,24.1,8
202315168,3,2021,1,기하,수학,C,achievement,57,66.8,,3
202315168,3,2021,1,생명과학 II,과학,C,achievement,38,59.800000000000004,,3
202315168,3,2021,1,지구과학 II,과학,C,achievement,27,61.5,,3
202315168,3,2021,2,기하,수학,C,achievement,54,71.60000000000001,,3
202315168,3,2021,2,수학과제 탐구,수학,C,achievement,39,50.5,,3
202315168,3,2021,2,진로 영어,영어,C,achievement,24,36.800000000000004,,3
202315168,3,2021,2,생명과학 II,과학,C,achievement,42,67.4,,3
202315168,3,2021,2,지구과학 II,과학,C,achievement,38,68.3,,3
202410215,1,2020,1,국어,국어,1,rank,93,53.8,21.8,1
202410215,1,2020,1,수학,수학,2,rank,84,44.4,19.9,2
202410215,1,2020,1,영어,영어,3,rank,89,53.1,24.0,3
202410215,1,2020,1,통합사회,사회,2,rank,93,55.7,22.0,2
202410215,1,2020,1,통합과학,과학,2,rank,95,54.8,25.0,2
202410215,1,2020,1,과학탐구실험,과학,A,achievement,98,81.7,15.7,1
202410215,1,2020,2,국어,국어,2,rank,88,49.6,25.9,2
202410215,1,2020,2,수학,수학,2,rank,88,46.7,22.1,2
202410215,1,2020,2,영어,영어,2,rank,94,47.5,26.0,2
202410215,1,2020,2,통합사회,사회,2,rank,94,55.1,23.3,2
202410215,1,2020,2,통합과학,과학,1,rank,97,51.4,24.3,1
202410215,1,2020,2,과학탐구실험,과학,A,achievement,100,78.1,19.0,1
202410215,2,2021,1,독서,국어,2,rank,88,57.7,22.2,2
202410215,2,2021,1,문학,국어,2,rank,93,59.5,24.1,2
202410215,2,2021,1,수학 I,수학,?,rank,81,43.7,22.2,0
202410215,2,2021,1,영어 I,영어,1,rank,98,52.5,27.6,1
202410215,2,2021,1,물리학 I,과학,?,rank,75,70.2,25.6,0
202410215,2,2021,1,화학 I,과학,5,rank,84,75.7,18.0,5
202410215,2,2021,1,생명과학 I,과학,3,rank,85,59.9,23.2,3
202410215,2,2021,2,독서,국어,1,rank,89,54.2,21.0,1
202410215,2,2021,2,문학,국어,2,rank,95,58.2,25.7,2
202410215,2,2021,2,수학 II,수학,3,rank,74,40.0,23.7,3
202410215,2,2021,2,영어 I,영어,1,rank,96,52.5,27.5,1
202410215,2,2021,2,물리학 I,과학,?,rank,99,75.6,28.0,0
202410215,2,2021,2,화학 I,과학,3,rank,96,76.2,22.7,3
202410215,2,2021,2,생명과학 I,과학,3,rank,87,55.9,21.7,3
202410215,2,2021,1,기하,수학,B,achievement,78,49.8,,2
202410215,2,2021,2,기하,수학,B,achievement,72,46.8,,2
202410215,3,2022,1,언어와 매체,국어,2,rank,94,54.7,27.3,2
202410215,3,2022,1,미적분,수학,5,rank,69,61.6,21.4,5
202410215,3,2022,1,영어 I,영어,2,rank,96,47.6,28.1,2
202410215,3,2022,2,언어와 매체,국어,1,rank,96,48.9,27.5,1
202410215,3,2022,2,미적분,수학,5,rank,67,58.2,24.9,5
202410215,3,2022,2,영어 I,영어,3,rank,79,48.0,20.2,3
202410215,3,2022,1,심화 수학 I,수학,A,achievement,98,74.5,,1
202410215,3,2022,1,여행지리,사회,A,achievement,86,55.8,,1
202410215,3,2022,1,화학 II,과학,A,achievement,97,85.3,,1
202410215,3,2022,1,생명과학 II,과학,A,achievement,98,70.0,,1
202410215,3,2022,1,생활과 과학,과학,A,achievement,91,62.9,,1
202410215,3,2022,2,심화 수학 I,수학,A,achievement,94,77.8,,1
202410215,3,2022,2,여행지리,사회,B,achievement,65,40.0,,2
202410215,3,2022,2,화학 II,과학,A,achievement,80,78.3,,1
202410215,3,2022,2,생명과학 II,과학,B,achievement,75,62.7,,2
202410215,3,2022,2,생활과 과학,과학,A,achievement,82,56.0,,1
202410215,3,2022,1,언어와 매체,국어,2,rank,94,54.7,27.3,2
202410215,3,2022,1,미적분,수학,5,rank,69,61.6,21.4,5
202410215,3,2022,1,영어 I,영어,2,rank,96,47.6,28.1,2
202410215,3,2022,2,언어와 매체,국어,1,rank,96,48.9,27.5,1
202410215,3,2022,2,미적분,수학,5,rank,67,58.2,24.9,5
202410215,3,2022,2,영어 I,영어,3,rank,79,48.0,20.2,3
202410215,3,2022,1,심화 수학 I,수학,A,achievement,98,74.5,,1
202410215,3,2022,1,여행지리,사회,A,achievement,86,55.8,,1
202410215,3,2022,1,화학 II,과학,A,achievement,97,85.3,,1
202410215,3,2022,1,생명과학 II,과학,A,achievement,98,70.0,,1
202410215,3,2022,1,생활과 과학,과학,A,achievement,91,62.9,,1
202410215,3,2022,2,심화 수학 I,수학,A,achievement,94,77.8,,1
202410215,3,2022,2,여행지리,사회,B,achievement,65,40.0,,2
202410215,3,2022,2,화학 II,과학,A,achievement,80,78.3,,1
202410215,3,2022,2,생명과학 II,과학,B,achievement,75,62.7,,2
202410215,3,2022,2,생활과 과학,과학,A,achievement,82,56.0,,1
202410346,1,2021,1,국어,국어,4,rank,82,69.2,20.2,4
202410346,1,2021,1,수학,수학,5,rank,62,60.3,19.5,5
202410346,1,2021,1,영어,영어,4,rank,81,70.1,18.1,4
202410346,1,2021,1,한국사,사회,4,rank,84,71.8,21.3,4
202410346,1,2021,1,통합사회,사회,5,rank,84,80.5,15.8,5
202410346,1,2021,1,통합과학,과학,3,rank,79,61.5,19.3,3
202410346,1,2021,1,과학탐구실험,과학,A,achievement,94,85.4,14.0,1
202410346,1,2021,2,국어,국어,4,rank,86,70.0,20.2,4
202410346,1,2021,2,수학,수학,3,rank,87,70.7,19.0,3
202410346,1,2021,2,영어,영어,4,rank,83,70.0,19.9,4
202410346,1,2021,2,한국사,사회,4,rank,82,66.9,21.1,4
202410346,1,2021,2,통합사회,사회,4,rank,84,69.1,16.8,4
202410346,1,2021,2,통합과학,과학,3,rank,86,63.2,19.6,3
202410346,1,2021,2,과학탐구실험,과학,A,achievement,100,82.8,15.9,1
202410346,2,2022,1,문학,국어,4,rank,89,71.5,19.1,4
202410346,2,2022,1,수학 I,수학,3,rank,90,65.4,21.0,3
202410346,2,2022,1,영어 I,영어,4,rank,83,71.0,20.3,4
202410346,2,2022,1,사회·문화,사회,4,rank,86,64.1,22.2,4
202410346,2,2022,1,물리학 I,과학,4,rank,84,65.9,23.5,4
202410346,2,2022,1,화학 I,과학,3,rank,91,72.2,20.0,3
202410346,2,2022,1,지구과학 I,과학,3,rank,88,64.4,20.4,3
202410346,2,2022,2,독서,국어,2,rank,92,64.3,21.2,2
202410346,2,2022,2,수학 II,수학,3,rank,80,61.3,19.2,3
202410346,2,2022,2,영어 II,영어,4,rank,83,67.0,22.6,4
202410346,2,2022,2,사회·문화,사회,3,rank,92,63.8,24.8,3
202410346,2,2022,2,물리학 I,과학,4,rank,81,64.2,21.7,4
202410346,2,2022,2,화학 I,과학,3,rank,85,58.9,24.2,3
202410346,2,2022,2,지구과학 I,과학,3,rank,87,59.3,21.5,3
202410346,2,2022,1,사회문제탐구,사회,A,achievement,95,78.5,,1
202410346,2,2022,1,과학과제연구,과학,A,achievement,86,75.3,,1
202410346,2,2022,2,사회문제탐구,사회,A,achievement,94,70.5,,1
202410346,2,2022,2,과학과제연구,과학,A,achievement,95,71.1,,1
202410346,3,2023,1,언어와 매체,국어,3,rank,89,65.9,22.4,3
202410346,3,2023,1,미적분,수학,3,rank,84,64.0,19.5,3
202410346,3,2023,1,확률과 통계,수학,2,rank,96,59.1,24.4,2
202410346,3,2023,1,영어 독해와 작문,영어,4,rank,79,61.0,23.9,4
202410346,3,2023,2,언어와 매체,국어,3,rank,81,59.3,21.1,3
202410346,3,2023,2,미적분,수학,4,rank,76,59.4,22.8,4
202410346,3,2023,2,확률과 통계,수학,2,rank,95,50.2,23.6,2
202410346,3,2023,1,기하,수학,A,achievement,91,71.7,,1
202410346,3,2023,1,물리학 II,과학,A,achievement,81,61.1,,1
202410346,3,2023,1,화학 II,과학,A,achievement,97,82.4,,1
202410346,3,2023,1,지구과학 II,과학,A,achievement,93,70.1,,1
202410346,3,2023,2,기하,수학,B,achievement,78,53.4,,2
202410346,3,2023,2,심화 영어 I,영어,C,achievement,52,43.6,,3
202410346,3,2023,2,물리학 II,과학,B,achievement,78,46.2,,2
202410346,3,2023,2,화학 II,과학,A,achievement,84,64.8,,1
202410346,3,2023,2,지구과학 II,과학,A,achievement,86,67.7,,1
202410723,1,2021,1,국어,국어,2,rank,96,65.8,20.8,2
202410723,1,2021,1,수학,수학,4,rank,68,57.7,22.6,4
202410723,1,2021,1,영어,영어,5,rank,67,61.5,24.2,5
202410723,1,2021,1,한국사,사회,3,rank,88,54.1,23.8,3
202410723,1,2021,1,통합사회,사회,4,rank,82,68.2,21.0,4
202410723,1,2021,1,통합과학,과학,2,rank,85,53.9,22.2,2
202410723,1,2021,1,과학탐구실험,과학,A,achievement,98,78.3,16.1,1
202410723,1,2021,2,국어,국어,3,rank,88,65.0,23.3,3
202410723,1,2021,2,수학,수학,4,rank,70,57.0,23.4,4
202410723,1,2021,2,영어,영어,5,rank,62,58.4,27.8,5
202410723,1,2021,2,한국사,사회,3,rank,83,53.6,24.3,3
202410723,1,2021,2,통합사회,사회,3,rank,89,63.2,22.8,3
202410723,1,2021,2,통합과학,과학,1,rank,97,58.5,23.7,1
202410723,1,2021,2,과학탐구실험,과학,A,achievement,98,78.8,17.4,1
202410723,2,2022,1,문학,국어,3,rank,89,68.6,21.9,3
202410723,2,2022,1,수학 I,수학,3,rank,79,53.0,19.5,3
202410723,2,2022,1,영어 I,영어,5,rank,63,58.1,23.8,5
202410723,2,2022,1,물리학 I,과학,2,rank,77,54.0,18.4,2
202410723,2,2022,1,화학 I,과학,3,rank,89,67.8,20.3,3
202410723,2,2022,1,생명과학 I,과학,3,rank,83,63.0,20.4,3
202410723,2,2022,2,독서,국어,2,rank,94,68.3,22.2,2
202410723,2,2022,2,수학 II,수학,3,rank,76,53.7,19.9,3
202410723,2,2022,2,영어 II,영어,4,rank,71,55.9,23.9,4
202410723,2,2022,2,물리학 I,과학,3,rank,83,58.0,22.3,3
202410723,2,2022,2,화학 I,과학,3,rank,84,62.1,21.7,3
202410723,2,2022,2,생명과학 I,과학,3,rank,93,65.6,22.7,3
202410723,2,2022,1,기하,수학,A,achievement,80,63.8,,1
202410723,2,2022,2,기하,수학,A,achievement,80,67.8,,1
202410723,3,2023,1,언어와 매체,국어,3,rank,92,72.2,22.5,3
202410723,3,2023,1,미적분,수학,4,rank,76,59.5,22.1,4
202410723,3,2023,1,확률과 통계,수학,3,rank,81,54.0,21.9,3
202410723,3,2023,1,영어 독해와 작문,영어,4,rank,77,56.9,23.4,4
202410723,3,2023,2,언어와 매체,국어,4,rank,82,59.2,23.2,4
202410723,3,2023,2,미적분,수학,3,rank,76,53.9,18.0,3
202410723,3,2023,2,확률과 통계,수학,1,rank,90,53.4,17.5,1
202410723,3,2023,2,영어 회화,영어,2,rank,64,39.1,17.9,2
202410723,3,2023,1,수학과제 탐구,수학,A,achievement,100,89.4,,1
202410723,3,2023,1,여행지리,사회,A,achievement,89,74.0,,1
202410723,3,2023,1,물리학 II,과학,A,achievement,92,63.8,,1
202410723,3,2023,2,생명과학 II,과학,A,achievement,83,62.3,,1
202410723,3,2023,2,물리학 II,과학,A,achievement,97,47.9,,1
202410723,3,2023,2,생명과학 II,과학,B,achievement,68,51.5,,2
202410821,1,2020,1,국어,국어,5,rank,76,73.6,11.9,5
202410821,1,2020,1,수학,수학,6,rank,59,64.0,20.7,6
202410821,1,2020,1,영어,영어,4,rank,83,68.6,21.8,4
202410821,1,2020,1,한국사,사회,5,rank,69,71.0,17.0,5
202410821,1,2020,1,통합사회,사회,4,rank,89,80.4,13.5,4
202410821,1,2020,1,통합과학,과학,3,rank,94,78.4,18.0,3
202410821,1,2020,1,과학탐구실험,과학,A,achievement,98,91.3,12.1,1
202410821,1,2020,2,국어,국어,4,rank,82,69.0,20.0,4
202410821,1,2020,2,수학,수학,5,rank,53,50.9,23.0,5
202410821,1,2020,2,영어,영어,4,rank,79,56.9,24.8,4
202410821,1,2020,2,한국사,사회,6,rank,36,53.9,26.8,6
202410821,1,2020,2,통합사회,사회,3,rank,89,65.0,25.0,3
202410821,1,2020,2,통합과학,과학,4,rank,86,66.0,25.3,4
202410821,1,2020,2,과학탐구실험,과학,A,achievement,100,94.8,9.5,1
202410821,2,2021,1,문학,국어,4,rank,85,71.5,19.2,4
202410821,2,2021,1,수학 I,수학,5,rank,60,58.6,18.3,5
202410821,2,2021,1,확률과 통계,수학,5,rank,61,55.6,18.9,5
202410821,2,2021,1,영어 I,영어,4,rank,68,60.0,24.7,4
202410821,2,2021,1,물리학 I,과학,5,rank,83,80.7,14.1,5
202410821,2,2021,1,화학 I,과학,6,rank,44,62.5,27.1,6
202410821,2,2021,1,생명과학 I,과학,6,rank,67,71.1,20.6,6
202410821,2,2021,2,언어와 매체,국어,5,rank,69,65.3,21.8,5
202410821,2,2021,2,수학 II,수학,5,rank,50,53.6,19.7,5
202410821,2,2021,2,확률과 통계,수학,7,rank,28,51.1,23.2,7
202410821,2,2021,2,영어 독해와 작문,영어,4,rank,70,59.2,26.5,4
202410821,2,2021,2,물리학 I,과학,5,rank,71,72.5,22.8,5
202410821,2,2021,2,화학 I,과학,6,rank,37,54.3,28.1,6
202410821,2,2021,2,생명과학 I,과학,6,rank,42,58.0,19.5,6
202410821,2,2021,1,고전 읽기,국어,A,achievement,83,75.2,,1
202410821,2,2021,1,심화 영어 I,영어,A,achievement,83,59.2,,1
202410821,2,2021,2,고전 읽기,국어,A,achievement,80,63.0,,1
202410821,2,2021,2,심화 영어 I,영어,B,achievement,71,57.2,,2
202410821,3,2022,1,독서,국어,4,rank,80,66.9,20.4,4
202410821,3,2022,1,미적분,수학,8,rank,28,58.9,18.6,8
202410821,3,2022,1,영어 I,영어,4,rank,51,48.6,24.0,4
202410821,3,2022,2,화법과 작문,국어,5,rank,74,61.7,24.4,5
202410821,3,2022,1,기하,수학,B,achievement,73,57.8,,2
202410821,3,2022,2,기하,수학,B,achievement,68,52.5,,2
202410821,3,2022,2,심화 수학 I,수학,C,achievement,48,60.7,,3
202410821,3,2022,2,심화 영어 작문 I,영어,C,achievement,56,45.2,,3
202410821,3,2022,1,한국 사회의 이해,사회,B,achievement,73,69.9,,2
202410821,3,2022,2,한국 사회의 이해,사회,A,achievement,80,71.6,,1
202410821,3,2022,1,생명과학 II,과학,B,achievement,60,69.1,,2
202410821,3,2022,2,생명과학 II,과학,B,achievement,68,64.4,,2
202410821,3,2022,1,지구과학 II,과학,B,achievement,64,68.7,,2
202410821,3,2022,2,지구과학 II,과학,B,achievement,61,66.6,,2
202410821,3,2022,1,과학과제 연구,과학,A,achievement,95,91.1,,1
202410821,3,2022,2,과학과제 연구,과학,B,achievement,75,76.6,,2
202410822,1,2016,1,국어1,국어,5,rank,67,64.4,20.8,5
202410822,1,2016,2,국어2,국어,5,rank,72,65.60000000000001,23.5,5
202410822,1,2016,1,수학1,수학,5,rank,66,56.2,23.700000000000003,5
202410822,1,2016,2,수학2,수학,5,rank,48,49.2,21.3,5
202410822,1,2016,2,실용영어,영어,6,rank,53,69.4,23.400000000000002,6
202410822,1,2016,1,실용영어독해와작문,영어,6,rank,55,69.5,23.0,6
202410822,1,2016,2,경제,사회,4,rank,49,44.7,23.8,4
202410822,1,2016,1,한국사,사회,5,rank,81,71.9,22.8,5
202410822,1,2016,1,생활과윤리,사회,4,rank,79,64.7,21.3,4
202410822,1,2016,1,과학,과학,5,rank,77,64.7,25.3,5
202410822,1,2016,1,지구과학1,과학,2,rank,95,70.8,21.400000000000002,2
202410822,1,2016,2,한국사 ,사회,5,rank,69,61.5,24.6,5
202410822,1,2016,2,지구과학1,과학,4,rank,76,61.2,20.1,4
202410822,1,2016,2,과학,과학,5,rank,64,60.0,25.1,5
202410822,2,2017,1,문학,국어,5,rank,69,61.900000000000006,22.400000000000002,5
202410822,2,2017,2,문학,국어,5,rank,75,61.2,25.1,5
202410822,2,2017,1,독서와 문법,국어,6,rank,69,71.2,24.8,6
202410822,2,2017,2,독서와 문법,국어,6,rank,56,66.9,28.700000000000003,6
202410822,2,2017,2,확률과 통계,수학,7,rank,38,60.0,23.200000000000003,7
202410822,2,2017,1,미적분1,수학,6,rank,45,55.300000000000004,21.3,6
202410822,2,2017,2,미적분2,수학,7,rank,20,51.0,23.900000000000002,7
202410822,2,2017,1,영어1,영어,7,rank,41,68.2,24.200000000000003,7
202410822,2,2017,2,영어독해와작문,영어,8,rank,27,63.6,24.1,8
202410822,2,2017,1,세계지리,사회,6,rank,70,72.7,20.5,6
202410822,2,2017,2,세계지리,사회,6,rank,61,66.0,22.400000000000002,6
202410822,2,2017,1,물리1,과학,4,rank,81,71.9,20.6,4
202410822,2,2017,2,물리1,과학,6,rank,52,63.7,23.8,6
202410822,2,2017,1,화학1,과학,5,rank,62,62.300000000000004,22.1,5
202410822,2,2017,2,화학1,과학,7,rank,39,62.5,24.400000000000002,7
202410822,2,2017,1,생명과학1,과학,4,rank,84,68.5,20.900000000000002,4
202410822,2,2017,2,생명과학1,과학,4,rank,79,65.3,18.2,4
202410822,3,2018,1,화법과작문,국어,5,rank,56,59.9,22.400000000000002,5
202410822,3,2018,2,화법과작문,국어,7,rank,28,50.1,23.6,7
202410822,3,2018,1,확률과통계,수학,7,rank,23,57.0,23.7,7
202410822,3,2018,2,확률과통계,수학,8,rank,19,53.9,25.8,8
202410822,3,2018,1,기하와벡터,수학,7,rank,39,60.6,20.900000000000002,7
202410822,3,2018,2,기하와벡터,수학,6,rank,24,41.7,20.8,6
202410822,3,2018,1,영어Ⅱ,영어,7,rank,28,53.5,23.5,7
202410822,3,2018,2,심화영어독해Ⅰ,영어,7,rank,25,41.4,18.6,7
202410822,3,2018,1,한국사,사회,6,rank,31,45.2,24.5,6
202410822,3,2018,2,한국사,사회,7,rank,19,39.0,20.8,7
202410822,3,2018,1,지구과학Ⅱ,과학,7,rank,20,43.2,24.2,7
202410822,3,2018,2,지구과학Ⅱ,과학,5,rank,38,45.4,17.7,5
202410822,3,2018,1,생명과학Ⅱ,과학,7,rank,21,43.9,24.2,7
202410822,3,2018,2,생명과학Ⅱ,과학,6,rank,39,43.300000000000004,15.5,6
202410843,1,2021,1,국어,국어,4,rank,84,77.1,11.4,4
202410843,1,2021,1,수학,수학,4,rank,73,64.0,14.8,4
202410843,1,2021,1,영어,영어,7,rank,51,67.2,16.6,7
202410843,1,2021,1,한국사,사회,6,rank,65,69.2,16.9,6
202410843,1,2021,1,통합사회,사회,4,rank,85,78.0,10.3,4
202410843,1,2021,1,통합과학,과학,5,rank,78,74.1,13.5,5
202410843,1,2021,1,과학탐구실험,과학,A,achievement,94,94.2,4.7,1
202410843,1,2021,2,국어,국어,6,rank,83,83.7,11.8,6
202410843,1,2021,2,수학 I,수학,4,rank,77,64.6,16.1,4
202410843,1,2021,2,영어,영어,6,rank,60,70.0,16.2,6
202410843,1,2021,2,한국사,사회,6,rank,56,68.3,17.7,6
202410843,1,2021,2,통합사회,사회,4,rank,74,77.9,12.2,4
202410843,1,2021,2,통합과학,과학,4,rank,84,78.9,12.0,4
202410843,1,2021,2,과학탐구실험,과학,A,achievement,92,92.9,6.2,1
202410843,2,2022,1,문학,국어,6,rank,82,82.6,9.0,6
202410843,2,2022,1,수학 I,수학,4,rank,81,73.2,12.1,4
202410843,2,2022,1,영어 I,영어,6,rank,62,72.7,15.2,6
202410843,2,2022,1,물리학 I,과학,7,rank,57,70.5,16.1,7
202410843,2,2022,1,생명과학 I,과학,4,rank,74,66.4,13.3,4
202410843,2,2022,1,지구과학 I,과학,4,rank,77,67.9,15.6,4
202410843,2,2022,2,언어와 매체,국어,6,rank,66,70.6,13.7,6
202410843,2,2022,2,미적분,수학,3,rank,75,62.6,14.6,3
202410843,2,2022,2,영어 II,영어,5,rank,56,63.9,14.9,5
202410843,2,2022,2,사회·문화,사회,5,rank,67,68.1,17.0,5
202410843,2,2022,2,생활과 윤리,사회,6,rank,64,71.5,15.1,6
202410843,2,2022,1,진로 영어,영어,B,achievement,66,77.3,,2
202410843,2,2022,2,진로 영어,영어,B,achievement,66,79.1,,2
202410843,2,2022,2,지구과학 II,과학,B,achievement,64,63.2,,2
202410843,3,2023,1,독서,국어,4,rank,76,70.1,15.4,4
202410843,3,2023,1,영어 독해와 작문,영어,6,rank,46,57.0,15.4,6
202410843,3,2023,1,심화 수학 I,수학,A,achievement,84,77.1,,1
202410843,3,2023,1,수학연습 I,수학,A,achievement,90,71.3,,1
202410843,3,2023,1,4차 산업혁명과 윤리,사회,A,achievement,99,85.9,,1
202410843,3,2023,1,생활과 과학,과학,A,achievement,95,89.6,,1
202410843,3,2023,1,융합과학 탐구,과학,B,achievement,72,83.6,,2
202410843,3,2023,2,심화 국어,국어,A,achievement,87,71.6,,1
202410843,3,2023,2,수학과제 탐구,수학,A,achievement,95,80.2,,1
202410843,3,2023,2,심화 영어 독해 I,영어,C,achievement,46,59.6,,3
202410843,3,2023,2,4차 산업혁명과 윤리,사회,A,achievement,88,81.4,,1
202410843,3,2023,2,생활과 과학,과학,A,achievement,95,86.6,,1
202410843,3,2023,2,융합과학 탐구,과학,A,achievement,100,87.3,,1
202410891,1,2021,1,국어,국어,1,rank,96,70.9,18.1,1
202410891,1,2021,1,수학,수학,4,rank,60,52.9,19.5,4
202410891,1,2021,1,영어,영어,3,rank,83,55.6,25.1,3
202410891,1,2021,1,한국사,사회,1,rank,92,54.6,20.2,1
202410891,1,2021,1,통합사회,사회,2,rank,94,69.9,16.4,2
202410891,1,2021,1,통합과학,과학,3,rank,79,53.3,20.4,3
202410891,1,2021,1,과학탐구실험,과학,A,achievement,98,92.6,5.7,1
202410891,1,2021,2,국어,국어,3,rank,89,67.5,19.1,3
202410891,1,2021,2,수학,수학,3,rank,69,48.7,19.0,3
202410891,1,2021,2,영어,영어,3,rank,87,56.5,25.7,3
202410891,1,2021,2,한국사,사회,2,rank,91,56.4,21.9,2
202410891,1,2021,2,통합사회,사회,1,rank,93,60.0,20.2,1
202410891,1,2021,2,통합과학,과학,3,rank,88,62.9,21.4,3
202410891,1,2021,2,과학탐구실험,과학,A,achievement,93,74.9,22.7,1
202410891,2,2022,1,문학,국어,2,rank,95,74.2,17.6,2
202410891,2,2022,1,수학 I,수학,3,rank,80,60.0,20.5,3
202410891,2,2022,1,영어 I,영어,4,rank,79,65.8,20.0,4
202410891,2,2022,1,화학 I,과학,5,rank,64,60.0,17.6,5
202410891,2,2022,1,생명과학 I,과학,4,rank,86,74.1,14.7,4
202410891,2,2022,1,지구과학 I,과학,4,rank,86,64.3,22.5,4
202410891,2,2022,2,독서,국어,3,rank,93,68.1,22.8,3
202410891,2,2022,2,수학 II,수학,3,rank,81,58.6,24.7,3
202410891,2,2022,2,영어 독해와 작문,영어,4,rank,84,65.3,20.8,4
202410891,2,2022,2,화학 I,과학,5,rank,69,57.9,24.5,5
202410891,2,2022,2,생명과학 I,과학,4,rank,75,61.0,16.8,4
202410891,2,2022,2,지구과학 I,과학,4,rank,83,64.2,22.8,4
202410891,2,2022,1,고전 읽기,국어,A,achievement,94,78.6,,1
202410891,2,2022,2,고전 읽기,국어,A,achievement,89,63.4,,1
202410891,2,2022,2,생명과학 실험,과학,A,achievement,90,88.2,,1
202410891,3,2023,1,언어와 매체,국어,3,rank,82,59.0,21.3,3
202410891,3,2023,1,미적분,수학,5,rank,73,68.6,18.5,5
202410891,3,2023,1,영어 I,영어,4,rank,72,56.9,24.0,4
202410891,3,2023,2,언어와 매체,국어,2,rank,92,62.9,23.5,2
202410891,3,2023,2,미적분,수학,4,rank,72,56.1,26.3,4
202410891,3,2023,2,영어 I,영어,4,rank,68,48.8,24.1,4
202410891,3,2023,1,심화 국어,국어,A,achievement,100,78.0,,1
202410891,3,2023,1,수학과제 탐구,수학,A,achievement,87,69.3,,1
202410891,3,2023,1,진로 영어,영어,A,achievement,81,68.0,,1
202410891,3,2023,1,사회문제 탐구,사회,A,achievement,100,74.7,,1
202410891,3,2023,1,화학 II,과학,A,achievement,87,76.6,,1
202410891,3,2023,1,생명과학 II,과학,B,achievement,71,56.1,,2
202410891,3,2023,2,심화 국어,국어,A,achievement,96,73.2,,1
202410891,3,2023,2,수학과제 탐구,수학,A,achievement,93,66.9,,1
202410891,3,2023,2,진로 영어,영어,A,achievement,96,72.2,,1
202410891,3,2023,2,사회문제 탐구,사회,A,achievement,98,74.0,,1
202410891,3,2023,2,화학 II,과학,C,achievement,58,67.5,,3
202410891,3,2023,2,생명과학 II,과학,C,achievement,39,41.9,,3
202411431,1,2019,1,한국사,사회,9,rank,30,68.0,18.2,9
202411431,1,2019,1,국어,국어,9,rank,23,68.0,17.4,9
202411431,1,2019,1,수학,수학,8,rank,21,51.5,17.7,8
202411431,1,2019,1,영어,영어,9,rank,26,75.7,15.0,9
202411431,1,2019,1,통합사회,사회,9,rank,30,76.2,13.4,9
202411431,1,2019,1,통합과학,과학,9,rank,18,66.4,20.5,9
202411431,1,2019,1,과학탐구실험,과학,C,achievement,9,79.8,13.3,3
202411431,1,2019,2,한국사,사회,9,rank,38,65.8,18.7,9
202411431,1,2019,2,국어,국어,9,rank,24,65.5,19.4,9
202411431,1,2019,2,수학,수학,6,rank,43,54.5,18.8,6
202411431,1,2019,2,영어,영어,9,rank,32,77.2,16.6,9
202411431,1,2019,2,통합사회,사회,8,rank,54,75.9,13.3,8
202411431,1,2019,2,통합과학,과학,9,rank,25,67.4,21.7,9
202411431,1,2019,2,과학탐구실험,과학,C,achievement,25,84.5,10.0,3
202411431,2,2020,1,문학,국어,7,rank,37,66.0,21.5,7
202411431,2,2020,1,수학 I,수학,7,rank,48,65.4,18.3,7
202411431,2,2020,1,영어 I,영어,8,rank,42,73.8,18.4,8
202411431,2,2020,1,한국지리,사회,6,rank,53,66.4,21.2,6
202411431,2,2020,1,세계사,사회,6,rank,43,61.7,22.7,6
202411431,2,2020,1,사회·문화,사회,6,rank,57,68.3,18.6,6
202411431,2,2020,2,언어와 매체,국어,7,rank,30,60.8,23.3,7
202411431,2,2020,2,수학 II,수학,9,rank,26,58.0,18.8,9
202411431,2,2020,2,영어 II,영어,9,rank,21,60.5,21.7,9
202411431,2,2020,2,한국지리,사회,7,rank,29,50.7,23.4,7
202411431,2,2020,2,세계사,사회,6,rank,36,54.3,25.7,6
202411431,2,2020,2,사회·문화,사회,9,rank,24,65.5,21.2,9
202411431,2,2020,1,고전 읽기,국어,C,achievement,51,84.2,,3
202411431,2,2020,2,고전 읽기,국어,C,achievement,32,79.4,,3
202411431,3,2021,1,생활과 과학,과학,A,achievement,100,90.3,,1
202411431,3,2021,2,생활과 과학,과학,A,achievement,86,80.9,,1
202510782,1,2022,1,국어,국어,4,rank,76,69.2,9.3,4
202510782,1,2022,1,수학,수학,1,rank,91,69.2,11.4,1
202510782,1,2022,1,영어,영어,3,rank,83,68.0,13.5,3
202510782,1,2022,1,통합사회,사회,6,rank,83,82.7,11.3,6
202510782,1,2022,1,통합과학,과학,4,rank,79,73.1,13.3,4
202510782,1,2022,2,국어,국어,3,rank,76,68.2,10.3,3
202510782,1,2022,2,수학,수학,3,rank,78,67.8,11.4,3
202510782,1,2022,2,영어,영어,3,rank,83,67.1,14.2,3
202510782,1,2022,2,통합사회,사회,4,rank,85,76.8,10.6,4
202510782,1,2022,2,통합과학,과학,4,rank,85,78.7,12.2,4
202510782,1,2022,2,과학탐구실험,과학,A,achievement,90,91.9,9.5,1
202510782,2,2023,1,문학,국어,4,rank,84,74.5,12.3,4
202510782,2,2023,1,수학 I,수학,2,rank,96,71.6,14.3,2
202510782,2,2023,1,영어 I,영어,2,rank,93,70.6,15.4,2
202510782,2,2023,1,세계지리,사회,.,rank,100,93.9,8.2,0
202510782,2,2023,1,물리학 I,과학,4,rank,84,73.7,15.3,4
202510782,2,2023,1,화학 I,과학,5,rank,75,71.9,13.5,5
202510782,2,2023,2,독서,국어,4,rank,78,69.6,11.9,4
202510782,2,2023,2,수학 II,수학,2,rank,91,70.8,14.1,2
202510782,2,2023,2,영어 II,영어,2,rank,91,70.4,15.9,2
202510782,2,2023,2,세계지리,사회,.,rank,100,93.7,11.0,0
202510782,2,2023,2,물리학 I,과학,5,rank,79,71.7,16.9,5
202510782,2,2023,2,화학 I,과학,5,rank,64,68.8,17.0,5
202510782,2,2023,1,인공지능 수학,수학,A,achievement,100,88.7,,1
202510782,2,2023,1,물리학 실험,과학,A,achievement,95,94.3,,1
202510782,2,2023,2,인공지능 수학,수학,A,achievement,92,82.9,,1
202510782,2,2023,2,물리학 실험,과학,A,achievement,97,90.6,,1
202510782,3,2024,1,학법과 작문,국어,1,rank,90,73.3,13.2,1
202510782,3,2024,1,미적분,수학,3,rank,79,67.9,13.7,3
202510782,3,2024,1,한국사,사회,5,rank,72,69.1,12.0,5
202510782,3,2024,1,영어 독해와 작문,영어,2,rank,89,71.7,13.0,2
202510782,3,2024,1,세계사,사회,5,rank,68,66.3,17.2,5
202510782,3,2024,2,미적분,수학,4,rank,71,65.0,14.0,4
202510782,3,2024,2,한국사,사회,3,rank,77,68.2,11.4,3
202510782,3,2024,2,영어 독해와 작문,영어,3,rank,91,70.6,14.5,3
202510782,3,2024,2,세계사,사회,4,rank,79,70.8,11.3,4
202510782,3,2024,1,영미 문학 읽기,영어,A,achievement,100,97.4,,1
202510782,3,2024,1,물리학 II,과학,A,achievement,80,75.1,,1
202510782,3,2024,1,정보과학,과학,A,achievement,100,93.5,,1
202510782,3,2024,2,고전 읽기,국어,A,achievement,87,79.2,,1
202510782,3,2024,2,영미 문학 읽기,영어,A,achievement,100,88.1,,1
202510782,3,2024,2,물리학 II,과학,A,achievement,93,73.5,,1
202510782,3,2024,2,정보과학,과학,A,achievement,90,83.2,,1
202510790,1,2022,1,국어,국어,4,achievement,74,67.2,14.6,0
202510790,1,2022,1,수학,수학,3,achievement,82,58.9,19.1,0
202510790,1,2022,1,영어,영어,3,achievement,91,66.60000000000001,20.6,0
202510790,1,2022,1,한국사,한국사,4,achievement,80,71.5,8.2,0
202510790,1,2022,1,통합사회,사회,4,achievement,78,70.2,13.200000000000001,0
202510790,1,2022,1,통합과학,과학,4,achievement,55,51.0,20.900000000000002,0
202510790,1,2022,1,과학탐구실험,과학,A,rank,100,94.9,,0
202510790,1,2022,2,국어,국어,4,rank,74,68.0,14.1,4
202510790,1,2022,2,수학,수학,2,rank,86,58.300000000000004,20.400000000000002,2
202510790,1,2022,2,영어,영어,3,rank,79,59.7,21.0,3
202510790,1,2022,2,한국사,사회,5,rank,73,71.10000000000001,14.0,5
202510790,1,2022,2,통합사회,사회,3,rank,88,71.4,16.0,3
202510790,1,2022,2,통합과학,과학,3,rank,86,52.9,23.0,3
202510790,1,2022,2,과학탐구실험,과학,A,achievement,100,95.80000000000001,,1
202510790,2,2023,1,독서,국어,4,rank,82,75.0,12.600000000000001,4
202510790,2,2023,1,수학 I,수학,2,rank,86,65.4,16.6,2
202510790,2,2023,1,확률과 통계,수학,3,rank,80,56.1,20.200000000000003,3
202510790,2,2023,1,영어 I,영어,3,rank,80,62.800000000000004,17.7,3
202510790,2,2023,1,물리학 I,과학,4,rank,83,72.2,15.4,4
202510790,2,2023,1,화학 I,과학,4,rank,81,71.8,13.8,4
202510790,2,2023,1,생명과학 I,과학,4,rank,74,71.0,13.100000000000001,4
202510790,2,2023,2,문학,국어,3,rank,85,70.7,14.9,3
202510790,2,2023,2,수학 II,수학,2,rank,88,59.5,21.6,2
202510790,2,2023,2,확률과 통계,수학,2,rank,82,49.5,21.5,2
202510790,2,2023,2,영어 II,영어,3,rank,80,62.900000000000006,17.5,3
202510790,2,2023,2,물리학 I,과학,4,rank,89,68.7,24.200000000000003,4
202510790,2,2023,2,화학 I,과학,4,rank,81,65.4,21.200000000000003,4
202510790,2,2023,2,생명과학 I,과학,3,rank,79,65.60000000000001,14.4,3
202510790,3,2024,1,언어와 매체,국어,5,rank,74,68.4,19.200000000000003,5
202510790,3,2024,1,미적분,수학,3,rank,75,53.800000000000004,22.5,3
202510790,3,2024,1,영어 독해와 작문,영어,3,rank,81,57.1,23.6,3
202510790,3,2024,2,언어와 매체,국어,5,rank,74,61.0,25.200000000000003,5
202510790,3,2024,2,미적분,수학,3,rank,79,52.900000000000006,21.200000000000003,3
202510790,3,2024,2,영어 독해와 작문,영어,4,rank,65,53.2,22.1,4
202510790,3,2024,1,기하,수학,A,achievement,95,84.5,,1
202510790,3,2024,1,인공지능 수학,수학,A,achievement,100,87.2,,1
202510790,3,2024,1,여행지리,사회,A,achievement,90,73.8,,1
202510790,3,2024,1,물리학 II,과학,A,achievement,88,68.8,,1
202510790,3,2024,1,생명과학 II,과학,A,achievement,90,74.0,,1
202510790,3,2024,1,융합과학,과학,A,achievement,100,92.80000000000001,,1
202510790,3,2024,2,기하,수학,A,achievement,91,69.10000000000001,,1
202510790,3,2024,2,인공지능 수학,수학,A,achievement,100,45.2,,1
202510790,3,2024,2,여행지리,사회,A,achievement,91,72.60000000000001,,1
202510790,3,2024,2,물리학 II,과학,A,achievement,89,75.60000000000001,,1
202510790,3,2024,2,생명과학 II,과학,A,achievement,88,75.9,,1
202510790,3,2024,2,융합과학,과학,A,achievement,100,91.9,,1
202510801,1,2022,1,국어,국어,2,rank,97,77.7,17.1,2
202510801,1,2022,1,수학,수학,2,rank,80,59.7,16.1,2
202510801,1,2022,1,영어,영어,1,rank,98,74.3,15.9,1
202510801,1,2022,1,한국사,사회,3,rank,87,65.2,18.3,3
202510801,1,2022,1,통합사회,사회,3,rank,76,64.4,14.8,3
202510801,1,2022,1,통합과학,과학,3,rank,72,55.9,18.5,3
202510801,1,2022,2,국어,국어,3,rank,91,70.9,16.400000000000002,3
202510801,1,2022,2,수학,수학,4,rank,75,60.5,16.6,4
202510801,1,2022,2,영어,영어,2,rank,93,71.60000000000001,16.6,2
202510801,1,2022,2,한국사,사회,3,rank,86,63.800000000000004,18.1,3
202510801,1,2022,2,통합사회,사회,3,rank,84,63.1,18.900000000000002,3
202510801,1,2022,2,통합과학,과학,3,rank,84,59.4,21.0,3
202510801,1,2022,2,과학탐구실험,과학,A,achievement,96,90.60000000000001,,1
202510801,2,2023,1,독서,국어,3,rank,89,77.5,15.3,3
202510801,2,2023,1,수학 I,수학,4,rank,59,54.7,18.1,4
202510801,2,2023,1,확률과 통계,수학,4,rank,68,53.9,19.5,4
202510801,2,2023,1,영어 I,영어,2,rank,93,59.300000000000004,21.0,2
202510801,2,2023,1,물리학 I,과학,5,rank,54,59.800000000000004,17.7,5
202510801,2,2023,1,지구과학 I,과학,4,rank,69,56.4,19.7,4
202510801,2,2023,2,문학,국어,4,rank,89,77.0,18.400000000000002,4
202510801,2,2023,2,수학 II,수학,3,rank,80,55.9,19.3,3
202510801,2,2023,2,영어 II,영어,3,rank,91,61.800000000000004,22.8,3
202510801,2,2023,2,화학 I,과학,3,rank,77,57.0,21.400000000000002,3
202510801,2,2023,2,생명과학 I,과학,3,rank,83,65.60000000000001,19.7,3
202510801,2,2023,2,기하,수학,B,achievement,71,66.2,,2
202510801,3,2024,1,화법과 작문,국어,3,rank,89,73.2,18.2,3
202510801,3,2024,1,미적분,수학,3,rank,78,55.2,21.900000000000002,3
202510801,3,2024,1,영어 독해와 작문,영어,3,rank,81,57.2,19.400000000000002,3
202510801,3,2024,2,동아시아사,사회,5,rank,82,68.9,23.900000000000002,5
202510801,3,2024,1,물리학 II,과학,B,achievement,77,72.0,,2
202510801,3,2024,1,화학 II,과학,B,achievement,71,65.4,,2
202510801,3,2024,1,생명과학 II,과학,A,achievement,83,67.9,,1
202510801,3,2024,2,고전 읽기,국어,A,achievement,100,64.10000000000001,,1
202510801,3,2024,2,경제 수학,수학,A,achievement,81,53.6,,1
202510801,3,2024,2,영어권 문화,영어,B,achievement,68,47.300000000000004,,2
202510801,3,2024,2,지구과학 II,과학,C,achievement,36,28.400000000000002,,3
202510801,3,2024,2,융합과학,과학,B,achievement,64,36.2,,2
202510806,1,2020,1,국어,국어,5,rank,86,87.2,7.2,5
202510806,1,2020,1,수학,수학,5,rank,89,87.8,6.7,5
202510806,1,2020,1,영어,영어,5,rank,83,84.10000000000001,7.4,5
202510806,1,2020,1,통합사회,사회,4,rank,94,91.10000000000001,6.0,4
202510806,1,2020,1,통합과학,과학,5,rank,80,75.9,14.3,5
202510806,1,2020,2,국어,국어,3,rank,96,88.60000000000001,9.1,3
202510806,1,2020,2,수학,수학,5,rank,89,89.2,4.9,5
202510806,1,2020,2,영어,영어,8,rank,73,84.2,7.7,8
202510806,1,2020,2,통합사회,사회,4,rank,96,92.60000000000001,6.7,4
202510806,1,2020,2,통합과학,과학,5,rank,84,82.0,9.9,5
202510806,2,2021,1,문학,국어,7,rank,87,89.7,6.4,7
202510806,2,2021,1,수학 I,수학,6,rank,83,86.2,7.9,6
202510806,2,2021,1,한국사,사회,7,rank,86,91.30000000000001,3.1,7
202510806,2,2021,1,사회·문화,사회,4,rank,96,92.0,6.4,4
202510806,2,2021,1,통합과학,과학,5,rank,90,89.9,7.7,5
202510806,2,2021,2,독서,국어,6,rank,85,86.10000000000001,5.4,6
202510806,2,2021,2,수학 II,수학,5,rank,85,86.0,5.3,5
202510806,2,2021,2,한국사,사회,6,rank,80,85.4,4.6,6
202510806,2,2021,2,사회·문화,사회,4,rank,93,90.5,6.2,4
202510806,2,2021,2,과학탐구실험,과학,A,achievement,100,99.7,,1
202510806,2,2021,1,수학과제 탐구,수학,A,achievement,100,99.10000000000001,,1
202510806,2,2021,1,영미 문학 읽기,영어,A,achievement,100,99.5,,1
202510806,2,2021,1,고전과 윤리,사회,A,achievement,100,99.9,,1
202510806,2,2021,2,수학과제 탐구,수학,A,achievement,100,99.7,,1
202510806,2,2021,2,영미 문학 읽기,영어,A,achievement,100,100.0,,1
202510806,2,2021,2,고전과 윤리,사회,A,achievement,100,99.9,,1
202510806,3,2022,1,언어와 매체,국어,5,rank,90,87.0,11.1,5
202510806,3,2022,1,확률과 통계,수학,4,rank,90,86.2,6.0,4
202510806,3,2022,1,한국사,사회,7,rank,74,86.4,9.0,7
202510806,3,2022,1,사회·문화,사회,4,rank,93,88.2,8.2,4
202510806,3,2022,1,생활과 윤리,사회,7,rank,88,92.10000000000001,6.4,7
202510806,3,2022,2,언어와 매체,국어,6,rank,81,81.7,15.4,6
202510806,3,2022,2,확률과 통계,수학,4,rank,87,84.5,6.1000000000000005,4
202510806,3,2022,2,한국사,사회,8,rank,72,81.5,6.9,8
202510806,3,2022,2,생활과 윤리,사회,8,rank,72,89.2,8.2,8
202510806,3,2022,1,생활과 과학,과학,A,achievement,100,99.5,,1
202510806,3,2022,2,사회문제 탐구,사회,A,achievement,100,92.9,,1
202510806,3,2022,2,생활과 과학,과학,A,achievement,100,100.0,,1
202510808,1,2021,1,국어,국어,6,rank,64,70.0,14.700000000000001,6
202510808,1,2021,1,수학,수학,5,rank,62,63.300000000000004,20.2,5
202510808,1,2021,1,영어,영어,7,rank,35,61.4,21.1,7
202510808,1,2021,1,한국사,사회,5,rank,61,65.0,20.1,5
202510808,1,2021,1,통합사회,사회,5,rank,64,64.7,16.900000000000002,5
202510808,1,2021,1,통합과학,과학,6,rank,61,65.10000000000001,19.7,6
202510808,1,2021,1,과학탐구실험,과학,A,achievement,82,83.4,,1
202510808,1,2021,2,국어,국어,7,rank,51,63.4,17.5,7
202510808,1,2021,2,수학,수학,4,rank,72,60.6,21.0,4
202510808,1,2021,2,영어,영어,7,rank,33,61.4,24.7,7
202510808,1,2021,2,한국사,사회,5,rank,58,59.1,21.6,5
202510808,1,2021,2,통합사회,사회,6,rank,53,64.9,19.400000000000002,6
202510808,1,2021,2,통합과학,과학,6,rank,59,63.6,21.0,6
202510808,1,2021,2,과학탐구실험,과학,A,achievement,80,82.0,,1
202510808,2,2022,1,문학,국어,5,rank,76,69.3,17.7,5
202510808,2,2022,1,수학 I,수학,4,rank,67,56.800000000000004,19.1,4
202510808,2,2022,1,영어 I,영어,6,rank,51,60.6,22.6,6
202510808,2,2022,1,윤리와 사상,사회,5,rank,61,56.0,1.5,5
202510808,2,2022,1,물리학 I,과학,5,rank,57,56.0,18.5,5
202510808,2,2022,1,화학 I,과학,5,rank,57,61.1,16.5,5
202510808,2,2022,2,독서,국어,5,rank,65,63.900000000000006,20.6,5
202510808,2,2022,2,수학 II,수학,5,rank,56,49.400000000000006,22.400000000000002,5
202510808,2,2022,2,영어 독해와 작문,영어,5,rank,51,49.5,28.400000000000002,5
202510808,2,2022,2,윤리와 사상,사회,5,rank,36,46.6,23.0,5
202510808,2,2022,2,물리학 I,과학,4,rank,72,58.7,24.3,4
202510808,2,2022,2,화학 I,과학,6,rank,43,57.5,21.1,6
202510808,2,2022,1,기하,수학,A,achievement,89,73.0,,1
202510808,2,2022,1,인공지능 수학,수학,A,achievement,95,74.3,,1
202510808,2,2022,2,기하,수학,A,achievement,97,74.8,,1
202510808,2,2022,2,인공지능 수학,수학,A,achievement,93,69.4,,1
202510808,3,2023,1,화법과 작문,국어,4,rank,75,61.5,21.5,4
202510808,3,2023,1,미적분,수학,3,rank,83,61.7,21.6,3
202510808,3,2023,1,영어 II,영어,7,rank,35,61.800000000000004,24.0,7
202510808,3,2023,2,화법과 작문,국어,5,rank,40,44.7,21.200000000000003,5
202510808,3,2023,2,미적분,수학,5,rank,39,46.400000000000006,21.400000000000002,5
202510808,3,2023,2,영어 II,영어,8,rank,18,39.800000000000004,20.1,8
202510808,3,2023,1,사회 탐구 방법,사회,A,achievement,87,72.3,,1
202510808,3,2023,1,물리학 II,과학,B,achievement,70,76.9,,2
202510808,3,2023,1,화학 II,과학,B,achievement,69,73.2,,2
202510808,3,2023,1,융합과학,과학,B,achievement,76,75.10000000000001,,2
202510808,3,2023,2,사회 탐구 방법,사회,C,achievement,59,63.800000000000004,,3
202510808,3,2023,2,물리학 II,과학,B,achievement,67,68.2,,2
202510808,3,2023,2,화학 II,과학,C,achievement,58,67.9,,3
202510808,3,2023,2,융합과학,과학,C,achievement,50,64.9,,3
202510817,1,2022,1,국어,국어,3,rank,84,67.10000000000001,16.900000000000002,3
202510817,1,2022,1,수학,수학,2,rank,86,61.5,19.200000000000003,2
202510817,1,2022,1,영어,영어,3,rank,92,65.0,22.700000000000003,3
202510817,1,2022,1,통합사회,사회,4,rank,85,75.0,14.8,4
202510817,1,2022,1,통합과학,과학,3,rank,78,63.900000000000006,17.1,3
202510817,1,2022,1,과학탐구실험,과학,A,achievement,88,86.9,,1
202510817,1,2022,2,국어,국어,3,rank,86,62.0,21.0,3
202510817,1,2022,2,수학,수학,2,rank,85,53.1,21.5,2
202510817,1,2022,1,한국사,사회,4,rank,87,75.7,16.400000000000002,4
202510817,1,2022,2,영어,영어,3,rank,90,55.300000000000004,26.8,3
202510817,1,2022,2,한국사,사회,5,rank,76,73.2,18.900000000000002,5
202510817,1,2022,2,통합사회,사회,3,rank,91,69.5,21.3,3
202510817,1,2022,2,통합과학,과학,3,rank,75,49.7,23.700000000000003,3
202510817,1,2022,2,과학탐구실험,과학,A,achievement,89,83.7,,1
202510817,2,2023,1,문학,국어,4,rank,70,62.7,17.400000000000002,4
202510817,2,2023,1,수학 I,수학,3,rank,79,50.900000000000006,23.6,3
202510817,2,2023,1,한국사,사회,5,rank,77,72.3,19.700000000000003,5
202510817,2,2023,1,영어 I,영어,2,rank,93,52.900000000000006,27.0,2
202510817,2,2023,1,생명과학 I,과학,4,rank,83,65.10000000000001,21.3,4
202510817,2,2023,1,지구과학 I,과학,3,rank,84,58.6,21.200000000000003,3
202510817,2,2023,2,독서,국어,5,rank,73,66.10000000000001,17.3,5
202510817,2,2023,2,수학 II,수학,3,rank,70,43.800000000000004,21.3,3
202510817,2,2023,2,한국사,사회,4,rank,69,65.0,18.5,4
202510817,2,2023,2,영어 II,영어,3,rank,86,51.400000000000006,26.8,3
202510817,2,2023,2,물리학 I,과학,4,rank,89,69.4,21.700000000000003,4
202510817,2,2023,2,생명과학 I,과학,4,rank,73,58.6,26.8,4
202510817,2,2023,2,지구과학 I,과학,2,rank,84,59.0,20.200000000000003,2
202510817,2,2023,1,기하,수학,A,achievement,82,70.60000000000001,,1
202510817,2,2023,2,기하,수학,A,achievement,85,50.5,,1
202510817,3,2024,1,화법과 작문,국어,5,rank,79,72.9,18.400000000000002,5
202510817,3,2024,1,미적분,수학,4,rank,70,60.1,22.1,4
202510817,3,2024,1,확률과 통계,수학,3,rank,88,57.6,29.8,3
202510817,3,2024,1,영어 독해와 작문,영어,4,rank,80,53.300000000000004,25.5,4
202510817,3,2024,2,화법과 작문,국어,6,rank,50,63.800000000000004,25.3,6
202510817,3,2024,2,미적분,수학,5,rank,35,43.800000000000004,26.5,5
202510817,3,2024,2,확률과 통계,수학,4,rank,42,36.9,28.3,4
202510817,3,2024,2,영어 독해와 작문,영어,5,rank,37,46.300000000000004,23.6,5
202510817,3,2024,1,고전 읽기,문학,A,achievement,86,68.5,,1
202510817,3,2024,1,인공지능 수학,수학,A,achievement,95,84.80000000000001,,1
202510817,3,2024,1,사회문제 탐구,사회,A,achievement,84,76.10000000000001,,1
202510817,3,2024,1,물리학 II,과학,A,achievement,88,78.7,,1
202510817,3,2024,2,고전 읽기,문학,C,achievement,23,54.900000000000006,,3
202510817,3,2024,2,인공지능 수학,수학,B,achievement,78,57.0,,2
202510817,3,2024,2,사회문제 탐구,사회,B,achievement,65,64.10000000000001,,2
202510817,3,2024,2,물리학 II,과학,B,achievement,63,72.2,,2
202510818,1,2022,1,국어,국어,3,rank,74,52.300000000000004,21.5,3
202510818,1,2022,1,수학,수학,5,rank,61,41.6,21.5,5
202510818,1,2022,1,영어,영어,2,rank,88,50.5,25.700000000000003,2
202510818,1,2022,1,한국사,사회,4,rank,67,50.6,20.5,4
202510818,1,2022,1,통합사회,사회,4,rank,71,55.7,18.1,4
202510818,1,2022,1,통합과학,과학,3,rank,81,57.5,22.8,3
202510818,1,2022,1,과학탐구실험,과학,A,achievement,87,64.9,,1
202510818,1,2022,2,국어,국어,3,rank,76,51.900000000000006,23.0,3
202510818,1,2022,2,수학,수학,2,rank,77,45.5,26.6,2
202510818,1,2022,2,영어,영어,2,rank,89,46.800000000000004,29.5,2
202510818,1,2022,2,한국사,사회,3,rank,72,50.400000000000006,24.400000000000002,3
202510818,1,2022,2,통합사회,사회,3,rank,69,56.300000000000004,21.3,3
202510818,1,2022,2,통합과학,과학,4,rank,83,59.400000000000006,26.700000000000003,4
202510818,1,2022,2,과학탐구실험,과학,A,achievement,93,61.300000000000004,,1
202510818,2,2023,1,문학,국어,4,rank,67,44.900000000000006,25.5,4
202510818,2,2023,1,수학 I,수학,3,rank,72,45.900000000000006,24.0,3
202510818,2,2023,1,수학 II,수학,3,rank,70,44.6,23.1,3
202510818,2,2023,1,영어 I,영어,2,rank,88,45.5,25.3,2
202510818,2,2023,1,물리학 I,과학,4,rank,66,51.0,24.400000000000002,4
202510818,2,2023,1,화학 I,과학,4,rank,48,42.7,20.400000000000002,4
202510818,2,2023,1,생명과학 I,과학,4,rank,76,58.400000000000006,26.900000000000002,4
202510818,2,2023,1,지구과학 I,과학,3,rank,85,56.400000000000006,24.8,3
202510818,2,2023,2,언어와 매체,국어,4,rank,61,41.5,23.200000000000003,4
202510818,2,2023,2,미적분,수학,3,rank,72,44.6,24.6,3
202510818,2,2023,2,영어 II,영어,2,rank,87,44.1,24.6,2
202510818,2,2023,2,물리학 I,과학,4,rank,77,52.6,25.8,4
202510818,2,2023,2,화학 I,과학,4,rank,54,45.5,20.8,4
202510818,2,2023,2,생명과학 I,과학,5,rank,67,56.5,27.200000000000003,5
202510818,2,2023,2,지구과학 I,과학,3,rank,85,55.300000000000004,26.5,3
202510818,2,2023,1,영어권 문화,영어,A,achievement,93,72.9,,1
202510818,2,2023,2,기하,수학,A,achievement,84,65.7,,1
202510818,2,2023,2,영어권 문화,영어,A,achievement,93,68.7,,1
202510818,2,2023,2,사회 탐구 방법,사회,A,achievement,95,90.2,,1
202510818,3,2024,1,독서,국어,4,rank,58,48.400000000000006,18.900000000000002,4
202510818,3,2024,1,영어 독해와 작문,영어,3,rank,83,48.2,25.0,3
202510818,3,2024,1,심화 국어,국어,A,achievement,97,64.8,,1
202510818,3,2024,1,수학과제 탐구,수학,A,achievement,80,63.800000000000004,,1
202510818,3,2024,1,수학적 사고와 통계,수학,A,achievement,81,69.0,,1
202510818,3,2024,1,현대 세계의 변화,사회,B,achievement,73,71.5,,2
202510818,3,2024,1,물리학 II,과학,A,achievement,82,67.5,,1
202510818,3,2024,1,화학 II,과학,B,achievement,77,71.7,,2
202510818,3,2024,1,생명과학 II,과학,B,achievement,76,62.400000000000006,,2
202510818,3,2024,1,고급 물리학,과학,A,achievement,85,89.5,,1
202510818,2,2023,2,심화 국어,국어,B,achievement,73,49.900000000000006,,2
202510818,2,2023,2,현대문학 감상,국어,A,achievement,94,59.5,,1
202510818,2,2023,2,수학과제 탐구,수학,B,achievement,65,44.7,,2
202510818,2,2023,2,수학적 사고와 통계,수학,C,achievement,58,52.300000000000004,,3
202510818,2,2023,2,영미 문학 읽기,영어,B,achievement,77,46.0,,2
202510818,2,2023,2,현대 세계의 변화,사회,B,achievement,78,55.1,,2
202510818,2,2023,2,물리학 II,과학,B,achievement,65,44.2,,2
202510818,2,2023,2,화학 II,과학,C,achievement,46,54.7,,3
202510818,2,2023,2,생명과학 II,과학,B,achievement,60,29.200000000000003,,2
202510823,1,2022,1,국어,국어,4,rank,73,60.900000000000006,20.3,4
202510823,1,2022,1,수학,수학,3,rank,92,63.1,21.900000000000002,3
202510823,1,2022,1,영어,영어,2,rank,93,55.900000000000006,24.6,2
202510823,1,2022,1,한국사,사회,3,rank,84,60.2,21.3,3
202510823,1,2022,1,통합사회,사회,3,rank,84,66.3,20.5,3
202510823,1,2022,1,통합과학,과학,3,rank,81,57.7,22.1,3
202510823,1,2022,1,과학탐구실험,과학,A,achievement,96,71.3,,1
202510823,1,2022,2,국어,국어,4,rank,73,57.800000000000004,22.5,4
202510823,1,2022,2,수학,수학,3,rank,87,60.300000000000004,22.6,3
202510823,1,2022,2,영어,영어,3,rank,89,53.900000000000006,26.900000000000002,3
202510823,1,2022,2,한국사,사회,4,rank,80,57.6,24.900000000000002,4
202510823,1,2022,2,통합사회,사회,2,rank,93,67.0,22.900000000000002,2
202510823,1,2022,2,통합과학,과학,3,rank,90,56.800000000000004,24.200000000000003,3
202510823,1,2022,2,과학탐구실험,과학,A,achievement,94,71.9,,1
202510823,2,2023,1,문학,국어,5,rank,71,62.0,22.0,5
202510823,2,2023,1,수학 I,수학,3,rank,83,52.1,23.400000000000002,3
202510823,2,2023,1,영어 I,영어,2,rank,92,60.1,25.0,2
202510823,2,2023,1,물리학 I,과학,3,rank,89,69.9,18.900000000000002,3
202510823,2,2023,1,화학 I,과학,5,rank,64,62.7,17.3,5
202510823,2,2023,2,독서,국어,3,rank,86,64.8,22.8,3
202510823,2,2023,2,수학 II,수학,2,rank,89,53.1,25.6,2
202510823,2,2023,2,영어 II,영어,2,rank,92,57.6,24.1,2
202510823,2,2023,2,물리학 I,과학,3,rank,83,65.7,19.6,3
202510823,2,2023,2,화학 I,과학,4,rank,73,66.10000000000001,17.5,4
202510823,2,2023,1,기하,수학,A,achievement,94,71.60000000000001,,1
202510823,2,2023,2,기하,수학,B,achievement,75,66.2,,2
202510823,3,2024,1,화법과 작문,국어,3,rank,87,63.0,24.3,3
202510823,3,2024,1,미적분,수학,3,rank,88,74.10000000000001,18.3,3
202510823,3,2024,1,확률과 통계,수학,3,rank,87,59.5,24.0,3
202510823,3,2024,1,영어 독해와 작문,영어,2,rank,94,52.0,25.6,2
202510823,3,2024,2,화법과 작문,국어,3,rank,74,48.400000000000006,25.0,3
202510823,3,2024,2,미적분,수학,4,rank,68,50.800000000000004,20.3,4
202510823,3,2024,2,확률과 통계,수학,3,rank,75,46.1,20.900000000000002,3
202510823,3,2024,2,영어 독해와 작문,영어,3,rank,68,46.800000000000004,21.900000000000002,3
202510823,3,2024,1,사회 과제 연구,사회,A,achievement,85,78.80000000000001,,1
202510823,3,2024,1,물리학 II,과학,B,achievement,65,62.6,,2
202510823,3,2024,1,화학 II,과학,B,achievement,78,80.80000000000001,,2
202510823,3,2024,1,물리학 실험,과학,A,achievement,92,74.60000000000001,,1
202510823,3,2024,1,화학 실험,과학,A,achievement,96,80.4,,1
202510823,3,2024,2,사회 과제 연구,사회,C,achievement,53,49.5,,3
202510823,3,2024,2,물리학 II,과학,B,achievement,70,67.3,,2
202510823,3,2024,2,화학 II,과학,A,achievement,88,79.5,,1
202510823,3,2024,2,물리학 실험,과학,B,achievement,68,48.1,,2
202510823,3,2024,2,화학 실험,과학,C,achievement,48,48.2,,3
202510824,1,2020,1,국어,국어,4,rank,86,75.9,12.700000000000001,4
202510824,1,2020,1,수학,수학,6,rank,55,62.300000000000004,21.700000000000003,6
202510824,1,2020,1,영어,영어,4,rank,76,66.5,19.200000000000003,4
202510824,1,2020,1,한국사,사회,5,rank,74,68.60000000000001,21.5,5
202510824,1,2020,1,통합사회,사회,6,rank,68,72.2,16.3,6
202510824,1,2020,1,통합과학,과학,5,rank,73,67.8,19.3,5
202510824,1,2020,1,과학탐구실험,과학,A,achievement,90,94.2,,1
202510824,1,2020,2,국어,국어,5,rank,79,73.3,16.6,5
202510824,1,2020,2,수학,수학,5,rank,55,56.900000000000006,23.5,5
202510824,1,2020,2,영어,영어,5,rank,72,68.10000000000001,18.1,5
202510824,1,2020,2,한국사,사회,6,rank,57,62.1,21.3,6
202510824,1,2020,2,통합사회,사회,6,rank,60,65.3,19.5,6
202510824,1,2020,2,통합과학,과학,4,rank,66,57.6,22.1,4
202510824,1,2020,2,과학탐구실험,과학,B,achievement,66,65.60000000000001,,2
202510824,2,2021,1,문학,국어,5,rank,79,77.5,14.100000000000001,5
202510824,2,2021,1,수학 I,수학,5,rank,71,59.400000000000006,23.400000000000002,5
202510824,2,2021,1,영어 I,영어,5,rank,74,68.0,20.900000000000002,5
202510824,2,2021,1,물리학 I,과학,6,rank,42,50.5,13.700000000000001,6
202510824,2,2021,1,화학 I,과학,6,rank,38,51.300000000000004,18.1,6
202510824,2,2021,1,생명과학 I,과학,6,rank,63,72.60000000000001,15.600000000000001,6
202510824,2,2021,2,문학,국어,6,rank,77,76.80000000000001,16.6,6
202510824,2,2021,2,수학 II,수학,5,rank,63,55.7,22.6,5
202510824,2,2021,2,영어,영어,5,rank,60,63.2,22.200000000000003,5
202510824,2,2021,2,물리학 I,과학,6,rank,65,69.0,21.3,6
202510824,2,2021,2,화학 I,과학,5,rank,56,60.5,19.900000000000002,5
202510824,2,2021,2,생명과학 I,과학,6,rank,56,67.3,17.900000000000002,6
202510824,2,2021,1,기하,수학,B,achievement,64,73.3,,2
202510824,2,2021,2,기하,수학,C,achievement,53,64.2,,3
202510824,3,2022,1,독서,국어,5,rank,75,69.8,20.3,5
202510824,3,2022,1,언어와 매체,국어,6,rank,54,65.4,19.900000000000002,6
202510824,3,2022,1,미적분,수학,5,rank,65,62.300000000000004,20.5,5
202510824,3,2022,1,영어 독해와 작문,영어,5,rank,68,58.400000000000006,25.0,5
202510824,3,2022,2,독서,국어,6,rank,43,51.900000000000006,19.700000000000003,6
202510824,3,2022,2,언어와 매체,국어,5,rank,63,61.6,19.8,5
202510824,3,2022,2,미적분,수학,5,rank,50,49.0,21.6,5
202510824,3,2022,2,영어 독해와 작문,영어,5,rank,55,53.300000000000004,22.3,5
202510824,3,2022,1,고전읽기,국어,B,achievement,77,71.10000000000001,,2
202510824,3,2022,1,여행지리,사회,B,achievement,72,77.5,,2
202510824,3,2022,1,사회문제 탐구,사회,C,achievement,54,67.0,,3
202510824,3,2022,1,화학 II,과학,C,achievement,55,58.1,,3
202510824,3,2022,1,생활과 과학,과학,B,achievement,79,77.30000000000001,,2
202510824,3,2022,2,고전읽기,국어,B,achievement,68,59.900000000000006,,2
202510824,3,2022,2,여행지리,사회,B,achievement,79,77.60000000000001,,2
202510824,3,2022,2,사회문제 탐구,사회,B,achievement,62,63.6,,2
202510824,3,2022,2,화학 II,과학,C,achievement,40,44.400000000000006,,3
202510824,3,2022,2,생활과 과학,과학,C,achievement,59,61.400000000000006,,3
202510827,1,2022,1,국어,국어,3,rank,85,63.800000000000004,19.200000000000003,3
202510827,1,2022,1,수학,수학,4,rank,66,51.800000000000004,23.900000000000002,4
202510827,1,2022,1,영어,영어,4,rank,76,55.6,25.6,4
202510827,1,2022,1,한국사,사회,2,rank,87,55.400000000000006,18.900000000000002,2
202510827,1,2022,1,통합사회,사회,1,rank,95,70.60000000000001,16.6,1
202510827,1,2022,1,통합과학,과학,2,rank,90,59.7,19.0,2
202510827,1,2022,1,과학탐구실험,과학,A,achievement,92,80.9,,1
202510827,1,2022,2,국어,국어,3,rank,87,61.800000000000004,21.700000000000003,3
202510827,1,2022,2,수학,수학,4,rank,72,55.900000000000006,24.700000000000003,4
202510827,1,2022,2,영어,영어,4,rank,72,54.6,27.8,4
202510827,1,2022,2,한국사,사회,2,rank,78,51.5,18.400000000000002,2
202510827,1,2022,2,통합사회,사회,3,rank,89,72.7,16.0,3
202510827,1,2022,2,통합과학,과학,3,rank,89,62.7,19.900000000000002,3
202510827,1,2022,2,과학탐구실험,과학,A,achievement,100,84.7,10.100000000000001,1
202510827,2,2023,1,문학,국어,3,rank,86,66.0,21.6,3
202510827,2,2023,1,수학 I,수학,4,rank,75,59.2,22.8,4
202510827,2,2023,1,확률과 통계,수학,4,rank,81,56.2,25.6,4
202510827,2,2023,1,영어 I,영어,4,rank,77,55.5,24.6,4
202510827,2,2023,1,한국지리,사회,3,rank,85,63.300000000000004,19.6,3
202510827,2,2023,1,윤리와 사상,사회,3,rank,90,67.10000000000001,19.700000000000003,3
202510827,2,2023,1,지구과학 I,과학,1,rank,92,51.6,22.6,1
202510827,2,2023,2,독서,국어,3,rank,90,64.8,22.5,3
202510827,2,2023,2,수학 II,수학,4,rank,76,58.6,22.5,4
202510827,2,2023,2,확률과 통계,수학,3,rank,76,56.5,20.3,3
202510827,2,2023,2,영어,영어,3,rank,80,51.400000000000006,27.0,3
202510827,2,2023,2,한국지리,사회,2,rank,93,53.1,21.8,2
202510827,2,2023,2,윤리와 사상,사회,4,rank,85,64.10000000000001,21.400000000000002,4
202510827,2,2023,2,지구과학 I,과학,2,rank,86,48.6,23.700000000000003,2
202510827,3,2024,1,언어와 매체,국어,4,rank,86,57.5,26.400000000000002,4
202510827,3,2024,1,영어 독해와 작문,영어,4,rank,73,56.400000000000006,23.200000000000003,4
202510827,3,2024,1,사회·문화,사회,2,rank,97,62.800000000000004,24.0,2
202510827,3,2024,1,생활과 윤리,사회,3,rank,91,69.10000000000001,22.200000000000003,3
202510827,3,2024,2,언어와 매체,국어,2,rank,90,43.1,22.900000000000002,2
202510827,3,2024,2,영어 독해와 작문,영어,3,rank,76,45.300000000000004,20.8,3
202510827,3,2024,2,사회·문화,사회,1,rank,100,46.5,26.5,1
202510827,3,2024,2,생활과 윤리,사회,2,rank,84,54.7,20.0,2
202510827,3,2024,1,고전 읽기,국어,A,achievement,92,71.8,,1
202510827,3,2024,1,심화 수학 I,수학,A,achievement,89,65.9,,1
202510827,3,2024,1,영어권 문화,영어,A,achievement,93,65.7,,1
202510827,3,2024,1,사회문제 탐구,사회,A,achievement,96,73.5,,1
202510827,3,2024,2,고전 읽기,국어,A,achievement,100,56.7,,1
202510827,3,2024,2,심화 수학 I,수학,B,achievement,73,46.800000000000004,,2
202510827,3,2024,2,영어권 문화,영어,A,achievement,100,58.400000000000006,,1
202510827,3,2024,2,사회문제 탐구,사회,A,achievement,100,63.2,,1
202510837,1,2021,1,국어,국어,6,rank,69,70.5,12.7,6
202510837,1,2021,1,수학,수학,5,rank,69,65.6,16.3,5
202510837,1,2021,1,영어,영어,8,rank,32,70.8,22.2,8
202510837,1,2021,1,통합사회,사회,6,rank,64,72.7,14.4,6
202510837,1,2021,1,통합과학,과학,7,rank,54,75.2,19.8,7
202510837,1,2021,1,과학탐구실험,과학,B,achievement,74,79.0,9.4,2
202510837,1,2021,1,지구과학 I,과학,7,rank,43,72.4,21.0,7
202510837,1,2021,2,국어,국어,6,rank,73,75.1,14.2,6
202510837,1,2021,2,수학,수학,6,rank,66,71.4,15.8,6
202510837,1,2021,2,영어,영어,8,rank,32,69.0,21.9,8
202510837,1,2021,2,통합사회,사회,7,rank,60,75.2,17.0,7
202510837,1,2021,2,통합과학,과학,7,rank,58,72.5,23.5,7
202510837,1,2021,2,과학탐구실험,과학,B,achievement,67,81.9,11.1,2
202510837,1,2021,2,지구과학 I,과학,7,rank,43,71.0,24.6,7
202510837,2,2022,1,문학,국어,8,rank,36,66.8,19.9,8
202510837,2,2022,1,수학 I,수학,6,rank,44,58.8,18.5,6
202510837,2,2022,1,영어 I,영어,6,rank,45,55.1,21.4,6
202510837,2,2022,1,화학 I,과학,8,rank,16,46.8,27.2,8
202510837,2,2022,1,생명과학 I,과학,7,rank,23,56.1,25.1,7
202510837,2,2022,2,독서,국어,6,rank,71,70.6,20.3,6
202510837,2,2022,2,수학 II,수학,6,rank,45,59.2,19.4,6
202510837,2,2022,2,영어 II,영어,5,rank,36,45.1,21.5,5
202510837,2,2022,2,화학 I,과학,7,rank,41,58.9,19.4,7
202510837,2,2022,2,생명과학 I,과학,9,rank,36,57.3,16.0,9
202510837,2,2022,1,기하,수학,C,achievement,30,58.4,,3
202510837,2,2022,1,지구과학 II,과학,C,achievement,53,68.0,,3
202510837,2,2022,2,기하,수학,C,achievement,27,56.1,,3
202510837,2,2022,2,지구과학 II,과학,C,achievement,52,59.1,,3
202510837,3,2023,1,언어와 매체,국어,7,rank,28,50.5,19.1,7
202510837,3,2023,1,미적분,수학,7,rank,18,44.3,22.0,7
202510837,3,2023,1,영어 독해와 작문,영어,5,rank,28,39.4,20.9,5
202510837,3,2023,2,미적분,수학,5,rank,26,38.8,22.9,5
202510837,3,2023,1,심화 국어,국어,C,achievement,20,62.4,,3
202510837,3,2023,1,심화 영어 독해 I,영어,C,achievement,28,45.9,,3
202510837,3,2023,1,사회문제 탐구,사회,C,achievement,20,69.9,,3
202510837,3,2023,1,화학 II,과학,C,achievement,50,62.7,,3
202510837,3,2023,1,과학사,과학,B,achievement,68,72.9,,2
202510837,3,2023,2,심화 국어,국어,C,achievement,31,50.3,,3
202510837,3,2023,2,현대문학 감상,국어,C,achievement,26,45.3,,3
202510837,3,2023,2,실용 영어,영어,C,achievement,24,37.6,,3
202510837,3,2023,2,심화 영어 독해 I,영어,C,achievement,28,40.1,,3
202510837,3,2023,2,사회문제 탐구,사회,B,achievement,76,53.9,,2
202510837,3,2023,2,화학 II,과학,C,achievement,53,57.5,,3
202510837,3,2023,2,과학사,과학,B,achievement,60,67.1,,2
202510839,1,2022,1,국어,국어,3,rank,84,72.8,12.5,3
202510839,1,2022,1,수학,수학,2,rank,86,67.3,14.8,2
202510839,1,2022,1,영어,영어,2,rank,75,52.7,16.8,2
202510839,1,2022,1,통합사회,사회,3,rank,84,67.6,13.3,3
202510839,1,2022,1,통합과학,과학,4,rank,83,69.4,15.4,4
202510839,1,2022,1,과학탐구실험,과학,A,achievement,88,83.5,10.3,1
202510839,1,2022,2,국어,국어,3,rank,83,69.9,15.1,3
202510839,1,2022,2,수학,수학,2,rank,86,66.5,15.2,2
202510839,1,2022,2,영어,영어,1,rank,94,58.6,19.7,1
202510839,1,2022,2,통합사회,사회,3,rank,79,66.1,15.3,3
202510839,1,2022,2,통합과학,과학,4,rank,79,69.2,15.7,4
202510839,1,2022,2,과학탐구실험,과학,B,achievement,76,82.9,13.6,2
202510839,2,2023,1,문학,국어,4,rank,84,72.1,14.4,4
202510839,2,2023,1,수학 I,수학,2,rank,86,61.4,18.7,2
202510839,2,2023,1,확률과 통계,수학,1,rank,99,70.2,19.8,1
202510839,2,2023,1,영어 I,영어,2,rank,94,67.9,17.0,2
202510839,2,2023,1,생활과 윤리,사회,4,rank,78,63.7,21.7,4
202510839,2,2023,1,물리학 I,과학,5,rank,64,63.1,11.6,5
202510839,2,2023,2,독서,국어,4,rank,80,73.5,14.7,4
202510839,2,2023,2,수학 II,수학,2,rank,81,57.2,19.3,2
202510839,2,2023,2,확률과 통계,수학,3,rank,87,63.5,19.4,3
202510839,2,2023,2,영어 II,영어,2,rank,87,63.2,18.4,2
202510839,2,2023,2,화학 I,과학,4,rank,81,65.0,19.1,4
202510839,2,2023,2,생명과학 I,과학,3,rank,75,55.9,17.6,3
202510839,3,2024,1,화법과 작문,국어,3,rank,86,70.0,15.9,3
202510839,3,2024,1,미적분,수학,2,rank,88,63.9,17.4,2
202510839,3,2024,1,영어 독해와 작문,영어,3,rank,86,56.9,21.8,3
202510839,3,2024,2,미적분,수학,2,rank,89,50.7,24.6,2
202510839,3,2024,2,영어 회화,영어,2,rank,88,61.6,16.9,2
202510839,3,2024,1,기하,수학,A,achievement,89,78.3,,1
202510839,3,2024,1,물리학 II,과학,A,achievement,85,76.5,,1
202510839,3,2024,1,화학 II,과학,A,achievement,80,68.1,,1
202510839,3,2024,1,생명과학 II,과학,A,achievement,96,74.5,,1
202510839,3,2024,1,생활과 과학,과학,A,achievement,95,89.0,,1
202510839,3,2024,2,심화 국어,국어,A,achievement,87,69.7,,1
202510839,3,2024,2,진로 영어,영어,A,achievement,95,76.2,,1
202510839,3,2024,2,물리학 II,과학,A,achievement,99,77.1,,1
202510839,3,2024,2,화학 II,과학,A,achievement,100,79.5,,1
202510839,3,2024,2,생명과학 II,과학,A,achievement,100,92.3,,1
202510839,3,2024,2,생활과 과학,과학,A,achievement,100,84.3,,1
202510843,1,2022,1,국어,국어,5,rank,72,71.5,12.7,5
202510843,1,2022,1,수학,수학,3,rank,72,50.0,17.6,3
202510843,1,2022,1,영어,영어,4,rank,60,56.5,17.9,4
202510843,1,2022,1,통합사회,사회,2,rank,89,74.8,12.7,2
202510843,1,2022,1,통합과학,과학,3,rank,69,57.9,13.5,3
202510843,1,2022,1,과학탐구실험,과학,A,achievement,90,88.5,5.3,1
202510843,1,2022,2,국어,국어,4,rank,80,74.0,13.5,4
202510843,1,2022,2,수학,수학,2,rank,79,50.8,15.9,2
202510843,1,2022,2,영어,영어,4,rank,55,49.9,18.6,4
202510843,1,2022,2,통합사회,사회,3,rank,85,73.2,13.3,3
202510843,1,2022,2,통합과학,과학,3,rank,80,60.7,18.7,3
202510843,1,2022,2,과학탐구실험,과학,B,achievement,70,69.1,10.3,2
202510843,2,2023,1,문학,국어,5,rank,59,58.6,16.6,5
202510843,2,2023,1,수학 I,수학,2,rank,74,49.0,17.7,2
202510843,2,2023,1,영어 I,영어,4,rank,64,55.2,19.1,4
202510843,2,2023,1,화학 I,과학,4,rank,69,62.7,18.4,4
202510843,2,2023,1,지구과학 I,과학,4,rank,65,60.0,12.2,4
202510843,2,2023,2,독서,국어,4,rank,79,62.6,19.3,4
202510843,2,2023,2,수학 II,수학,1,rank,89,52.6,22.2,1
202510843,2,2023,2,영어 II,영어,3,rank,67,53.0,19.3,3
202510843,2,2023,2,물리학 I,과학,4,rank,92,72.1,22.5,4
202510843,2,2023,2,생명과학 I,과학,2,rank,76,55.2,16.4,2
202510843,3,2024,1,화법과 작문,국어,3,rank,82,62.9,19.0,3
202510843,3,2024,1,미적분,수학,3,rank,83,56.7,19.8,3
202510843,3,2024,2,확률과 통계,수학,3,rank,91,64.3,19.6,3
202510843,3,2024,2,생활과 윤리,사회,3,rank,76,52.6,18.6,3
202510843,3,2024,1,기하,수학,A,achievement,88,65.0,,1
202510843,3,2024,1,물리학 II,과학,A,achievement,87,68.4,,1
202510843,3,2024,1,화학 II,과학,B,achievement,67,64.6,,2
202510843,3,2024,1,생명과학 II,과학,B,achievement,64,52.6,,2
202510843,3,2024,2,고전 읽기,국어,A,achievement,96,59.0,,1
202510843,3,2024,2,영어권 문화,영어,A,achievement,100,74.8,,1
202510843,3,2024,2,세계 문제와 미래 사회,사회,A,achievement,100,66.5,,1
202510843,3,2024,2,생활과 과학,과학,A,achievement,100,66.2,,1
202510845,1,2022,1,국어,국어,4,rank,70,55.4,19.4,4
202510845,1,2022,1,수학,수학,2,rank,82,53.6,18.4,2
202510845,1,2022,1,영어,영어,3,rank,78,55.0,21.5,3
202510845,1,2022,1,통합사회,사회,3,rank,76,61.7,16.8,3
202510845,1,2022,1,통합과학,과학,3,rank,85,60.5,20.6,3
202510845,1,2022,2,국어,국어,3,rank,76,53.9,20.7,3
202510845,1,2022,2,수학,수학,2,rank,84,51.4,21.3,2
202510845,1,2022,2,영어,영어,3,rank,82,56.0,21.0,3
202510845,1,2022,2,통합사회,사회,3,rank,77,54.2,22.1,3
202510845,1,2022,2,통합과학,과학,3,rank,81,55.8,22.4,3
202510845,1,2022,2,과학탐구실험,과학,A,achievement,85,73.8,12.9,1
202510845,2,2023,1,문학,국어,4,rank,72,55.7,23.0,4
202510845,2,2023,1,수학 I,수학,2,rank,83,48.7,21.8,2
202510845,2,2023,1,영어 I,영어,3,rank,82,55.3,21.8,3
202510845,2,2023,1,화학 I,과학,3,rank,83,62.3,18.6,3
202510845,2,2023,1,생명과학 I,과학,3,rank,82,57.9,22.3,3
202510845,2,2023,2,독서,국어,3,rank,82,56.2,24.7,3
202510845,2,2023,2,수학 II,수학,2,rank,80,45.9,22.2,2
202510845,2,2023,2,영어 II,영어,3,rank,83,51.5,24.4,3
202510845,2,2023,2,물리학 I,과학,3,rank,80,63.5,17.4,3
202510845,2,2023,2,지구과학 I,과학,4,rank,79,57.7,23.0,4
202510845,2,2023,2,기하,수학,B,achievement,78,55.2,,2
202510845,3,2024,1,화법과 작문,국어,3,rank,87,67.9,21.5,3
202510845,3,2024,1,미적분,수학,3,rank,83,61.5,19.5,3
202510845,3,2024,1,확률과 통계,수학,3,rank,75,53.9,21.7,3
202510845,3,2024,2,언어와 매체,국어,4,rank,36,36.8,12.4,4
202510845,3,2024,1,물리학 II,과학,A,achievement,84,66.3,,1
202510845,3,2024,1,지구과학 II,과학,A,achievement,88,68.3,,1
202510845,3,2024,1,정보과학,과학,A,achievement,100,80.4,,1
202510845,3,2024,1,과학과제 연구,과학,A,achievement,98,90.6,,1
202510845,3,2024,2,여행지리,사회,B,achievement,79,87.8,,2
202510845,3,2024,2,화학 II,과학,A,achievement,93,85.0,,1
202510845,3,2024,2,생명과학 II,과학,A,achievement,80,72.2,,1
202510845,3,2024,2,정보과학,과학,C,achievement,58,50.8,,3
202510847,1,2022,1,국어,국어,3,rank,82,70.3,15.2,3
202510847,1,2022,1,수학,수학,2,rank,83,63.0,18.1,2
202510847,1,2022,1,영어,영어,4,rank,79,66.3,17.9,4
202510847,1,2022,1,통합사회,사회,3,rank,87,74.8,14.5,3
202510847,1,2022,1,통합과학,과학,4,rank,87,72.1,18.9,4
202510847,1,2022,1,과학탐구실험,과학,A,achievement,95,87.0,11.0,1
202510847,1,2022,2,국어,국어,4,rank,79,68.1,17.2,4
202510847,1,2022,2,수학,수학,2,rank,88,64.8,19.2,2
202510847,1,2022,2,영어,영어,3,rank,87,66.6,19.7,3
202510847,1,2022,2,통합사회,사회,3,rank,84,66.5,19.3,3
202510847,1,2022,2,통합과학,과학,4,rank,81,71.3,18.0,4
202510847,1,2022,2,과학탐구실험,과학,A,achievement,90,87.6,11.3,1
202510847,2,2023,1,문학,국어,2,rank,94,71.4,21.5,2
202510847,2,2023,1,수학 I,수학,2,rank,86,60.5,20.2,2
202510847,2,2023,1,영어 I,영어,3,rank,93,67.0,20.5,3
202510847,2,2023,1,물리학 I,과학,3,rank,74,57.5,16.7,3
202510847,2,2023,1,화학 I,과학,3,rank,88,70.6,17.6,3
202510847,2,2023,1,생명과학 I,과학,4,rank,86,74.3,14.5,4
202510847,2,2023,1,지구과학 I,과학,4,rank,86,67.8,20.9,4
202510847,2,2023,2,독서,국어,4,rank,86,68.0,23.4,4
202510847,2,2023,2,수학 II,수학,2,rank,87,60.3,20.8,2
202510847,2,2023,2,영어 II,영어,3,rank,92,63.9,23.0,3
202510847,2,2023,2,물리학 I,과학,5,rank,74,66.4,20.8,5
202510847,2,2023,2,화학 I,과학,4,rank,75,60.2,22.6,4
202510847,2,2023,2,생명과학 I,과학,5,rank,75,69.3,16.6,5
202510847,2,2023,2,지구과학 I,과학,4,rank,70,60.5,21.0,4
202510847,2,2023,1,기하,수학,A,achievement,98,72.3,,1
202510847,2,2023,2,기하,수학,A,achievement,93,72.4,,1
202510847,3,2024,1,화법과 작문,국어,4,rank,88,71.6,20.8,4
202510847,3,2024,1,미적분,수학,3,rank,80,60.6,20.9,3
202510847,3,2024,1,확률과 통계,수학,3,rank,83,57.4,22.1,3
202510847,3,2024,1,영어 회화,영어,3,rank,90,62.9,20.6,3
202510847,3,2024,2,미적분,수학,4,rank,65,60.7,19.4,4
202510847,3,2024,2,확률과 통계,수학,3,rank,79,57.0,17.0,3
202510847,3,2024,1,고급 수학 I,수학,A,achievement,90,81.3,,1
202510847,3,2024,1,여행지리,사회,A,achievement,96,89.1,,1
202510847,3,2024,1,물리학 II,과학,A,achievement,84,66.0,,1
202510847,3,2024,1,화학 II,과학,A,achievement,81,63.1,,1
202510847,3,2024,1,과학사,과학,A,achievement,86,72.1,,1
202510847,3,2024,2,고급 수학 I,수학,B,achievement,76,63.7,,2
202510847,3,2024,2,여행지리,사회,A,achievement,100,86.8,,1
202510847,3,2024,2,물리학 II,과학,B,achievement,71,62.4,,2
202510847,3,2024,2,화학 II,과학,B,achievement,62,61.0,,2
202510847,3,2024,2,과학사,과학,B,achievement,72,64.7,,2
202510854,1,2022,1,국어,국어,3,rank,78,59.6,18.9,3
202510854,1,2022,1,수학,수학,4,rank,75,58.1,21.8,4
202510854,1,2022,1,영어,영어,4,rank,66,51.7,21.2,4
202510854,1,2022,1,통합사회,사회,2,rank,90,71.4,16.8,2
202510854,1,2022,1,통합과학,과학,1,rank,93,57.5,21.5,1
202510854,1,2022,1,과학탐구실험,과학,A,achievement,100,74.9,18.5,1
202510854,1,2022,2,국어,국어,4,rank,82,66.1,19.1,4
202510854,1,2022,2,수학,수학,3,rank,84,56.6,22.8,3
202510854,1,2022,2,영어,영어,4,rank,74,54.2,22.4,4
202510854,1,2022,2,통합사회,사회,3,rank,82,68.0,17.7,3
202510854,1,2022,2,통합과학,과학,2,rank,90,58.6,22.2,2
202510854,1,2022,2,과학탐구실험,과학,A,achievement,92,62.9,18.3,1
202510854,2,2023,1,문학,국어,4,rank,81,68.0,19.7,4
202510854,2,2023,1,수학 I,수학,2,rank,93,58.5,22.6,2
202510854,2,2023,1,영어 I,영어,4,rank,65,55.5,22.7,4
202510854,2,2023,1,물리학 I,과학,4,rank,79,68.1,16.8,4
202510854,2,2023,1,화학 I,과학,2,rank,87,59.8,20.2,2
202510854,2,2023,1,지구과학 I,과학,4,rank,70,57.1,20.7,4
202510854,2,2023,2,언어와 매체,국어,3,rank,91,66.6,21.0,3
202510854,2,2023,2,수학 II,수학,2,rank,93,58.6,22.6,2
202510854,2,2023,2,영어 II,영어,3,rank,85,54.1,23.5,3
202510854,2,2023,2,물리학 I,과학,5,rank,76,71.4,18.9,5
202510854,2,2023,2,화학 I,과학,1,rank,97,61.9,21.0,1
202510854,2,2023,2,지구과학 I,과학,4,rank,65,57.4,21.9,4
202510854,3,2024,1,독서,국어,2,rank,89,64.5,19.0,2
202510854,3,2024,1,미적분,수학,3,rank,87,63.6,18.4,3
202510854,3,2024,1,확률과 통계,수학,3,rank,84,58.7,22.3,3
202510854,3,2024,1,영어 독해와 작문,영어,3,rank,84,54.5,24.5,3
202510854,3,2024,1,사회·문화,사회,3,rank,83,66.7,19.1,3
202510854,3,2024,2,화법과 작문,국어,2,rank,86,54.9,20.9,2
202510854,3,2024,2,미적분,수학,3,rank,67,44.3,18.9,3
202510854,3,2024,2,영어 회화,영어,2,rank,68,41.7,17.5,2
202510854,3,2024,2,사회·문화,사회,3,rank,80,55.2,19.3,3
202510854,3,2024,1,물리학 II,과학,A,achievement,83,74.3,,1
202510854,3,2024,1,화학 II,과학,A,achievement,87,66.6,,1
202510854,3,2024,1,정보과학,과학,A,achievement,100,80.8,,1
202510854,3,2024,1,빅데이터 분석,과학,A,achievement,94,95.0,,1
202510854,3,2024,2,심화 수학 I,수학,A,achievement,81,48.4,,1
202510854,3,2024,2,물리학 II,과학,A,achievement,82,68.3,,1
202510854,3,2024,2,화학 II,과학,B,achievement,74,64.6,,2
202510855,1,2022,1,국어,국어,3,rank,93,78.7,15.6,3
202510855,1,2022,1,수학,수학,2,rank,90,62.9,21.4,2
202510855,1,2022,1,영어,영어,2,rank,88,63.2,20.7,2
202510855,1,2022,1,통합사회,사회,3,rank,90,76.0,15.9,3
202510855,1,2022,1,통합과학,과학,2,rank,94,65.9,22.3,2
202510855,1,2022,1,과학탐구실험,과학,A,achievement,100,83.5,13.4,1
202510855,1,2022,2,국어,국어,4,rank,92,73.8,19.7,4
202510855,1,2022,2,수학,수학,3,rank,84,61.0,22.5,3
202510855,1,2022,2,영어,영어,3,rank,87,63.3,21.5,3
202510855,1,2022,2,통합사회,사회,3,rank,92,73.7,20.1,3
202510855,1,2022,2,통합과학,과학,3,rank,85,63.1,22.4,3
202510855,1,2022,2,과학탐구실험,과학,A,achievement,100,82.9,15.7,1
202510855,2,2023,1,문학,국어,3,rank,86,72.4,16.7,3
202510855,2,2023,1,수학 I,수학,3,rank,89,60.0,22.2,3
202510855,2,2023,1,영어 I,영어,2,rank,92,59.2,22.4,2
202510855,2,2023,1,물리학 I,과학,5,rank,79,67.8,23.1,5
202510855,2,2023,1,화학 I,과학,3,rank,78,55.5,22.6,3
202510855,2,2023,1,생명과학 I,과학,4,rank,77,61.6,21.0,4
202510855,2,2023,2,독서,국어,3,rank,93,76.7,18.6,3
202510855,2,2023,2,수학 II,수학,3,rank,84,56.6,22.5,3
202510855,2,2023,2,영어 II,영어,1,rank,96,59.7,23.0,1
202510855,2,2023,2,물리학 I,과학,4,rank,91,66.9,25.3,4
202510855,2,2023,2,화학 I,과학,4,rank,69,51.5,22.7,4
202510855,2,2023,2,생명과학 I,과학,5,rank,82,59.1,24.5,5
202510855,2,2023,1,생활과 과학,과학,A,achievement,94,81.1,,1
202510855,2,2023,2,생활과 과학,과학,A,achievement,91,74.2,,1
202510855,3,2024,1,미적분,수학,5,rank,72,64.8,20.5,5
202510855,3,2024,1,확률과 통계,수학,3,rank,88,62.0,22.1,3
202510855,3,2024,1,영어 독해와 작문,영어,2,rank,86,55.0,21.5,2
202510855,3,2024,1,생활과 윤리,사회,3,rank,78,60.5,19.1,3
202510855,3,2024,1,지구과학 I,과학,2,rank,96,64.0,23.5,2
202510855,3,2024,2,미적분,수학,5,rank,49,55.0,20.1,5
202510855,3,2024,2,확률과 통계,수학,2,rank,85,48.6,22.0,2
202510855,3,2024,2,영어 독해와 작문,영어,3,rank,60,39.2,16.8,3
202510855,3,2024,2,생활과 윤리,사회,3,rank,72,46.1,18.8,3
202510855,3,2024,2,지구과학 I,과학,3,rank,73,48.5,20.4,3
202510855,3,2024,1,기하,수학,A,achievement,83,74.3,,1
202510855,3,2024,1,심화 수학 I,수학,B,achievement,77,67.9,,2
202510855,3,2024,1,물리학 II,과학,A,achievement,92,80.1,,1
202510855,3,2024,2,기하,수학,C,achievement,54,56.1,,3
202510855,3,2024,2,심화 수학 I,수학,B,achievement,69,57.0,,2
202510855,3,2024,2,물리학 II,과학,B,achievement,68,49.9,,2
202511062,1,2021,1,국어,국어,4,rank,77,67.9,15.1,4
202511062,1,2021,1,수학,수학,4,rank,77,68.6,13.6,4
202511062,1,2021,1,영어,영어,4,rank,89,71.2,21.1,4
202511062,1,2021,1,한국사,사회,3,rank,80,61.3,19.6,3
202511062,1,2021,1,통합사회,사회,3,rank,84,66.9,16.8,3
202511062,1,2021,1,통합과학,과학,5,rank,63,60.8,17.0,5
202511062,1,2021,1,과학탐구실험,과학,A,achievement,88,85.5,7.4,1
202511062,1,2021,2,국어,국어,4,rank,78,65.8,17.9,4
202511062,1,2021,2,수학,수학,5,rank,77,71.3,15.9,5
202511062,1,2021,2,영어,영어,4,rank,84,67.1,22.2,4
202511062,1,2021,2,한국사,사회,6,rank,52,62.6,21.9,6
202511062,1,2021,2,통합사회,사회,5,rank,68,66.0,17.5,5
202511062,1,2021,2,통합과학,과학,5,rank,63,64.9,18.0,5
202511062,1,2021,2,과학탐구실험,과학,A,achievement,92,89.7,7.8,1
202511062,2,2022,1,문학,국어,5,rank,84,80.2,15.7,5
202511062,2,2022,1,수학 I,수학,5,rank,64,61.1,13.2,5
202511062,2,2022,1,수학 II,수학,5,rank,68,67.8,15.7,5
202511062,2,2022,1,영어 I,영어,5,rank,78,70.5,21.5,5
202511062,2,2022,1,화학 I,과학,6,rank,55,58.6,10.1,6
202511062,2,2022,1,생명과학 I,과학,6,rank,43,54.5,21.4,6
202511062,2,2022,1,지구과학 I,과학,9,rank,26,57.2,18.0,9
202511062,2,2022,2,독서,국어,6,rank,68,75.1,18.4,6
202511062,2,2022,2,수학 II,수학,8,rank,42,64.3,16.3,8
202511062,2,2022,2,확률과 통계,수학,8,rank,37,60.6,16.3,8
202511062,2,2022,2,영어 II,영어,5,rank,67,66.7,20.3,5
202511062,2,2022,2,화학 I,과학,4,rank,61,58.9,13.6,4
202511062,2,2022,2,생명과학 I,과학,7,rank,26,41.9,16.7,7
202511062,2,2022,2,지구과학 I,과학,7,rank,17,52.7,23.0,7
202511062,2,2022,1,과학사,과학,C,achievement,58,78.8,,3
202511062,2,2022,1,융합과학 탐구,과학,C,achievement,50,83.2,,3
202511062,2,2022,2,과학사,과학,B,achievement,60,77.0,,2
202511062,2,2022,2,융합과학 탐구,과학,C,achievement,40,79.4,,3
202511062,3,2023,1,화법과 작문,국어,7,rank,38,64.8,22.7,7
202511062,3,2023,1,미적분,수학,8,rank,30,69.9,18.6,8
202511062,3,2023,1,영어 독해와 작문,영어,6,rank,39,57.2,26.1,6
202511062,3,2023,2,미적분,수학,8,rank,29,56.8,20.4,8
202511062,3,2023,1,기하,수학,B,achievement,74,77.8,,2
202511062,3,2023,1,지역 이해,사회,C,achievement,30,73.7,,3
202511062,3,2023,1,화학 II,과학,C,achievement,45,76.9,,3
202511062,3,2023,1,생명과학 II,과학,C,achievement,16,50.0,,3
202511062,3,2023,1,융합과학,과학,A,achievement,100,93.8,,1
202511062,3,2023,2,고전문학 감상,국어,C,achievement,44,79.2,,3
202511062,3,2023,2,기하,수학,B,achievement,63,75.4,,2
202511062,3,2023,2,영어권 문화,영어,B,achievement,60,91.3,,2
202511062,3,2023,2,지역 이해,사회,C,achievement,50,85.9,,3
202511062,3,2023,2,화학 II,과학,C,achievement,34,62.8,,3
202511062,3,2023,2,생명과학 II,과학,C,achievement,22,46.5,,3
202511062,3,2023,2,융합과학,과학,C,achievement,0,43.7,,3
202511291,1,2021,1,국어,국어,5,rank,78,75.3,13.7,5
202511291,1,2021,1,수학,수학,6,rank,44,55.9,17.5,6
202511291,1,2021,1,영어,영어,6,rank,52,62.8,16.1,6
202511291,1,2021,1,통합사회,사회,8,rank,61,78.0,14.0,8
202511291,1,2021,1,통합과학,과학,5,rank,67,64.9,20.3,5
202511291,1,2021,1,과학탐구실험,과학,A,achievement,81,79.4,11.8,1
202511291,1,2021,2,국어,국어,6,rank,58,68.2,16.3,6
202511291,1,2021,2,수학,수학,5,rank,59,57.9,14.4,5
202511291,1,2021,2,영어,영어,7,rank,46,67.1,17.7,7
202511291,1,2021,2,통합사회,사회,8,rank,44,73.4,17.2,8
202511291,1,2021,2,통합과학,과학,6,rank,57,69.8,14.7,6
202511291,1,2021,2,과학탐구실험,과학,C,achievement,59,82.5,14.4,3
202511291,2,2022,1,문학,국어,5,rank,63,63.7,20.6,5
202511291,2,2022,1,수학 I,수학,5,rank,52,53.7,17.0,5
202511291,2,2022,1,영어 I,영어,6,rank,53,68.2,19.8,6
202511291,2,2022,1,화학 I,과학,6,rank,48,57.2,18.8,6
202511291,2,2022,1,생명과학 I,과학,7,rank,56,69.7,17.0,7
202511291,2,2022,1,지구과학 I,과학,8,rank,33,62.8,17.4,8
202511291,2,2022,2,독서,국어,7,rank,48,67.5,18.9,7
202511291,2,2022,2,수학 II,수학,4,rank,67,55.1,19.0,4
202511291,2,2022,2,영어 II,영어,7,rank,37,61.0,20.0,7
202511291,2,2022,2,화학 I,과학,9,rank,36,60.1,16.1,9
202511291,2,2022,2,생명과학 I,과학,7,rank,48,64.2,15.5,7
202511291,2,2022,2,지구과학 I,과학,8,rank,36,60.1,18.2,8
202511291,2,2022,1,기하,수학,A,achievement,46,76.5,,1
202511291,2,2022,2,기하,수학,C,achievement,26,64.4,,3
202511291,3,2023,1,화법과 작문,국어,8,rank,31,65.0,21.7,8
202511291,3,2023,1,언어와 매체,국어,5,rank,57,61.4,23.4,5
202511291,3,2023,1,미적분,수학,7,rank,23,44.9,19.4,7
202511291,3,2023,1,영어 독해와 작문,영어,8,rank,21,50.0,25.1,8
202511291,3,2023,2,화법과 작문,국어,8,rank,25,65.3,25.5,8
202511291,3,2023,2,언어와 매체,국어,9,rank,8,49.3,24.4,9
202511291,3,2023,2,미적분,수학,9,rank,20,49.9,21.3,9
202511291,3,2023,2,영어 회화,영어,8,rank,27,58.0,20.5,8
202511291,3,2023,1,심화 수학 I,수학,C,achievement,63,73.4,,3
202511291,3,2023,1,여행지리,사회,C,achievement,21,57.4,,3
202511291,3,2023,1,생명과학 II,과학,C,achievement,53,66.6,,3
202511291,3,2023,1,지구과학 II,과학,C,achievement,32,65.2,,3
202511291,3,2023,1,과학사,과학,C,achievement,32,68.8,,3
202511291,3,2023,2,심화 수학 I,수학,C,achievement,26,72.4,,3
202511291,3,2023,2,여행지리,사회,C,achievement,17,64.0,,3
202511291,3,2023,2,생명과학 II,과학,C,achievement,46,61.6,,3
202511291,3,2023,2,지구과학 II,과학,C,achievement,29,58.9,,3
202511291,3,2023,2,과학사,과학,C,achievement,20,56.9,,3
202511293,1,2022,1,국어,국어,2,rank,95,85.3,9.3,2
202511293,1,2022,1,수학,수학,5,rank,69,70.7,14.3,5
202511293,1,2022,1,영어,영어,6,rank,58,72.0,19.6,6
202511293,1,2022,1,한국사,한국사,5,rank,83,77.6,15.3,5
202511293,1,2022,1,통합사회,사회,5,rank,83,82.2,9.7,5
202511293,1,2022,1,통합과학,과학,6,rank,52,64.0,22.1,6
202511293,1,2022,1,과학탐구실험,과학,A,achievement,98,83.6,13.2,1
202511293,1,2022,2,국어,국어,5,rank,88,83.9,10.7,5
202511293,1,2022,2,수학,수학,4,rank,81,72.0,16.0,4
202511293,1,2022,2,영어,영어,5,rank,67,72.4,20.7,5
202511293,1,2022,2,한국사,한국사,5,rank,78,76.5,17.5,5
202511293,1,2022,2,통합사회,사회,4,rank,89,80.6,11.6,4
202511293,1,2022,2,통합과학,과학,4,rank,79,65.2,20.2,4
202511293,1,2022,2,과학탐구실험,과학,A,achievement,98,84.7,15.7,1
202511293,2,2023,1,문학,국어,4,rank,92,80.7,17.2,4
202511293,2,2023,1,수학 I,수학,5,rank,68,65.2,25.4,5
202511293,2,2023,1,확률과 통계,수학,5,rank,54,55.4,21.5,5
202511293,2,2023,1,영어 I,영어,5,rank,70,66.4,22.5,5
202511293,2,2023,1,물리학 I,과학,6,rank,41,56.3,22.1,6
202511293,2,2023,1,화학 I,과학,5,rank,60,61.1,17.1,5
202511293,2,2023,1,생명과학 I,과학,5,rank,75,68.1,19.1,5
202511293,2,2023,1,지구과학 I,과학,4,rank,76,60.0,23.7,4
202511293,2,2023,2,독서,국어,3,rank,96,79.6,19.5,3
202511293,2,2023,2,수학 II,수학,4,rank,83,61.1,27.0,4
202511293,2,2023,2,확률과 통계,수학,5,rank,59,53.5,26.3,5
202511293,2,2023,2,영어 I,영어,5,rank,55,61.2,25.5,5
202511293,2,2023,2,물리학 I,과학,5,rank,56,59.9,26.4,5
202511293,2,2023,2,화학 I,과학,5,rank,52,58.6,23.7,5
202511293,2,2023,2,생명과학 I,과학,5,rank,60,60.8,22.0,5
202511293,2,2023,2,지구과학 I,과학,4,rank,80,55.4,27.2,4
202511293,3,2024,1,언어와 매체,국어,5,rank,70,64.9,26.0,5
202511293,3,2024,1,미적분,수학,6,rank,54,65.8,23.7,6
202511293,3,2024,1,영어 II,영어,5,rank,38,48.4,26.1,5
202511293,3,2024,2,언어와 매체,국어,5,rank,53,55.2,27.6,5
202511293,3,2024,2,미적분,수학,8,rank,12,49.5,28.3,8
202511293,3,2024,2,영어 II,영어,5,rank,25,34.3,20.9,5
202511293,3,2024,1,기하,수학,B,achievement,61,74.0,,2
202511293,3,2024,1,수학과제 탐구,수학,A,achievement,32,63.1,,1
202511293,3,2024,1,여행지리,사회,B,achievement,78,87.1,,2
202511293,3,2024,1,물리학 II,과학,C,achievement,52,72.8,,3
202511293,3,2024,1,화학 II,과학,B,achievement,60,73.2,,2
202511293,3,2024,1,생명과학 II,과학,B,achievement,60,68.4,,2
202511293,3,2024,1,지구과학 II,과학,C,achievement,58,64.4,,3
202511293,3,2024,1,고급 물리학,과학,B,achievement,74,86.4,,2
202511293,3,2024,2,기하,수학,C,achievement,47,66.2,,3
202511293,3,2024,2,수학과제 탐구,수학,C,achievement,16,39.8,,3
202511293,3,2024,2,여행지리,사회,A,achievement,84,88.9,,1
202511293,3,2024,2,물리학 II,과학,A,achievement,100,95.8,,1
202511293,3,2024,2,화학 II,과학,C,achievement,52,81.2,,3
202511293,3,2024,2,생명과학 II,과학,B,achievement,75,82.0,,2
202511293,3,2024,2,지구과학 II,과학,B,achievement,69,80.1,,2
202511293,3,2024,2,고급 물리학,과학,A,achievement,74,76.2,,1
202511355,1,2022,1,국어,국어,7,rank,76,85.6,11.5,7
202511355,1,2022,1,수학,수학,6,rank,74,76.4,15.4,6
202511355,1,2022,1,영어,영어,6,rank,73,76.0,18.3,6
202511355,1,2022,1,통합사회,사회,6,rank,84,86.1,9.7,6
202511355,1,2022,1,통합과학,과학,6,rank,65,72.8,18.3,6
202511355,1,2022,2,국어,국어,8,rank,57,80.1,14.7,8
202511355,1,2022,2,수학,수학,6,rank,70,73.8,17.4,6
202511355,1,2022,2,영어,영어,5,rank,73,72.4,19.0,5
202511355,1,2022,2,통합사회,사회,6,rank,77,82.1,13.8,6
202511355,1,2022,2,통합과학,과학,6,rank,78,78.9,17.7,6
202511355,2,2023,1,문학,국어,6,rank,71,80.1,14.6,6
202511355,2,2023,1,수학 I,수학,6,rank,69,75.0,18.3,6
202511355,2,2023,1,영어 I,영어,5,rank,76,69.2,19.0,5
202511355,2,2023,1,화학 I,과학,6,rank,72,74.5,18.7,6
202511355,2,2023,1,생명과학 I,과학,5,rank,82,76.6,15.6,5
202511355,2,2023,1,지구과학 I,과학,4,rank,91,77.0,18.4,4
202511355,2,2023,1,일본어 I,제2외국어,5,rank,76,76.3,15.1,5
202511355,2,2023,2,독서,국어,4,rank,86,77.1,13.9,4
202511355,2,2023,2,수학 II,수학,5,rank,78,75.0,19.6,5
202511355,2,2023,2,영어 II,영어,5,rank,74,68.7,19.9,5
202511355,2,2023,2,화학 I,과학,5,rank,80,71.7,21.9,5
202511355,2,2023,2,생명과학 I,과학,5,rank,75,67.9,21.0,5
202511355,2,2023,2,지구과학 I,과학,4,rank,86,75.7,17.5,4
202511355,2,2023,1,기하,수학,A,achievement,82,79.6,,1
202511355,2,2023,1,음악 연주,예술,A,achievement,92,88.6,,1
202511355,2,2023,1,생활속의 한자,교양,B,achievement,79,74.6,,2
202511355,2,2023,2,기하,수학,A,achievement,85,72.8,,1
202511355,3,2024,1,미적분,수학,6,rank,72,74.3,18.8,6
202511355,3,2024,1,영어 독해와 작문,영어,6,rank,59,65.9,21.5,6
202511355,3,2024,2,미적분,수학,6,rank,56,69.1,19.6,6
202511355,3,2024,1,심화 수학 I,수학,B,achievement,69,76.3,,2
202511355,3,2024,1,여행지리,사회,C,achievement,59,61.0,,3
202511355,3,2024,1,사회문제 탐구,사회,C,achievement,54,80.6,,3
202511355,3,2024,1,생명과학 II,과학,B,achievement,60,66.5,,2
202511355,3,2024,1,지구과학 II,과학,B,achievement,78,72.7,,2
202511355,3,2024,2,심화 국어,국어,A,achievement,99,78.3,,1
202511355,3,2024,2,심화 수학 I,수학,A,achievement,88,80.6,,1
202511355,3,2024,2,심화 영어 I,영어,C,achievement,30,57.7,,3
202511355,3,2024,2,여행지리,사회,C,achievement,57,53.2,,3
202511355,3,2024,2,사회문제 탐구,사회,C,achievement,55,74.4,,3
202511355,3,2024,2,생명과학 II,과학,C,achievement,36,55.7,,3
202511355,3,2024,2,지구과학 II,과학,B,achievement,67,67.2,,2
202511355,3,2024,2,심화 국어,국어,A,achievement,99,78.3,,1
202511355,3,2024,2,심화 수학 I,수학,A,achievement,88,80.6,,1
202511355,3,2024,2,심화 영어 I,영어,C,achievement,30,57.7,,3
202511355,3,2024,2,여행지리,사회,C,achievement,57,53.2,,3
202511355,3,2024,2,사회문제 탐구,사회,C,achievement,55,74.4,,3
202511355,3,2024,2,생명과학 II,과학,C,achievement,36,55.7,,3
202511355,3,2024,2,지구과학 II,과학,B,achievement,67,67.2,,2
202511355,3,2025,1,화법과 작문,국어,3,rank,87,70.9,17.7,3
202511383,1,2022,1,국어,국어,3,rank,85,70.5,15.6,3
202511383,1,2022,1,수학,수학,3,rank,80,67.0,15.3,3
202511383,1,2022,1,영어,영어,2,rank,96,68.2,17.0,2
202511383,1,2022,1,한국사,한국사,3,rank,94,74.5,14.9,3
202511383,1,2022,1,통합사회,사회,2,rank,94,74.8,13.7,2
202511383,1,2022,1,통합과학,과학,4,rank,85,70.4,18.1,4
202511383,1,2022,1,과학탐구실험,과학,A,achievement,97,89.5,,1
202511383,1,2022,1,한문 I,기타,2,rank,95,84.7,7.8,2
202511383,1,2022,2,국어,국어,4,rank,81,67.0,17.4,4
202511383,1,2022,2,수학,수학,3,rank,87,67.4,18.0,3
202511383,1,2022,2,영어,영어,2,rank,93,69.2,17.7,2
202511383,1,2022,2,한국사,한국사,4,rank,80,70.7,15.0,4
202511383,1,2022,2,통합사회,사회,3,rank,88,71.5,17.1,3
202511383,1,2022,2,통합과학,과학,4,rank,82,68.2,18.5,4
202511383,1,2022,2,과학탐구실험,과학,A,achievement,95,90.3,,1
202511383,1,2022,2,정보,기타,2,rank,86,64.2,15.8,2
202511383,2,2023,1,문학,국어,3,rank,92,69.7,18.6,3
202511383,2,2023,1,수학 I,수학,3,rank,83,62.5,16.8,3
202511383,2,2023,1,확률과 통계,수학,4,rank,77,68.9,14.5,4
202511383,2,2023,1,영어 I,영어,2,rank,94,62.3,19.9,2
202511383,2,2023,1,물리학 I,과학,4,rank,71,61.5,19.6,4
202511383,2,2023,1,화학 I,과학,4,rank,78,68.5,16.0,4
202511383,2,2023,1,생명과학 I,과학,5,rank,65,65.0,17.2,5
202511383,2,2023,2,독서,국어,2,rank,93,65.6,21.3,2
202511383,2,2023,2,수학 II,수학,3,rank,82,63.3,19.1,3
202511383,2,2023,2,확률과 통계,수학,3,rank,84,64.7,18.1,3
202511383,2,2023,2,영어 II,영어,2,rank,93,59.7,21.6,2
202511383,2,2023,2,물리학 I,과학,4,rank,80,62.8,20.4,4
202511383,2,2023,2,화학 I,과학,3,rank,86,64.5,21.7,3
202511383,2,2023,2,생명과학 I,과학,4,rank,71,58.9,18.5,4
202511383,3,2024,1,화법과 작문,국어,4,rank,85,67.5,19.1,4
202511383,3,2024,1,미적분,수학,4,rank,83,70.1,16.1,4
202511383,3,2024,1,영어 독해와 작문,영어,2,rank,89,59.7,19.6,2
202511383,3,2024,2,화법과 작문,국어,3,rank,91,62.4,22.3,3
202511383,3,2024,2,미적분,수학,3,rank,75,55.5,21.1,3
202511383,3,2024,1,인공지능 수학,수학,A,achievement,100,78.6,,1
202511383,3,2024,1,여행지리,사회,A,achievement,89,82.7,,1
202511383,3,2024,1,물리학 II,과학,A,achievement,84,72.9,,1
202511383,3,2024,1,화학 II,과학,A,achievement,83,69.1,,1
202511383,3,2024,1,과학과제 연구,과학,A,achievement,88,88.1,,1
202511383,3,2024,2,인공지능 수학,수학,A,achievement,83,61.0,,1
202511383,3,2024,2,영미 문학 읽기,영어,A,achievement,94,56.8,,1
202511383,3,2024,2,여행지리,사회,A,achievement,90,72.2,,1
202511383,3,2024,2,물리학 II,과학,B,achievement,61,57.1,,2
202511383,3,2024,2,화학 II,과학,B,achievement,74,61.6,,2
202511383,3,2024,2,과학과제 연구,과학,A,achievement,96,81.9,,1
202511389,1,2022,1,국어,국어,4,rank,77,67.5,18.4,4
202511389,1,2022,1,수학,수학,3,rank,86,63.4,20.6,3
202511389,1,2022,1,영어,영어,3,rank,86,60.3,22.6,3
202511389,1,2022,1,한국사,한국사,3,rank,88,62.0,21.2,3
202511389,1,2022,1,통합사회,사회,4,rank,74,64.4,14.5,4
202511389,1,2022,1,통합과학,과학,3,rank,86,57.5,23.3,3
202511389,1,2022,1,과학탐구실험,과학,A,achievement,86,78.4,13.2,1
202511389,1,2022,2,국어,국어,4,rank,84,67.5,21.2,4
202511389,1,2022,2,수학,수학,3,rank,85,65.0,21.3,3
202511389,1,2022,2,영어,영어,3,rank,87,62.2,22.2,3
202511389,1,2022,2,한국사,한국사,3,rank,84,60.9,19.9,3
202511389,1,2022,2,통합사회,사회,4,rank,73,64.9,16.1,4
202511389,1,2022,2,통합과학,과학,3,rank,84,58.2,22.0,3
202511389,2,2023,1,문학,국어,5,rank,73,67.3,18.1,5
202511389,2,2023,1,수학 I,수학,3,rank,82,57.0,23.3,3
202511389,2,2023,1,영어 I,영어,3,rank,84,61.1,22.1,3
202511389,2,2023,1,물리학 I,과학,4,rank,77,71.5,14.9,4
202511389,2,2023,1,화학 I,과학,3,rank,86,62.9,20.3,3
202511389,2,2023,1,생명과학 I,과학,5,rank,72,69.1,18.7,5
202511389,2,2023,2,독서,국어,3,rank,88,69.9,19.0,3
202511389,2,2023,2,수학 II,수학,2,rank,87,56.0,24.1,2
202511389,2,2023,2,영어 II,영어,3,rank,85,60.4,23.4,3
202511389,2,2023,2,물리학 I,과학,4,rank,83,71.9,15.7,4
202511389,2,2023,2,화학 I,과학,3,rank,87,63.3,20.2,3
202511389,2,2023,2,생명과학 I,과학,2,rank,93,62.8,21.1,2
202511389,3,2024,1,화법과 작문,국어,4,rank,72,64.8,17.9,4
202511389,3,2024,1,미적분,수학,3,rank,83,61.4,22.9,3
202511389,3,2024,1,확률과 통계,수학,2,rank,91,58.4,22.4,2
202511389,3,2024,1,영어 독해와 작문,영어,3,rank,87,57.7,21.6,3
202511389,3,2024,2,미적분,수학,5,rank,49,51.2,25.6,5
202511389,3,2024,1,기하,수학,A,achievement,90,73.3,,1
202511389,3,2024,1,여행지리,사회,A,achievement,95,84.8,,1
202511389,3,2024,1,화학 II,과학,A,achievement,86,75.7,,1
202511389,3,2024,1,생명과학 II,과학,A,achievement,85,68.7,,1
202511389,3,2024,1,정보과학,과학,A,achievement,98,73.2,,1
202511389,3,2024,2,문학과 매체,국어,A,achievement,98,67.0,,1
202511389,3,2024,2,기하,수학,A,achievement,85,63.6,,1
202511389,3,2024,2,수학과제 탐구,수학,B,achievement,79,77.7,,2
202511389,3,2024,2,영어권 문화,영어,A,achievement,89,64.0,,1
202511389,3,2024,2,화학 II,과학,B,achievement,78,67.6,,2
202511389,3,2024,2,생명과학 II,과학,C,achievement,41,61.6,,3
202511389,3,2024,2,생태와 환경,과학,C,achievement,52,69.1,,3
202511389,3,2024,2,정보과학,과학,B,achievement,62,71.4,,2
202511391,1,2022,1,국어,국어,5,rank,75,71.3,12.4,5
202511391,1,2022,1,수학,수학,2,rank,87,65.7,15.3,2
202511391,1,2022,1,영어,영어,4,rank,80,73.0,16.9,4
202511391,1,2022,1,한국사,한국사,5,rank,57,62.5,20.8,5
202511391,1,2022,1,통합사회,사회,6,rank,68,72.0,10.6,6
202511391,1,2022,1,통합과학,과학,3,rank,89,75.3,14.7,3
202511391,1,2022,2,국어,국어,6,rank,67,72.3,14.2,6
202511391,1,2022,2,수학,수학,2,rank,90,67.4,18.4,2
202511391,1,2022,2,영어,영어,4,rank,80,69.5,19.6,4
202511391,1,2022,2,한국사,한국사,5,rank,73,68.2,17.2,5
202511391,1,2022,2,통합사회,사회,4,rank,77,71.1,12.7,4
202511391,1,2022,2,통합과학,과학,3,rank,94,73.6,17.5,3
202511391,2,2023,1,언어와매체,국어,3,rank,82,67.8,15.6,3
202511391,2,2023,1,문학,국어,5,rank,72,69.2,15.6,5
202511391,2,2023,1,수학 I,수학,1,rank,91,62.4,19.9,1
202511391,2,2023,1,확률과통계,수학,2,rank,88,69.3,14.6,2
202511391,2,2023,1,영어 I,영어,4,rank,83,74.2,17.1,4
202511391,2,2023,1,물리학 I,과학,3,rank,89,75.6,13.0,3
202511391,2,2023,1,화학 I,과학,3,rank,90,68.8,17.0,3
202511391,2,2023,1,지구과학 I,과학,4,rank,85,68.4,19.1,4
202511391,2,2023,2,독서,국어,5,rank,65,66.2,15.8,5
202511391,2,2023,2,언어와매체,국어,2,rank,89,64.2,16.9,2
202511391,2,2023,2,수학 II,수학,2,rank,87,60.0,21.5,2
202511391,2,2023,2,확률과통계,수학,2,rank,88,61.8,16.4,2
202511391,2,2023,2,영어 II,영어,5,rank,72,69.9,20.5,5
202511391,2,2023,2,물리학 I,과학,4,rank,88,70.9,21.2,4
202511391,2,2023,2,화학 I,과학,4,rank,75,64.4,21.4,4
202511391,2,2023,2,지구과학 I,과학,3,rank,86,65.5,19.1,3
202511391,3,2024,1,화법과작문,국어,4,rank,75,66.7,15.4,4
202511391,3,2024,1,미적분,수학,4,rank,86,70.6,18.1,4
202511391,3,2024,1,영어독해와작문,영어,4,rank,60,54.1,23.8,4
202511391,3,2024,1,경제,사회,4,rank,81,68.2,19.3,4
202511391,3,2024,2,화법과작문,국어,3,rank,87,61.4,22.0,3
202511391,3,2024,2,미적분,수학,2,rank,92,58.7,19.6,2
202511391,3,2024,2,영어독해와작문,영어,4,rank,46,40.7,18.8,4
202511391,3,2024,2,경제,사회,3,rank,80,60.7,16.8,3
202511391,3,2024,1,기하,수학,A,achievement,91,77.8,,1
202511391,3,2024,1,물리학 II,과학,A,achievement,93,85.7,,1
202511391,3,2024,1,지구과학 II,과학,A,achievement,89,82.0,,1
202511391,3,2024,1,프로그래밍,과학,A,achievement,90,72.8,,1
202511391,3,2024,2,기하,수학,A,achievement,82,69.4,,1
202511391,3,2024,2,물리학 II,과학,A,achievement,92,72.9,,1
202511391,3,2024,2,지구과학 II,과학,A,achievement,89,81.8,,1
202511391,3,2024,2,프로그래밍,과학,A,achievement,85,61.9,,1
202511407,1,2022,1,국어,국어,4,rank,76,65.9,17.6,4
202511407,1,2022,1,수학,수학,4,rank,63,51.1,15.9,4
202511407,1,2022,1,영어,영어,3,rank,80,58.7,17.8,3
202511407,1,2022,1,한국사,한국사,4,rank,79,63.2,18.3,4
202511407,1,2022,1,통합사회,사회,3,rank,72,58.1,15.0,3
202511407,1,2022,1,통합과학,과학,3,rank,85,63.4,16.4,3
202511407,1,2022,2,국어,국어,4,rank,81,63.9,21.0,4
202511407,1,2022,2,수학,수학,2,rank,77,52.9,17.7,2
202511407,1,2022,2,영어,영어,3,rank,81,58.6,19.3,3
202511407,1,2022,2,한국사,한국사,4,rank,80,63.1,18.8,4
202511407,1,2022,2,통합사회,사회,4,rank,69,57.8,18.6,4
202511407,1,2022,2,통합과학,과학,3,rank,86,60.7,19.3,3
202511407,2,2023,1,문학,국어,4,rank,80,60.8,22.8,4
202511407,2,2023,1,수학 I,수학,3,rank,73,50.3,18.1,3
202511407,2,2023,1,확률과 통계,수학,3,rank,78,55.0,20.5,3
202511407,2,2023,1,영어 I,영어,2,rank,84,55.1,18.4,2
202511407,2,2023,1,화학 I,과학,2,rank,91,60.0,22.0,2
202511407,2,2023,1,지구과학 I,과학,3,rank,85,63.2,21.1,3
202511407,2,2023,2,독서,국어,2,rank,87,62.9,20.9,2
202511407,2,2023,2,수학 II,수학,2,rank,81,49.9,23.1,2
202511407,2,2023,2,확률과 통계,수학,3,rank,82,52.2,23.5,3
202511407,2,2023,2,영어 II,영어,3,rank,79,55.7,19.1,3
202511407,2,2023,2,물리학 I,과학,3,rank,92,58.8,23.9,3
202511407,2,2023,2,생명과학 I,과학,2,rank,89,59.2,19.3,2
202511407,3,2024,1,언어와 매체,국어,4,rank,78,66.4,19.0,4
202511407,3,2024,1,미적분,수학,3,rank,86,62.6,20.6,3
202511407,3,2024,1,영어 독해와 작문,영어,3,rank,81,60.7,15.3,3
202511407,3,2024,1,기하,수학,A,achievement,92,81.1,,1
202511407,3,2024,1,사회문제 탐구,사회,A,achievement,87,83.8,,1
202511407,3,2024,1,물리학 II,과학,A,achievement,94,85.1,,1
202511407,3,2024,1,화학 II,과학,A,achievement,96,78.2,,1
202511407,3,2024,1,융합과학,과학,A,achievement,100,87.9,,1
202511407,3,2024,2,심화 국어,국어,B,achievement,74,79.9,,2
202511407,3,2024,2,기하,수학,B,achievement,79,75.5,,2
202511407,3,2024,2,수학적 사고와 적분,수학,B,achievement,79,73.8,,2
202511407,3,2024,2,심화 영어 독해 I,영어,A,achievement,90,73.6,,1
202511407,3,2024,2,사회문제 탐구,사회,B,achievement,77,77.5,,2
202511407,3,2024,2,융합과학,과학,A,achievement,100,87.9,,1
202511407,3,2024,2,물리학 주제 토론,과학,A,achievement,95,79.0,,1
202511407,3,2024,2,화학 주제 토론,과학,A,achievement,95,78.1,,1
202511468,1,2022,1,국어,국어,4,rank,87,84.3,6.3,4
202511468,1,2022,1,수학,수학,5,rank,81,82.4,8.4,5
202511468,1,2022,1,영어,영어,5,rank,83,82.5,11.0,5
202511468,1,2022,1,한국사,한국사,6,rank,76,83.2,10.1,6
202511468,1,2022,1,통합사회,사회,7,rank,67,73.8,8.3,7
202511468,1,2022,1,통합과학,과학,7,rank,82,89.2,7.3,7
202511468,1,2022,2,국어,국어,6,rank,78,82.1,7.8,6
202511468,1,2022,2,수학 I,수학,6,rank,72,77.9,8.2,6
202511468,1,2022,2,영어,영어,6,rank,81,83.4,10.5,6
202511468,1,2022,2,한국사,한국사,6,rank,83,86.8,10.1,6
202511468,1,2022,2,통합사회,사회,6,rank,72,76.9,7.8,6
202511468,1,2022,2,통합과학,과학,6,rank,87,88.4,7.4,6
202511468,2,2023,1,문학,국어,7,rank,78,85.6,7.0,7
202511468,2,2023,1,수학 II,수학,5,rank,84,84.0,7.1,5
202511468,2,2023,1,확률과 통계,수학,5,rank,84,83.8,8.0,5
202511468,2,2023,1,영어 I,영어,5,rank,82,81.8,13.2,5
202511468,2,2023,1,물리학 I,과학,8,rank,58,76.3,12.1,8
202511468,2,2023,1,화학 I,과학,8,rank,58,75.5,12.3,8
202511468,2,2023,1,생명과학 I,과학,8,rank,62,78.6,10.6,8
202511468,2,2023,2,언어와 매체,국어,6,rank,75,78.9,8.0,6
202511468,2,2023,2,미적분,수학,6,rank,77,82.0,9.2,6
202511468,2,2023,2,영어 II,영어,6,rank,76,79.2,12.9,6
202511468,2,2023,2,경제,사회,6,rank,77,82.1,9.1,6
202511468,2,2023,1,과학과제 연구,과학,A,achievement,96,97.2,,1
202511468,2,2023,1,기하,수학,A,achievement,82,84.4,,1
202511468,2,2023,2,화학 II,과학,B,achievement,78,82.7,,2
202511468,2,2023,2,생명과학 II,과학,B,achievement,67,75.2,,2
202511468,2,2023,2,과학과제 연구,과학,A,achievement,96,93.0,,1
202511468,3,2024,1,독서,국어,5,rank,88,86.3,9.3,5
202511468,3,2024,2,화법과 작문,국어,2,rank,97,89.3,7.8,2
202511468,3,2024,1,수학세미나 I,수학,A,achievement,84,86.4,,1
202511468,3,2024,1,심화 영어 I,영어,A,achievement,87,80.2,,1
202511468,3,2024,1,고급 생명과학,과학,B,achievement,73,80.6,,2
202511468,3,2024,2,심화 수학 I,수학,B,achievement,76,85.2,,2
202511468,3,2024,2,심화 영어 II,영어,A,achievement,89,83.8,,1
202511468,3,2024,2,고급 생명과학,과학,B,achievement,75,81.3,,2
202511550,1,2022,1,국어,국어,5,rank,87,85.7,10.0,5
202511550,1,2022,1,수학,수학,5,rank,77,77.0,13.3,5
202511550,1,2022,1,영어,영어,6,rank,78,80.7,14.8,6
202511550,1,2022,1,통합사회,사회,4,rank,91,85.1,12.1,4
202511550,1,2022,1,통합과학,과학,5,rank,81,75.9,15.6,5
202511550,1,2022,2,국어,국어,4,rank,89,83.1,11.4,4
202511550,1,2022,2,수학,수학,6,rank,68,71.5,12.0,6
202511550,1,2022,2,영어,영어,5,rank,79,79.4,15.8,5
202511550,1,2022,2,통합사회,사회,5,rank,86,81.6,13.6,5
202511550,1,2022,2,통합과학,과학,4,rank,86,76.9,14.4,4
202511550,2,2023,1,화법과 작문,국어,3,rank,88,77.9,12.2,3
202511550,2,2023,1,문학,국어,5,rank,83,79.7,11.3,5
202511550,2,2023,1,수학 I,수학,5,rank,74,70.8,13.7,5
202511550,2,2023,1,확률과 통계,수학,5,rank,68,65.7,13.7,5
202511550,2,2023,1,영어 I,영어,6,rank,68,73.6,17.4,6
202511550,2,2023,1,물리학 I,과학,5,rank,81,75.0,16.1,5
202511550,2,2023,1,화학 I,과학,6,rank,66,70.7,13.6,6
202511550,2,2023,1,지구과학 I,과학,3,rank,84,72.5,12.9,3
202511550,2,2023,2,독서,국어,5,rank,79,75.4,12.5,5
202511550,2,2023,2,언어와 매체,국어,4,rank,84,75.0,12.1,4
202511550,2,2023,2,수학 II,수학,3,rank,84,71.2,16.3,3
202511550,2,2023,2,영어 II,영어,6,rank,70,73.8,19.0,6
202511550,2,2023,2,물리학 I,과학,6,rank,71,74.4,17.1,6
202511550,2,2023,2,화학 I,과학,6,rank,58,67.6,15.0,6
202511550,2,2023,2,지구과학 I,과학,5,rank,71,70.3,13.8,5
202511550,2,2023,2,기하,수학,A,achievement,85,74.6,,1
202511550,3,2024,1,미적분,수학,5,rank,68,69.9,14.2,5
202511550,3,2024,1,심화 국어,국어,A,achievement,90,86.4,,1
202511550,3,2024,1,심화 영어 I,영어,C,achievement,58,78.0,,3
202511550,3,2024,1,사회문제 탐구,사회,B,achievement,61,78.2,,2
202511550,3,2024,1,물리학 II,과학,B,achievement,60,74.2,,2
202511550,3,2024,1,지구과학 II,과학,C,achievement,57,59.0,,3
202511550,3,2024,2,심화 국어,국어,B,achievement,74,69.7,,2
202511550,3,2024,2,심화 수학 I,수학,C,achievement,58,67.1,,3
202511550,3,2024,2,심화 영어 독해 I,영어,C,achievement,58,70.4,,3
202511550,3,2024,2,사회문제 탐구,사회,C,achievement,24,51.1,,3
202511550,3,2024,2,물리학 II,과학,C,achievement,17,38.1,,3
202511550,3,2024,2,지구과학 II,과학,C,achievement,21,27.7,,3
202511554,1,2022,1,국어,국어,4,rank,85,76.0,17.3,4
202511554,1,2022,1,수학,수학,6,rank,65,73.9,15.4,6
202511554,1,2022,1,영어,영어,5,rank,71,69.6,20.0,5
202511554,1,2022,1,한국사,사회,4,rank,79,67.5,19.5,4
202511554,1,2022,1,통합사회,사회,4,rank,85,75.5,16.8,4
202511554,1,2022,1,통합과학,과학,4,rank,88,78.0,16.8,4
202511554,1,2022,1,물리학 I,과학,4,rank,74,65.0,16.2,4
202511554,1,2022,2,국어,국어,4,rank,91,75.8,18.9,4
202511554,1,2022,2,수학,수학,6,rank,45,58.5,19.0,6
202511554,1,2022,2,영어,영어,5,rank,72,66.2,22.7,5
202511554,1,2022,2,한국사,사회,6,rank,60,65.8,19.5,6
202511554,1,2022,2,통합사회,사회,5,rank,80,73.3,18.2,5
202511554,1,2022,2,통합과학,과학,5,rank,77,71.0,21.7,5
202511554,1,2022,2,물리학 I,과학,5,rank,75,68.5,19.6,5
202511554,2,2023,1,문학,국어,3,rank,94,79.7,16.5,3
202511554,2,2023,1,수학 I,수학,5,rank,66,67.5,16.1,5
202511554,2,2023,1,영어 I,영어,5,rank,80,72.3,19.3,5
202511554,2,2023,1,화학 I,과학,4,rank,75,68.4,18.2,4
202511554,2,2023,1,생명과학 I,과학,4,rank,85,76.9,16.5,4
202511554,2,2023,1,지구과학 I,과학,5,rank,78,75.1,18.1,5
202511554,2,2023,2,독서,국어,3,rank,94,74.7,19.3,3
202511554,2,2023,2,수학 II,수학,5,rank,74,70.1,18.1,5
202511554,2,2023,2,영어 II,영어,8,rank,69,68.0,20.8,8
202511554,2,2023,2,화학 I,과학,5,rank,58,63.5,19.6,5
202511554,2,2023,2,생명과학 I,과학,4,rank,82,71.7,16.9,4
202511554,2,2023,2,지구과학 I,과학,5,rank,79,73.4,20.7,5
202511554,2,2023,1,기하,수학,4,rank,78,72.1,,4
202511554,2,2023,1,과학과제 연구,과학,A,rank,97,89.5,,0
202511554,2,2023,2,기하,수학,4,rank,62,63.4,,4
202511554,2,2023,2,과학과제 연구,과학,A,rank,86,80.6,,0
202511554,3,2024,1,언어와 매체,국어,5,rank,74,68.3,22.3,5
202511554,3,2024,1,미적분,수학,5,rank,62,63.8,18.4,5
202511554,3,2024,1,확률과 통계,수학,6,rank,65,71.3,11.8,6
202511554,3,2024,1,영어 독해와 작문,영어,5,rank,76,71.7,18.9,5
202511554,3,2024,2,언어와 매체,국어,4,rank,78,59.4,27.0,4
202511554,3,2024,2,미적분,수학,5,rank,73,71.1,18.6,5
202511554,3,2024,2,확률과 통계,수학,6,rank,42,52.7,14.9,6
202511554,3,2024,1,심화 국어,국어,A,achievement,91,73.6,,1
202511554,3,2024,1,세계 문제와 미래 사회,사회,A,achievement,93,87.2,,1
202511554,3,2024,1,생명과학 II,과학,B,achievement,67,77.9,,2
202511554,3,2024,1,지구과학 II,과학,C,achievement,58,69.2,,3
202511554,3,2024,2,심화 국어,국어,A,achievement,90,75.4,,1
202511554,3,2024,2,심화 영어 독해 I,영어,C,achievement,55,75.3,,3
202511554,3,2024,2,세계 문제와 미래 사회,사회,A,achievement,92,84.9,,1
202511554,3,2024,2,생명과학 II,과학,B,achievement,65,67.2,,2
202511554,3,2024,2,지구과학 II,과학,B,achievement,60,67.7,,2
202511585,1,2021,1,국어,국어,5,rank,66,64.5,17.1,5
202511585,1,2021,1,수학,수학,4,rank,75,65.5,19.3,4
202511585,1,2021,1,영어,영어,5,rank,73,71.0,20.4,5
202511585,1,2021,1,한국사,사회,4,rank,79,69.7,17.4,4
202511585,1,2021,1,통합사회,사회,5,rank,78,76.0,15.8,5
202511585,1,2021,1,통합과학,과학,5,rank,87,78.6,16.5,5
202511585,1,2021,2,국어,국어,4,rank,68,60.1,17.8,4
202511585,1,2021,2,수학,수학,2,rank,93,68.9,19.8,2
202511585,1,2021,2,영어,영어,5,rank,70,69.0,22.6,5
202511585,1,2021,2,한국사,사회,5,rank,60,64.6,18.1,5
202511585,1,2021,2,통합사회,사회,5,rank,81,73.0,20.1,5
202511585,1,2021,2,통합과학,과학,4,rank,87,76.8,17.1,4
202511585,2,2022,1,문학,국어,4,rank,84,76.1,11.4,4
202511585,2,2022,1,수학 I,수학,3,rank,88,71.8,13.8,3
202511585,2,2022,1,확률과 통계,수학,3,rank,88,72.4,12.0,3
202511585,2,2022,1,영어 I,영어,5,rank,72,69.3,19.2,5
202511585,2,2022,1,물리학 I,과학,6,rank,65,79.0,13.1,6
202511585,2,2022,1,화학 I,과학,6,rank,68,75.7,14.2,6
202511585,2,2022,1,생명과학 I,과학,5,rank,70,70.0,11.5,5
202511585,2,2022,2,독서,국어,4,rank,79,69.4,12.0,4
202511585,2,2022,2,수학 II,수학,3,rank,87,72.3,15.0,3
202511585,2,2022,2,확률과 통계,수학,4,rank,75,69.4,12.8,4
202511585,2,2022,2,영어 독해와 작문,영어,5,rank,59,64.3,19.6,5
202511585,2,2022,2,물리학 I,과학,7,rank,60,75.8,15.2,7
202511585,2,2022,2,화학 I,과학,5,rank,61,69.3,16.1,5
202511585,2,2022,2,생명과학 I,과학,5,rank,76,72.1,12.9,5
202511585,3,2023,1,언어와 매체,국어,5,rank,67,70.9,12.5,5
202511585,3,2023,1,미적분,수학,5,rank,69,66.7,13.9,5
202511585,3,2023,1,영어 II,영어,6,rank,60,68.6,15.0,6
202511585,3,2023,2,화법과 작문,국어,6,rank,28,46.3,24.8,6
202511585,3,2023,1,심화 국어,국어,5,rank,78,73.7,,5
202511585,3,2023,1,기하,수학,5,rank,63,69.7,,5
202511585,3,2023,1,사회문제 탐구,사회,5,rank,80,85.5,,5
202511585,3,2023,1,화학 II,과학,5,rank,65,73.0,,5
202511585,3,2023,1,생명과학 II,과학,5,rank,66,68.1,,5
202511585,3,2023,2,심화 국어,국어,5,rank,80,53.5,,5
202511585,3,2023,2,기하,수학,7,rank,15,35.1,,7
202511585,3,2023,2,수학과제 탐구,수학,5,rank,18,60.6,,5
202511585,3,2023,2,영미 문학 읽기,영어,5,rank,24,43.2,,5
202511585,3,2023,2,사회문제 탐구,사회,5,rank,47,61.0,,5
202511585,3,2023,2,화학 II,과학,5,rank,15,47.6,,5
202511585,3,2023,2,생명과학 II,과학,5,rank,27,38.3,,5
202511596,1,2021,1,국어,국어,6,rank,59,68.8,15.0,6
202511596,1,2021,1,수학,수학,5,rank,65,65.6,11.9,5
202511596,1,2021,1,영어,영어,6,rank,66,70.7,17.9,6
202511596,1,2021,1,한국사,사회,5,rank,69,65.0,18.2,5
202511596,1,2021,1,통합사회,사회,6,rank,77,78.0,12.9,6
202511596,1,2021,2,국어,국어,6,rank,58,65.4,14.2,6
202511596,1,2021,2,수학,수학,6,rank,63,69.3,14.0,6
202511596,1,2021,2,영어,영어,7,rank,51,68.7,17.9,7
202511596,1,2021,2,한국사,사회,6,rank,64,68.9,18.4,6
202511596,1,2021,2,통합사회,사회,6,rank,75,77.6,13.8,6
202511596,2,2022,1,문학,국어,5,rank,76,76.5,11.8,5
202511596,2,2022,1,수학 I,수학,7,rank,62,71.9,12.4,7
202511596,2,2022,1,영어 I,영어,7,rank,48,69.4,19.4,7
202511596,2,2022,1,물리학 I,과학,6,rank,47,59.7,16.7,6
202511596,2,2022,1,화학 I,과학,6,rank,47,58.0,15.5,6
202511596,2,2022,1,생명과학 I,과학,6,rank,59,72.1,19.0,6
202511596,2,2022,2,언어와 매체,국어,6,rank,62,68.2,11.7,6
202511596,2,2022,2,수학 II,수학,6,rank,60,66.8,13.3,6
202511596,2,2022,2,영어 독해와 작문,영어,7,rank,48,67.4,17.9,7
202511596,2,2022,2,물리학 I,과학,5,rank,65,71.8,17.5,5
202511596,2,2022,2,화학 I,과학,6,rank,54,64.2,16.1,6
202511596,2,2022,2,생명과학 I,과학,5,rank,72,70.2,13.2,5
202511596,2,2022,1,기하,수학,A,rank,82,85.6,,0
202511596,2,2022,1,융합과학,과학,A,rank,100,96.2,,0
202511596,2,2022,2,기하,수학,A,rank,86,89.4,,0
202511596,2,2022,2,융합과학,과학,A,rank,100,95.3,,0
202511596,3,2023,1,화법과 작문,국어,6,rank,58,66.5,16.9,6
202511596,3,2023,1,미적분,수학,6,rank,54,64.7,14.1,6
202511596,3,2023,1,확률과 통계,수학,5,rank,61,62.8,15.9,5
202511596,3,2023,1,영어 II,영어,5,rank,59,65.4,18.1,5
202511596,3,2023,2,독서,국어,6,rank,66,68.0,18.6,6
202511596,3,2023,1,사회 탐구 방법,사회,A,rank,100,90.8,,0
202511596,3,2023,1,물리학 II,과학,A,rank,93,87.2,,0
202511596,3,2023,1,생명과학 II,과학,A,rank,100,89.4,,0
202511596,3,2023,1,지구과학 II,과학,A,rank,100,95.2,,0
202511596,3,2023,2,사회 탐구 방법,사회,A,rank,100,86.0,,0
202511596,3,2023,2,물리학 II,과학,A,rank,100,93.7,,0
202511596,3,2023,2,생명과학 II,과학,A,rank,96,95.0,,0
202511596,3,2023,2,지구과학 II,과학,A,rank,100,76.4,,0
202511596,3,2023,2,심화 수학 II,수학,A,rank,100,80.9,,0
202511596,3,2023,2,고급 수학 I,수학,A,rank,90,85.0,,0
202511596,3,2023,2,심화 영어 독해 I,영어,A,rank,82,86.7,,0
202511654,1,2020,1,국어,국어,5,rank,62,62.3,15.3,5
202511654,1,2020,1,수학,수학,4,rank,68,52.7,20.3,4
202511654,1,2020,1,영어,영어,5,rank,65,58.6,20.9,5
202511654,1,2020,1,사회,사회,5,rank,67,65.2,18.8,5
202511654,1,2020,1,과학,과학,5,rank,66,63.1,19.5,5
202511654,1,2020,2,국어,국어,6,rank,57,64.8,20.1,6
202511654,1,2020,2,수학,수학,5,rank,42,39.2,21.2,5
202511654,1,2020,2,영어,영어,4,rank,62,53.2,23.0,4
202511654,1,2020,2,사회,사회,5,rank,70,60.3,21.2,5
202511654,1,2020,2,과학,과학,6,rank,54,58.2,22.3,6
202511654,2,2021,1,문학,국어,5,rank,70,69.3,18.4,5
202511654,2,2021,1,수학 I,수학,4,rank,75,60.1,18.1,4
202511654,2,2021,1,영어 I,영어,5,rank,72,61.3,24.5,5
202511654,2,2021,1,물리학 I,과학,5,rank,62,64.3,21.1,5
202511654,2,2021,1,화학 I,과학,6,rank,53,64.0,18.8,6
202511654,2,2021,1,지구과학 I,과학,6,rank,65,67.4,23.1,6
202511654,1,2021,1,기하,수학,B,achievement,78,76.7,,2
202511654,1,2021,1,여행지리,사회,A,achievement,84,76.1,,1
202511654,2,2021,2,독서,국어,5,rank,71,62.6,23.5,5
202511654,2,2021,2,수학 II,수학,2,rank,80,55.7,19.3,2
202511654,2,2021,2,영어 독해와 작문,영어,4,rank,67,49.4,26.5,4
202511654,2,2021,2,물리학 I,과학,5,rank,60,59.5,24.1,5
202511654,2,2021,2,화학 I,과학,6,rank,33,50.3,19.8,6
202511654,2,2021,2,지구과학 I,과학,4,rank,69,56.9,22.9,4
202511654,2,2021,2,기하,수학,B,achievement,61,69.5,,2
202511654,2,2021,2,여행지리,사회,A,achievement,91,78.4,,1
202511654,3,2022,1,언어와 매체,국어,6,rank,64,68.2,17.6,6
202511654,3,2022,1,미적분,수학,5,rank,56,55.4,17.2,5
202511654,3,2022,1,영어 II,영어,5,rank,47,54.9,24.1,5
202511654,3,2022,1,생활과 윤리,사회,7,rank,37,51.6,16.9,7
202511654,3,2022,2,언어와 매체,국어,4,rank,59,45.2,23.2,4
202511654,3,2022,2,미적분,수학,3,rank,62,38.1,18.7,3
202511654,3,2022,2,영어 II,영어,4,rank,51,40.5,20.4,4
202511654,3,2022,2,생활과 윤리,사회,4,rank,46,43.7,20.9,4
202511654,3,2022,1,심화 국어,국어,A,achievement,80,73.1,,1
202511654,3,2022,1,물리학 II,과학,A,achievement,83,77.8,,1
202511654,3,2022,1,지구과학 II,과학,A,achievement,85,61.4,,1
202511654,3,2022,1,융합과학,과학,A,achievement,92,78.3,,1
202511654,3,2022,2,심화 국어,국어,A,achievement,85,66.8,,1
202511654,3,2022,2,물리학 II,과학,A,achievement,84,69.8,,1
202511654,3,2022,2,지구과학 II,과학,B,achievement,67,56.7,,2
202511654,3,2022,2,융합과학,과학,B,achievement,74,73.6,,2
