student_id,grade_year,year,term,subject,subject_group,content,content_length,exploration_keyword_count,online_keyword_count,qualitative_keyword_count,kw_freq_exploration,kw_freq_online,kw_freq_qualitative
201611091,2,2014,2,불리 1,기타,"2학기 방과후학교 불리 [ 개념정리 및 문제풀이 (18시간) 올 수강함. 불리 [ 정리 및 문제 풀이 (26시간) 올 수 강함. 지구과학 I : 2학기 방과후학교 생각하는 지구과학 [ (18시간) 올 수강함. 지구와 우주 및 주변 환경의 변화에 대하여 인간의 담구 노력과 지식의 발날 과정올 이해하고 지구와 우주에 관한 현상울 통합적으로 이해하여 올바른 자연관과 우주관을 가지 논데 도움이 되미 지구과학의 기본 개념울 이해하고 관찰 , 실험 , 조사 , 토론 등의 활동올 봉해 남구능력이 향상되 . 생명과학[ : 교과서 만들기와 관련된 수행평가 보고서에서 '생물의 구성체제 '단원에 대하여 관련자료물 수집하고 이률 정리 , 편집하여 제출함. 인간의 소화계블 배우고 친구들과 '가상의 약'올 만들어 시간에 지사제 , 위장약의 일종인 '아드레날린 +'틀 만드는 팀 작업올 진행하없음 일본어 I : 일본어 발표 시간에 3명이 팀올 이루어 일본의 건축에 대해 조사하여 발표함 . 장래 희망이 긴축가이기에 일본이 건축가 안도 다다오와 그의 건축물올 조사하여 발표하없으며 전반적인 일본의 건축물에 대해서도 흥미롭게 소개함 창업과경영 : 사업의 조직도 , 상권 및 입지 분석 , 경쟁 업계 현황 및 핵심 경쟁 요소 , 마켓팅 전락 짜기 등 구체적인 사업 계획 서클 팀원끼리 조사, 토론하여 매우 잘 작성하없으다 , 그 내용올 수업시간에 독창적으로 발표함. (여름방학) 방과후학교 강좌루 수강함 과학 과학 [ (불화생지) 핵심정리 (16시간) . 체육 . 예술 (음악 / 미술) > 1 학 기 2학기 교 과 과 복 비고 단위수 성취도 단위수 성취도 예술 (음악 / 미술) 음악실기 보통 보통 이수단위 합계 과목 세 부 능력 및 특 기사 항 음악실기: 음악에 대한 흥미와 호기심이 많으 예체교과의 교육과정 재구성올 위한 공개 강의인 라이브아트 분야의 강연과 연주 (2014.03.27.)늘 통해 새로운 문화의 경험올 쌍앗으미 , 각 학기별로 바이올린 연주와 알도리코더의 합주들 배움으로 기 약분아에서 개인연주와 합주름 경험함 . 음악적 표현력은 좋으나 음악이론과 실기의 집목에 익숙하지 못하여 다소 아쉬움.",1058,5,0,5,4.725897920604915,0.0,4.725897920604915
201910671,2,2017,1,미적분 [,기타,방과후수업 1기 수학 프론티어 인문B반 수강 (80분 12차시) 2기1 방과후학교 (프론티어 인문B) 수학 (50분 9회)틀 수강함.,74,0,0,0,0.0,0.0,0.0
201910671,2,2017,2,미적분 I,수학,"미분과 적분 개념울 깨닫고 이률 활용하는 여러 방식들올 이해함 . 교과서의 여러 문제률 모두 풀어 발표루 할 수 있을 정도로 자신감을 갖게 팀. 3기 방과후학교 프린티어반 (인문B-수학  60분 9회) 올 수강함 영어 I : 영어말하기 수행평가에서 자신의 생각울 조리핑게 정확한 발음과 문법요소름 사용하여 유창하게 발표함. 고급수준 의 영어단어 학습올 철저히 준비하고 수업시간에 적극적으로 교사의 질문에 대해서 계속적으로 의사소동올 진행함. 1기 방과후학교 (프런티어 인문B) 영어발표수업 (80분 12회) 올 수강함. 1기 방과후학교 (프런티어 인문B) critical reading 영어수업 (80분 12회) 올 수강함 2기1 방과 후학교 (프린티어 인문B) 주제별 토론수업 심화과정 (50분 9회) 올 수강함. 2기1 방과후학교 (프린티어 인문B) Egsential Grammar in Use(50분 9회)틀 수강함. 실용영어 I : 3기 방과후학교 (프린티어 인문B) English Presentation D.L Y. 교양강좌 , 서양미 술사의 이해 (60분 9회)물 수강함. 3기 방과 후학교 (프린티어 인문B) 영어, Understanding English Compogition(60분 9회) 률 수강함. 영어말하기 수행평가에서 freetime 주제름 가지고 자신의 생각올 조리핑계 정확한 발음과 문법요소홀 사용하여 유창하게 발표함. 다양한 실용문에 대해서 빠르게 이해하고 파악하는 능력이 뛰어님 . 영어쓰기평가에서 자원봉사활동에 대한 자신의 경험올 정확한 문법표현과 다양한 문장구조물 사용하여 작성함. 영어문장구조에 대한 전반적인 이해도가 높으머 ,  고급수준의 어위름 꾸준히 숙지함.",838,1,0,1,1.1933174224343677,0.0,1.1933174224343677
201910671,2,2017,1,경제,사회,"경제 현상에 관심이 많은 학생으로 '경제 심리학 (맨 애리얼리) '   '경제 다반사 (웬진 기획팀) ' . '스무살 이제 경제 틀 알아야 할 나이 (전세경) ' 등의 책올 경제 독서 시간에 읽엎습니다 . 특히 경제 독서 수업에서 빚 데이터 , 버즈 마게팅 , SNS 마게팅 같이 요즘 뜨는 산업들에서 이해하기 어려워던 용어들올 실촌 회사들올 이용하여 쉽게 설명한 내용이 인상적이/습 니다.",218,1,0,1,4.587155963302752,0.0,4.587155963302752
201910671,2,2017,2,경제,사회,희망자루 대상으로 실시한 한국경제신문에서 발생하는 주간지 생글생글 정기구독활동에 7096 참여함. '정부가 가상화페름 규제하려 하늘데' 라는 기사가 가장 기억에 남아 이강국의 경제 산책이라는 책과 인터넷 자료틀 참고하여 '가상 화 폐 고등학생이 사용하는 것이 괜찮은가? ' 라는 주제로 개인 보고서름 작성하여 2학기 기말고사 후 발표함. 경제 독서 논술에서 '박종훈의 대답한 경제' 클 읽고 '재벌 세습의 문제점과 반부 걱차의 원인' 에 관한 내용올 요약함. 추가적 으로 '생글생글 신문' 과 미래 부자의 첫 경제학 (이승훈  조남현) 올 읽고 반부격차와 재벌 세습의 사례와 해결 방안을 조사함. 이률 바탕으로 '그리스와 이날리아로 보는 경제 문제와 해결방안 이라는 논지로 논술함. 한국지리: 한국의 지형과 기후 등 자연환경에 대한 관심과 이해도가 표고 배운 내용올 실생활에서 적용하고 학습하는 능력이 탁월함 . 국토에 대한 올바른 인식과 애정올 바탕으로 한국지리에 대한 기본적인 사항울 잘 이해하고 윗음,506,1,1,2,1.976284584980237,1.976284584980237,3.952569169960474
201910671,2,2017,1,생활과운리,기타,성실하게 수업에 참여하다 이해력과 집중력이 뛰어남. 생명 운리 관련 수업시간에 의무론적 관점에서 자 살과 다르지 않으무로 보편화 가능한 도덕법칙에서 인정하기 힘들고   나인이 안락사틀 시행하는 것은 살인과 마찬가 지이므로 안락사는 정당화 펼 수 없음올 주장함,144,0,0,2,0.0,0.0,13.888888888888888
201910671,2,2017,2,생활과운리,기타,"수업태도와 성적이 우수함. 사형제도 관련 수행평 가예서 공리주의적 차원에서 사형제도 찬성의건올 제 시하없으며 , 종교 관련 수행평가에서 종교와 과학이 서로의 차이름 인정하고 상호보완적 관계로 발전해야 할 것올 제시함 .  --- Page 16 --- 정부24 과목 세 부 능력 및 특기사 항 화학 I : 수업태도가 좋으  화학의 기본개넘에 대한 이해가 정확함 . 암모니아 합성이 인류의 식량문제 해결에 미친 영항과 화석연로가 인류의 생활에 미친 영향올 잘 설명함 . 또한 원소의 종류와 쓰임에 관한 보고서클 제출하없음. 화학의 구성 성분 올 잘 이해하다 화학반응식으로 잘 나타님 .",325,0,0,2,0.0,0.0,6.153846153846154
201910671,2,2017,1,생명과학I,과학,생명 과학의 개념과 생명과학 지식이 과학자의 담구 과정올 통해 체계화되없음올 이해함. 수업 중 진행한 수행평가에서 '감수분열의 의의 '틀 주제로 성실하게 발표루 수행함   감수분열의 의의름 체세포분열과 비교하여 설명함으로씨 친구들이 쉽게 이해하도록 표현함.,143,0,0,1,0.0,0.0,6.993006993006993
201910671,2,2017,2,생명과학I,과학,자신의 식단에 대한 에너지랑과 에너지 권장량을 비교하여 자신이 어떤 상태인지 판단하고 학생들에게 올 바른 식습관올 가져야 함울 주장함. 중추 신경계의 각 부분올 다른 색으로 칠하고 기능울 기록하여 뇌와 척수의 위치 및 기능 올 완벽하게 이해합 .,137,0,0,0,0.0,0.0,0.0
201910671,2,2017,1,일본어 I,제2외국어,"일분어의 박자  일본어의 기초가 된 오십음도물 정확하게 인지하고 있으며' 야 > t 5jcld"" 3 +-등 의 인사말올 상황에 맛게 구별하여 사용할 수 있음. 또한 교과 활동올 통해 만남   헤어짐 등의 일본어 인사말올 유창하게 구 사할 수 있음",137,0,0,0,0.0,0.0,0.0
201910671,2,2017,2,일본어 1,기타,"일본어 한자 ,  문법, 단어 등 일본어 모든 영역에 대해 높은 관심도물 나타님. 't 008 > _로 대표되는 일 본어 축하 표현올 구사함 수 있으미 일본어 메뉴판 만들기 활동에 열의름 보이미 참여함 . 또한 일본어 실력이 부족한 친구에 게 일분어로 보 문장울 해석해 주는 등 적극적으로 도움올 주면 리너로서의 자질울 보여p. 학생 스스로 자신의 학업에 대한 의지와 교과 및 담임 교사의 조언올 바탕으로 학습목표록 설정함. 특히 이률 위해 학교 학습 집단에서 자기주도학습올 실시하없고   개별학습계획올 수립하여 자율적으로 야간자기주도학습에 참여함. (2017.03.20. 2.1) 친구들과 팀울 구성하여 학교생활규정올 검토한 후 개선이 필요한 부분에 대해 보고서률 작성하여 개선올 건의 함. 학교생활 규정에 학생들의 의견이 반영되는 데 기여하없음 금움교육' 올 실시함(10월 18일 , 2시간) : '금움의 이해' 률 주제로 금움의 개념에 대해 알아보앗고 ,  보험과 연금 등 금움 상품 에 대해 공부함. 또 금웅 사기의 유형과 피해 방지 방법에 대한 교육올 받음. 희망씨앗 대학생 봉사단과 함께 '함께 사는 세상위기 "" 프로그램 (2017.7~2017.11,)에 참여함 . 총 6차시로 진행하없으머 , 노동' '진너 감수성 , '대륙관계' , '국제 평화' , '자원봉사' 률 주제로 대학생 멘토와 고교생 만티들이 함께 토론하고 생각울 공 유하는 장을 마련함. 특히 '함께 사늘 세상위기'틀 통해 나뭇과 봉사의 의미블 새롭게 하늘 계기가 팀 체육 . 예술 (음악 /미술) > 1학기 2학기 교과 과목 비고 단위수 성취도 단위수 '성취도 체육 스포츠문화 예술 (음악 / 미술) 음악과진로 예술 (음악 / 미술) 미술문화 이수단위 합계  --- Page 17 --- 정부24 과목 특 기사 항 음악과진로: 수업시간 분만 아니라 일상생활에서 음악직인 리듬올 느끼고 찾아내는 능력이 우수하다 , 이틀 통하여 음악울 즐 기고 수업에 열정적으로 참여함. 가창수업에서노 음정박자루 정확하게 노래함.",1001,1,0,5,0.999000999000999,0.0,4.995004995004995
201910689,1,2014,1,한국사,사회,"한국사 교과서 <역사 체험>의 '박물관에서 일하는 사람들' 주제에 박물관 의 역사 ,  박물관의 기능과 종류   하는 일, 발출하는 사람들   쿠리이터 등의 내용에 관심울 갖고 성실하게 조사하엿고 특히, '대영박물관' 에 대해 조사하고 느낌점올 작성하여 제출합 (2014.03.17) . 한국사 수업에서 학습한 '동아시아의 해상 왕 장보고   바다름 지배하다 내용올 배경지식으로 스스로 조사름 통해 당시 신라의 상황   장보고의 활약상이 가지는 의미 등의 담구과제름 해결하다 장보고의 활동상올 폭넓게 알고 이해하는 계기가 팀 (2014.04.07) . 한국사 교과의 '우리 역사의 형성과 고대 국가의 발전 , '고려의 건국과 동아시아의 정세' 틀 자기주도 학습으로 스스로 담구 학습하고  담구 학습한 내용올 정리하여 제출함 (2014,04.22.) ,",420,3,0,2,7.142857142857142,0.0,4.761904761904763
201910689,1,2014,2,한국사,사회,"우리역사 바로 알기 캠프에 참여하여 아리랑 관련 다구 영상울 보고, <문화재 지깊이로서의 역할>   <빼앗긴 문화재틀 시민의 힘으로 되찾아오는 것>에 대한 주제로 자신의 의견올 발표함. (2014.12.24.). 과학: 수업시간 학습자료인 'EBS 아인슈타인과 불렉올 1부. 아인슈타인 우주하 말하다 '글 보고 도풀러효과에 의한 적색 편이 등 알게 된 점을 소감문으로 제출함 (2014.05.02) . 기술 가정: 발명의 중요성올 알고  생활 속에 불편한 점올 개선 할 수 있는 아이디어블 발표함(2014.11.31.) . 나라사랑교유으로 시행된 2014 교내 캠페인 <세계속의 우리문화유산 사랑하기>(2014.05.27. ~2014.05.30.) 판빛 전시회 활동에 참여하여 우리문화유산에 대해 깊이 앞게 생각해보는 기회틀 가져으머 , 우리문화유산 귀즈 활동지와 설문지틀 성의잎 게 작싱하여 제출하없음 (2014.05. 30.) . 수학: 방과후학교 수학 1   플러스알파반 (25 시간) 올 성실히 수강하여 , 수학 [   내용의 개념올 확실히 정리하고 문제 풀이블 통 해 출제 유형올 익험 국어: 방과후학교 EBS문학반 (25 시간) 울 성실히 수강하여   문학 핵심 이론과 다양한 유형의 문제물 학습하없음. < 체육 . 예술 (음악 / 미술) > 1학기 2학기 교과 과목 비고 단위수 성취도 단위수 성취도 체육 스포츠과학 예술 (음악 / 미 음악과생활 술) 예술 (음악 / 미 미술창작 이수단위 합계 과모 특기사 항 해당 사랑 없음",749,0,2,2,0.0,2.67022696929239,2.67022696929239
202010885,1,2017,1,운리와사상,기타,중국 고대 사상가에 대한 이해가 높으미 현대의 생명경시 문제에 대한 해결방안올 불교사상에서 찾으려 실생활에서의 여러 문제에 대한 합리적 해결 대안을 제시하는 능력이 뛰어남. 인간의 본성롭에 대한 토론에서 후천적인 교육에 의해 본성이 결정되다는 입장울 발표함. 또한 선과 악의 기준이 무엇인지에 대한 질문올 하는 등 운리적 호기심이 맘,186,0,0,1,0.0,0.0,5.376344086021506
202010885,1,2017,2,운리와사상,기타,"서양운리의 흐름에 대한 이해도가 높고 사상가들의 입장에 대한 깊은 이해름 바탕으로 현대사회에서 발 생하는 운리적 문제들에 대해 분석하는 능력이 탁월함 . 낙태죄 폐지에 대한 찬 , 반 입장울 공리주의와 칸드의 관점에서 서술 하는 수행평가에 논리적으로 답함 한국사: 바른 수업태도물 바탕으로 늘 깔끔하게 노트정리블 하머 , 꾸준하게 노력하는 모습이 돕보임. 한국사의 이야기 전개 과정에 흥미름 보이다 , 스토리빌림올 활용하 학습에 능숙함 . 1학기 논술 수행평가로 실시된 '나의 역사쓰기 틀 작성한 후 발 표에 나심. 자신감 있는 태도로 발표에 나서 같은 시기률 공유한 친구둘과 공감대물 나누는 시간율 가짐. 이 과정올 통해 역 사와 관련 없어 보이는 자신의 삶 또한 현대라는 시간과 맛당아 있다는 것올 깨달앗으미 ,  모든 이들이 역사 속에서 살아간다 논 것울 이해하는 모습올 보임 지구과학 I : 모든활동음 성실히 수행하없으미 공간지각 능력이 뛰어나 천체부분에서 천체의 위치 표현과 시운동에 대한 이해 가 뛰어나 다른 모움원들에게 쉽게 이해할 수 있도록 설명하는 등 적극적으로 활동함.  --- Page 11 --- 정부24 과목 세 부 능력 및 특기사 항 기술 가정: 기술직 문제틀 문제해결 과정올 활용하여 창의공학 설계 프로적트틀 수행하는 능력이 뛰어남. 교내과학체험전 (2017.07.18. )에서 드론과 현미경 , 용가리 실험 등 다양한 체험올 봉해 직접 과학의 다양한 현상올 체험함. 군트뉴부 '틀 통해 자신이 스스로 전도체가 되어 전기가 통햇올 때의 느낌올 몸소 체험함 . 드론의 원리, 종류 등에 대해 자세 히 알게 되없으며 조파리의 종류와 암수률 구분하는 법울 알게 팀 . 액체질소률 넣은 과자루 먹으미 입에 연기가 나는 신비한 체험올 통해 과학에 흥미름 갖고 생활 속에 과학올 응용하려고 노력합. 청운학사 체험학습 (대전 과학관 사이언스데이) 에 참여함. < 체육 . 예술 (음악 /미술) > 1학기 2학기 교과 과목 비고 단위수 성취도 단위수 성취도 체육 스포츠문화 예술 (음악 / 미술) 음악과생활 예술 (음악 / 미술) 미술창작 이수단위 합계 과목 특기사 항 음악과생활: 자연스러운 발성과 올바른 호흡법으로 정확한 음정과 박자에 따라 노래할 수 잎고  음악이론 전반에 대한 이해 가 명확하다 생활 속에서 느길 수 있는 음악의 긍정적인 효과에 대한 자신의 생각울 구체적으로 논술할 수 있음",1181,4,0,6,3.3869602032176123,0.0,5.080440304826418
202010885,2,2018,1,화학 [,기타,"문제에 제시되어 엿는 자료물 뒷받침 해 주는 개념울 따로 자세히 설명하다 체계적으로 문제 풀이률 함. 이 과정에서 사고 과정이 매우 논리적인 학생임올 엿볼 수 있있음. 4인 문제풀이 조의 멘토로서 1:1로 맨티에계 도움올 주기 위 해 사전에 미리 문제 풀이률 준비하고 동료들과 열정적인 토의물 하여 다양한 풀이 방법올 공유할 수 있는 즐거운 맨토굉 , 발 표 시간올 주도함.",209,0,0,2,0.0,0.0,9.569377990430622
202010885,2,2018,2,화학 I,과학,"산화 환원 수업에 집중하여 수업 중 그 내용올 명확히 이해하여 급우들의 질문올 잘 받아주고 관련 문제 풀 이에 손율 늘어 적극적으로 참여   자신의 풀이 방법울 소개하는 열정적인 모습올 보임. 화학자루 소개하는 발표 수업에서 루 이스에 대한 자료틀 통해 루이스 전자점식의 문제점 중 산소의 상자성올 설명할 수 언는 이유에 대해 청중올 이해시키기 위해 관련 내용올 본인이 충분히 이해하기 위한 노력올 기울없음올 엿물 수 있없음. 또한 설명 후에 관련 놓영상을 재생하여 청중 의 명확한 이해블 돕는 등 책임감 잎고 진지한 태도가 모범적임 생명과학[: 생명과학부장으로 수업 중 모범적 태도와 수업의 보조자로서 많은 도움움 주없으다 , 일상생활에서 생명과학 교 과와 연계하여 이해하고자 수업에 열중하없음 .  생명활동과 에너지 단원 '나는 우리가족의 주치의' 라는 활동에서 외계인 손 ing  --- Page 14 --- 정부24 과목 세 부 능력 및 특기사 항 증후군에 대한 관심올 가지고 원인과 치료방법올 제시하없으머 진로가 프로그래머로서 뇌수술에 필요한 정교한 프로그램 개 발의 동기름 부여하없고 , 가족의 건강과 예방을 위한 기회로 잘 활용하여 배율올 가족 사랑의 삶에 잘 적용함 . 유전단원의 가 계도 분석 방법올 잘 이해하고 분석하는 문제 해결력올 갖춤. 핵형 분석 모의 실험활동에서 핵형 분석올 열심히 수행하고, 보 고서에 핵형 분석 결과와 옆색체 비분리가 일어낫을 때 생식 세포의 핵상올 잘 표현함 . 자기개발시기에 교과관련 창의력 그리 기활동에서 여러 이미지루 활용하여 ATP률 재치 핑게 나타내어 친구들로 부터 아이디어률 인정받음   혈액형 판정 실험활동 에서 항원 -항체 반응 원리블 이용하여 ABO식 혈액형과 Rh식 혈액 형올 정확하게 판정할 줄 알앗으미 수험 관계도틀 잘 나 타). 세균감염에 일어나는 선천성 면역과 후천성 면역의 비교설명올 잘하없으머 주울때와 더율 때 체내에서 일어나는 생리 작용올 잘 설명 함.",968,2,1,6,2.066115702479339,1.0330578512396695,6.198347107438017
202010885,2,2018,1,일본어 I,제2외국어,"급우들이 일분여행갈 때 도움이 되기률 바라는 마음으로 일본의 여름축제라는 주제로 발표록 준비함. 센다 이의 칠석 축제 , 아키타의 칸도 축제 , 스미다강의 불꽃놀이축제에 대하여 사진과 영상 , 설명올 걸들여 조리와게 발표블 잘 하 엿음. 자기소개 , 가족소개 , 방문 , 식사 시의 인사표현   시간 , 날짜 등에 관한 간단한 정보요구 표현올 상대방이 이해하도록 말할 수 있음. 수업시간에 실시하는 말하기 및 쓰기연습  일본 노래 부르기에 적극적으로 잘 참여하없으며 집중력과 성실함 발표력이 좋으미 자기관리능력이 우수함.",291,1,1,2,3.4364261168384878,3.4364261168384878,6.8728522336769755
202010885,2,2018,2,일분어 I,기타,"자기관리능력이 우수한 학생으로 집중력이 종고 문법 , 표현 , 단어률 빠르게 이해하고 암기하다 , 평가전 반 틈없이 준비하는 꼼꼼합이 우수함. 일본 노래 부르기블 좋아하고 수업내용올 잘 정리하여 필기함. 일본 문화의 특성에 주목 하여 언어 행동 문화   일상생활 문화   전통문화   대중문화 등올 대부분 정확하게 이해하고 설명할 수 있으미, 타문화에 대한 문화이해력이 높음. 발표력 , 순발력이 종고 일분어 단어 및 표현올 빠르게 습득하는 편으로 언어습득능력이 뛰어님. 체육 . 예술 (음악 / 미술) > 1학기 2학기 교과 과목 비고 단위수 성취도 단위수 성취도 체육 스포츠과학 예술 (음악 / 미술) 미술문화 이수단위 합계 과목 특기 사 항 해당 사항 없음 [3하년] 1학기 2학기 교과 과목 단위 원점수 / 과목평균 성취도 석차 |단위 원점수 / 과목평균 성취도 식차 비고 (표준편차) ((수강자수)| 등급 수 (표준편차) (수강자수 | 등급 국어 고전 91/73.3(18.4) A(162) 국어 화법과작문 78/56.1(18.2) C(163) 수학 기하와베터 100/67. 5(22.9) A(162) 83/47.3(21.6) B(163)  --- Page 15 --- 정부24 1학기 2학기 교과 과목 [단위| 원점수 / 과목평균 성취도 석차 |단위 원점수 / 과목평균 성취도 석차 비고 (표준편차) ((수강자수)| 등급 (표준편차) (수강자수 | 등급 수학 수학연습II 90/63.3(22.8) A(162) 88/54.3(22,6) B(163) 심화영어회화 영어 84/42.7(22.7) B(163) 심화영어독해 영어 96/57.5(26.6) A(162) 과학 물리 I 79/57.0(23.1) (62) 56/39.7(20.2) E(63) 과학 지구과학 I 67/55. 5(25. 3) D(58) 68/55.1(21.9) D(58) 기술 가정 / 제 2외국이 / 한문/ 일본어 II 96/60.7(22.4) A(50) 95/54.9(24.4) A(50) 교양 기술 . 가정 / 제 환경과녹새성 2외국어 / 한문 / 교양 이수단위 합계 28 28 과목 세 부 능력 및 특기사 항 고전: 본사와의 계약 조건과 건강 문제 사이에서 기로에 선 편의점 점주의 상황에 밀의 자유론의 원칙올 어떻게 적용할 수 잎 눈가을 주제로 한 글쓰기에서 학급친구들의 토론 결과루 종합한 뒤 , 편의점 점주는 자유롭에서 말하는 자유로운 주체이므로 그가 계약한 내용대로 이행해야 하고 . 매출이 나오지 암는 부분 여시 점주의 사전조사 부족올 탓해야 점추가 위약금올 내지 암게 되면 본사의 피해가 발생할 수 있으L, 나의 자유 때문에 타인에게 피해가 발생해서는 안 되다는 것울 근거로 하여 점주의 자기보호보다 행위에 대한 편의점주의 책임이 먼저여야 한다고 주장하는 글을 솜 문장의 짜임올 담구하는 활동에서 어미의 형태름 스스로 분석하여 선어말 어미와 어말 어미의 차이점올 파악한 후 발표 수업 울 진행하엿고 . 선어말 어미의 다양한 쓰임과 어말 어미와의 구분법올 체계적으로 실명하여 친구들의 이해률 도움. 화번과작문: 한결같이 바른 태도로 수업에 집중하는 모습이 인상적인 학생임 . 대입올 위한 성적이 마감퇴 이후데도 변함없이 검손한 태도로 배움에 임함으로씨 학생이 가진 바른 인성올 드러님. 자신의 진로와 관련된 과목이 아남에도 충실히 교과 활 동에 참이하는 것으로 보아 학생이 가진 성실함으로 앞으로 어느 분야에서든 칭찬받는 인재가 볼 것이라 기대함 기하와베터: 모든 수업예서 모퉁의 멘토 역할울 맡아 수학학습에 어려움올 겪는 먼티의 수학학습올 적극적으로 도와주려는 태도름 보임 수학학습에 대한 열의가 뛰어난 학생으로 평소 수학학습올 꾸준히 함으로씨 수행평가의 모든 영역에서 우수한 성적올 거듭 . 종이접기블 이용하 이차곡선 그리기 활동수업올 통해 이차곡선에 대해 한층 더 이해할 수 있엇고 복잡하지 암은 방법으로 이차곡선의 성질올 설명합 수 있다는 사실흘 새롭계 깨달음. 수학연습II: 수업태도가 매우 종고 자기주도학습이 몸에 배어있으미 , 해결하기 어려운 문제틀 오래도록 끈질기게 집중하여 해결하고야 마는 태도름 지념. 고등학교 수학 교육과정 중 미분과 적분 , 화물통계 , 기하와 백터의 중요개넘올 잘 정리하여 제 출하고 보고하없음   특히 여러가지 함수의 미분의 활용문제와 정적 분과 부정적분의 관계플 이용하 문제해걸에 관심올 갖고 하머,  --- Page 16 --- 정부24 과목 세 부 능력 및 특기사 항 정리하없음. 다양한 상황에서의 확물문제틀 유형별로 정리하여 해결방법올 도출하없음 . 모든 수행평가에 성실하게 임하여 특 히 실전 모의고사 연습문제 풀이름 한번노 빠짐없이 성실하게 제출하없고 풀이과정올 논리적으로 적어 년 모습이 인상적이 며 , 지필고사 및 모의고사평가 후 수학 오답노트날 꼼꼼하게 정리하여 오개넘올 수정하고 중요한 개념들올 완전하게 숙지하 여 주후에 활용할 수 잇도록 성실하기 노력함 심화영어독해 I : 영어 문법 체계가 바르게 잡혀있어 문장의 기본 구조틀 찾아내는 분석력이 뛰어나고 문장의 핵심 요소틀 명 확히 구분하여 문장을 해석하는 능력이 우수함. 수업 시간 중 배운 내용올 꼼꼼하게 기록하고 모르는 부분올 체크하고 질문하 눈 바른 습관올 지니고 있음. 컴퓨터 분아에 관심이 많아 관련 글을 읽논데 많은 흥미블 보엿으며 글 위기플 봉해 호기심울 충족시키고 깊이 있는 사고능력올 향상함 . 글쓰기 활동에서 '자신의 꿈 소개하기'라는 주제로 자신의 끊이 웬 프로그래머인 이유와 꿈을 이루기 위한 계획 등올 다양한 문장 구조와 풍부한 어휘률 사용하여 도입   전개 . 결말의 논리적 구조의 글로 표 현합. '영자신문 `고 논평하기' 활동에서 디지털세상에서 정보틀 누가 소유하게 되는가란 기사을 입고, 개인정보 유출의 위 힘성올 지적하면서 정보화 사회의 긍정적 . 부정적 기능에 대해 의견올 정리하여 발표함. 이 과정에서 관심 분아에 대한 풍부 한 배경지식과 어휘력올 갖추고 날카흉게 논점올 도출해내는 뛰어난 독해력올 보임 물리 I : 일과 운동에너지 정리률 적용하여 운동에너지와 중력 피텍설에너지률 상대적인 값으로 표현하여 효과적으로 문제률 풀이함 . 직결 , 병렬로 연결된 축전기에서 전기용랑이 다른 축전기에 길리는 전입과 전하량   전기퍼브설에너지블 올바르게 구함. 지구과학 I : 청운학사 심화방과후학교 지구과학실력완성반 (20 시간) 올 수강함. 지구의 구조와 지각 물질 단원에서 세 곳의 지진 관촉소의 지진파 자료률 분식하여 진원거리와 진양거리률 올바르게 구하는 과정올 통해 문제해결능력올 향상시김. 광물 표본올 관찰하고 조혼판 , 물은 염산올 이용하여 물리적 특성올 구분함 . 편광 필 름올 사용하이 편광의 원리름 이해하고 , 모든별로 편광 현미경올 조작하여 직접 화성암 박편올 관찰하면서 조암 광물의 광학 적 성질에 대한 과학적 개념울 명확히 함. 일분어 I : 학습태도가 바르머 수업에 적극적으로 참여하는 편은 아니나 수업과제름 중실히 해내머 문법과 문장쓰기 , 말하기 등올 완벽히 수행함. < 체육 . 예술 (음악 / 미술) > 1학기 2학기 교과 과목 비고 단위수 성취도 단위수 성취도 체육 운동과건강생활 예술 (음악 / 미술) 음악과진로 이수단위 합계 과부 특 기 사 항 해당 사랑 없음 9. 독서활동상황  --- Page 17 --- 정부24 학 년 과목 또는 영역 독서활동 상황 사회",3597,3,1,8,0.8340283569641368,0.2780094523213789,2.2240756185710313
202110491,1,2017,2,과학,과학,"림프구에 대해 수업 영상 자료블 제작하여 다른 학생들이 공부하늘 데에 도움이 필 수 있도록 공유함.  직절한 그 림과 그래프블 이용하여 설명올 재미있고 쉽계하는 모습에서 학생늘에게 소소한 즐거움올 춤. 생명과학[ : 눈으로 보이지 않는 인간의 형질올 나타내는 유전자에 매우 흥미블 느낌. 이해하기 어려운 연관에 대하여 계속 질 문을 하여 알게 되어 끈기 엇게 노력함 . 소화기관의 모형올 만들 때 재료와 도구틀 가져와서 꼼꼼하게 기관을 만늘어서 훌륭 하게 만늙 . 과학올 비판적으로 손 책올 임고 과학의 진실올 자세히 알게 되어 흥미블 느낌 기술 . 가정: 생활용품 만늘기 시간에 꼼꼼하게 바느질하여 실용적인 가방을 만늘기 위해 노력하는 모습이 훌륭하다 양성평 등에 관한 자신의 생각올 논리적으로 서술하고 다양한 실천방안올 제시합 . 태아의 발달 과정 조별 학습만화 만늘기 시간에 창 의적인 생각과 뛰어난 표현력으로 훌륭한 결과물올 만들어 학습의 이해블 도앞으며 수업참여도가 높고 수행과제블 열심히 하 학생임 . < 체육 . 예술 (음악 / 미술) > * 본 증명서는 열람용이며, 법적 효력이 없습니다:  --- Page 13 --- 1학기 2학기 교과 과목 비고 단위수 성취도 단위수 성취도 체육 운동과건강생활 예술 (음악 / 미술) 음악과생활 예술 (음악 / 미술) 미술창작 이수단위 합계 과목 특 기 사 항 음악과생활: 접근하기 어렵다고 생각되는 클래식 음악울 CF나 영화 음악과 관련지어 생각하는 수업에 각별한 호기심올 보이 며 참여함 미술창작: 아니메이선의 특징과 표현방법올 매우 잘 이해하고 '유희왕' 애니메이선 스도리의 한 장면올 '리엌리스트'틀 주제 보 하여 실루옛 애니메이선으로 제작함 . 캐릭터의 표정묘사와 진체적인 명암 표현이 뛰어나고 화면올 짜임새 체게 구성하여 완성도 높은 작품올 나타님. 공예 활동에서 종이공예의 특징올 이해하고 '날개 달린 뱀' 올 주제로 탈색지 연필끗이블 세작합 지 끈을 사용하여 곡선올 자유롭게 표현하고 독창적인 작품올 보여p . 미술 감상 및 비평 수업에서 필드먼의 비평 4단계름 매우 잘 이해하여 논리적인 비평문올 작성하고 작품의 조형요소 및 원리  특징 등올 파악하여 분석하는 능력이 우수한 학생",1090,2,1,5,1.834862385321101,0.9174311926605505,4.587155963302752
202110491,3,2019,1,환경과녹색성장,기타,1생명 지깊이 활동으로 스파디 필름올 신택하엿고 원예식물이기에 한 김 정도의 물올 아침마다 주고 광합성올 위해 잎의 먼지블 닦아 주없다고 함. 이틀 통해 식물의 생명에 대한 책임감이 무엇인지블 알게 되없다고 소감을 발 표함,124,0,0,0,0.0,0.0,0.0
202110491,3,2019,2,환경과녹색성장,기타,"환경 영화 '불편한 진실' 올 보고 지구온난화가 가져올 위기블 알게 되없다고 함. 지구는 살아있는 유 기체이기에 스스로 정화하고 살아갈 수 있도록 이에 거슬리는 행위물 인간은 하지 말자고 발표블 함 < 제육 . 예술 (음악 / 미술) 1학기 2학기 교과 가목 비고 단위수 성취도 단위수 성취도 체육 스포츠과학 이수단위 합계 * 본 증명서는 열람용이며, 법적 효력이 없습니다:  --- Page 18 --- 과목 특 기 사 항 해당 사랑 없음 독서활동상황 학 년 과목 또는 영역 독서활동 상황",274,0,0,0,0.0,0.0,0.0
202110903,1,2018,1,수학,수학,수업시간에 집중력이 뛰어나고 선생님 말씀에 집중하여 중요한 내용올 적어농고 이해하러고 노력함 . 친구들의  --- Page 11 --- 정부24 과목 세 부 능력 및특기사 항 질문올 흔쾌히 받아주고 설명해주면서 단순한 개념도 잊지 암도록 노력하여 수학 문제 해결 능력이 발전하고 있음,158,0,0,3,0.0,0.0,18.9873417721519
202110903,1,2018,2,수학,수학,수학의 재미름 안겨준 영화을 통해 인간의 욕망에서 비롯된 잘못된 집작올 경계해야 젯다는 과유불급의 메세지 풀 받음. 수업시간에 집중력이 뛰어나고 선생님 말씀에 집중하여 중요한 내용올 적어농고 이해하려고 노력함 . 친구늘의 질문 올 흔쾌히 받아주고 설명해주면서 단순한 개념도 잊지 암도록 노력하여 수학 문제 해결 능력이 발전하고 있음,185,0,0,3,0.0,0.0,16.216216216216218
202110903,1,2018,1,영어,영어,"영어 어휘력이 풍부하고 단어의 쓰임올 정확히 이해하고 있어 영작문 능력이 우수하고 듣기 능력도 탁월하여 주제문 찾기와 상대방의 요구 사항올 빨리 이해하고 영어로 대응하는 능력이 돈보임 , 또한 긴 영어 지문을 위고 주장과 요지 물 파악하는 문제 해결 능력이 탁월함",147,0,0,0,0.0,0.0,0.0
202110903,1,2018,2,영어,영어,"해외 자원봉사활동 , 극한 상황올 극복한 인물이야기, 청소년기에 형성해야 할 종은 습관에 관한 영어지문올 잎 고 자신의 의견올 영어로 표현하는 능력이 돌보이면 듣기 능력이 탁월하고 대화 내용올 잘 파악하여 문제해 곁 능력이 뛰어남.",129,0,0,1,0.0,0.0,7.751937984496124
202110903,1,2018,1,통합사회,사회,"안정적인 경제생활과 금움설계 단원 중 '자신의 미래 모습 예측하기 '발표에서 20년 후와 40년 후의 자신의 생애 설계물 직업과 직위 , 주거 형태 , 거주 지억 , 가족 구성. 주요 과업 능으로 세분하여 발표함. 안정적인 경제생활울 위한 자산 관리에 관심이 많아 예금 , 주식, 채권 등의 금움 자산과 자산 관리의 원칙 등올 제시해 발표하고 다양한 금움 상품에 대 한 질문올 자주 함. 1학기에 배운 내용올 성찰하고 발표하는 활동에서 질 높은 정주환경이 흥미로윗고. 특히 지리, 생리 , 인심  산수 중예서 인심 이 가장 중요하다 이름 위해서는 복지 제도가 잘 마련되어 모두가 기본적인 생환은 누리야 한다고 발표함.",345,0,0,2,0.0,0.0,5.797101449275362
202110903,1,2018,2,동합사회,기타,"인권영화의 시놈시스률 제작하는 활동에서 포스터물 만드는 역할울 맡아 셋다운 제도의 보습과 불만올 주 제로 '셋다운' 이라는 제목의 영화틀 제작함. 교통 , 통신의 발달과 정보화로 인해 나타난 생활양식의 변화 양상울 담구하는 활동에서 사이버 범죄름 조사하없고 , 사이버 범죄 예방 교육이나 처벌 강화 등올 해결방안으로 제시함. '정의로운 사회름 위한 제도의 확대 방안' 발표에서 고용 환경의 개선 및 지역 격차 완화 , 교육의 기회 균등 , 사회적 약자의 권리 보장 방안 등으로 세분화하여 논리적으로 발표함 통합과학: 지권의 변화름 판구조론적 관점에서 해식하고   에너지 흐름의 결과로 발생하는 지권의 변화가 지구 시스템에 미치 눈 영향울 추론함. 지권과 화산이 판의 경계에서 집중적으로 나타나는 것에 대한 자료플 해석하는 것에 우수한 능력올 보임 평소 재난 영화에 관심을 갖고 있년 중 , 최근 우리나라에서도 지진이 일어나고 있다는 기사름 보고 지진에 의한 사회적 피해 와 대처 방법에 대해 조사하여 개인적으로 보고서률 제출히고 친구들 앞에서 발표함. 이 활동올 통해 지진으로 인한 사회적 경제적 , 개인적 피해가 다양하게 발생하는 것올 일게 되엇고, 이틀 자신의 진로인 영화감독과 연관시켜 미래에 지진과 관련 된 재난영화름 만들어 다른 사람들에게 지진에 의한 피해와 대처방법올 알리주는 영화름 만들고 싶어 하는 모습이 돕보임.",687,1,1,4,1.455604075691412,1.455604075691412,5.822416302765648
202110903,1,2018,1,과학담구실험,기타,"자유낙하 실험설계 ,  절차의 구체화   결과 정리 및 발표 과정에서 모든원과 협동학습올 하여고 실험결 과물 정리 및 분석하여 논리적 근거률 바탕으로 자신의 의견올 적극적으로 설명함. 주기울표 원리률 파악하기 위하여 제시된 도형에서 관찰되는 규칙들올 찾아 배열하고 타당한 근거블 잘 설명합 . 생물 대멸종 도포틀 활용하여 생물의 멸종물식올 도입 하여 지질시대의 생물 대멸종 시기름 타당하게 설명함 . 근대과학의 발전올 위한 패러다임의 개념을 이해하고 잘 설명함 . 어백 속에 들어있는 과학원리에 대하여 밤구활동올 수행하여 조사 및 정리하여 이률 잘 설명함.",311,6,0,3,19.29260450160772,0.0,9.64630225080386
202110903,1,2018,2,과학담구실험,기타,과학자들이 행햇단 역사직인 실험들의 차이점올 구분하여 과학이 자연 현상올 설명하는 인간의 담구심 에 의한 결과 산물임올 설명함 . 미세먼지의 발생원인과 질병에 대한 대책과 피해름 줄이기 위한 방법 등올 조사함 . 호소가 어 편 특성올 가지고 있고 어떤 조건에서 잘 작용하는지 조리핑게 설명함 . 전통 마을의 과학적 우수성올 이해하고 기후 변화에 대비한 에너지 문제름 논리적으로 잘 제시함 .  --- Page 12 --- 정부24 < 체육 예술 1학기 2학기 교과 가목 비고 단위수 성취도 단위수 '성취도 체육 체육 예술 음악 예술 미술 이수단위 합계 과목 특 기사 항,318,2,0,1,6.289308176100629,0.0,3.1446540880503147
202110903,1,2018,1,체육,체육,"신체 활동에 대한 관심이 망고 동작에 대한 이해도가 높아 기능 습득 능력이 탁월하다 자신의 장점올 잘 살리는 능력이 뛰어나고 체육에 대한 관심이 남날라 체력 증진올 위한 노력올 기울이는 매우 활동적인 학생임 , 그라운드 골프의 기 초기능인 그립 잡는 방법과 피팅 자세가 안정적이며 경기 규칙올 잘 이해하고 습득하는 능력이 뛰어남. 속도 도전 50m달리 기 기록 도전 환동에 참여 하여 급우들과 경쟁하면서 함께 기록올 재미 즐거움올 느껴고  계속 도전해서 기록이 단축되는 것 울 보고 성취감울 느껴 뿌듯햇고 무엇이튼 도전정신올 갖고 임해야 목표록 이률 수 있다는 것울 느낌.",320,0,0,4,0.0,0.0,12.5
202110903,1,2018,2,체육,체육,"학기 중 진행 (2018.08.16.-2018.11.30.)된 맛충체력 인증제에서 성실한 수업 참여와 체력 향상 프로그램에 적극성올 보여 순발력   민섭성 ,  유연성 등의 종합적인 체력 요소가 뛰어나 맛춥체력 1등급올 회득함.",127,0,0,1,0.0,0.0,7.874015748031496
202110903,2,2019,1,운동과 건강,체육,"교과 수업으로 진행된 '농구 경기 중 발생할 수 있는 운동 상해와 용급처지 방법' 이란 과제에서 조사자 로서 모퉁별 자료플 준비하는 팀색활동에 참여하없으미 ,  운동 상해의 의미와 발생 원인올 신체 부위별로 그림과 사례플 늘어 제시하고 실생활에서 활용할 수 있는 응급처지 방법에 대해 수집하고 제출함",167,2,0,1,11.976047904191617,0.0,5.9880239520958085
202110903,2,2019,2,운동과 건강,체육,"2학기에 신행 (2019.08.13. 2019.11. 30. ) 된 맛충체력 인층 프로그램에 성실하고 적극적으로 참여 하 엿으면  근력 , 순발력 ,  민접성  유연성 등의 종합적 체력요소가 우수하여 맛충체력 2등급올 확득함. [3하년] 1학기 2학기 교과 과목 단위 원점수 / 과목평균 성취도 (석채 단위 원점수 / 과목평균 성취도 석차 비고 (표준편차) (수강자수) 등급 수 (표준편차) ((이수자수) | 등급 국어 화법과 작문 87/60.2(24,2) B(136) 국어 독서 17/34.9(21.1) E(136) 수학 미직분 71/56.3(25.8) C(59) 35/47.5(27.1) F(59) 수학 확출과 통계 89/51.8(28.8) B(136) 수학 기하 29/33.0(21.5) C(59) 영어 독해와 작 영어 70/47,0(20.7) C(136) 영어 영미 문학 위기 42/34,6(17.8) C(136) 사회 (역사 /도 사회문제 남구 75/44,8123.1) B(136) 37/33.4(21, 3) C(136) 덕포함) 과학 물리학 I 88/58.7(27.8) A(31) 35/47.5(21.9) C(31) 과학 지구과학 I 94/57,5(27.4) A(31) 29/32,5(16.9) C(31)  --- Page 15 --- 정부24 1학기 2학기 교과 과목 [단위 원점수 / 과목평균 성취노 (석채단위| 원점수 / 과목평균 성취도 석차 비고 (표준편차) (수강자수) 등컵 수 (표준편차) ((이수자수) | 등급 체육 스포츠 생활 85/81.6(14.5) A(136) 52/54.0(13,5) C(136) 음악 감상과 비 예술 32/44.3(25.0) C(136) 23/10.1(24.3) C(136) 미술 감상과 비 예술 84/69.2(19.0) A(136) 75/69. 3(12. 3) B(136) 기술 . 가정 / 제 2외국어 /한문 / 일본어 I 87/50.7(28.1) A(89) 39/30.2(23.8) (89) 교양 이수단위 함계 30 과목 세 부 능력 및 특기사 항 화법과 작문: 자신의 생각이나 느낌올 창의적으로 의미블 구성하여 표현하고 이해하는 능력이 뛰어나며 . 타인과 소통하는 일 , 정보률 전달하고 설득하는 일에 능통함 . 새롭게 의미블 구성할 때 나양한 자료물 활용할 줄 알대 , 꾸준하게 자신의 표현 과정과 결과을 점검하고 조정하는 과정올 통해 자기 성찰과 계발 여향울 함양함. 독서: 추천해준 분야의 글울 임고 시대와 지역의 문화적 특성 및 매체의 유형과 특성올 부분적으로 이해함 .  독서 활동올 하며 바람직한 독서 문화 형성에 참여함. 미적분: 다른 것으로는 해결할 수 없는 것들올 미적분올 사용하면 해결책올 찾을 수 있다는 것에 흥미름 가지게 되없음.  직관 적으로 수열의 극한을 잘 이해하없고 , 여러 가지 미분법올 정확히 익히리 노력하없음 특히 구분구적법에서 좌표와 직사각형 넓이 구하는 간단한 공식만으로 복잡한 도형의 넓이률 구할 수 있는 것울 농해 . 수학이 복잡한 것울 단순화시컨 후 구체적인 해결방안올 찾는 것이라는 것올 이해함. 급수와 도함수   정적분의 다양한 활용올 통해 미적분 과목의 유용성과 가치률 인식하고  자신의 진로와 관련성올 찾으러 5 력하없으다 , 향후 지속적인 발전이 기대팅. 확물과 농계 : 수업집중력이 비교적 종고 기본적인 문제에 대해서논 이해하고 있으며,  난이도 있는 문제는 해결올 하려고 노 력은 많이하고는 있으나  생각만큼 잘 되지는 않지만 열심히 노력올 많이 함. 기하: 학업성취도가 다소 떨어지지만 수학올 배위 보려는 열의블 보여중. 이차곡선에 잘 이해블 하고 포물선의 정의블 이용 한 위성 안태나 타원의 정의름 이용하 결석 치료실 등등올 실생환에 이차곡선이 많이 환용되어 있다는 것에 흥미름 가짐. 또 한 넥터물 이용하 기상에서의 바람표시 물리에서 운동 등등올 실생활에 넥터도 많이 이용되어 지고 있다는 것에 흥미풀 가짐. 영어 독해와 작문: 수업태 도가 매우 종고 적극적이며 활동적임. 일반적 주제에 관한 길고 복잡한 말이나 대화틀 듣고 . 일이나 사건의 논리적 관계플 정확하게 파악할 수 있으며 기초 학술 주제에 관한 글울 임고 사실 정보물 활용하여 세부 정보물 대략 적으로 파악할 수 있음 . 영미문화의 행동방식과 우리 나라의 행동방식의 차이에 대한 관심이 높으미, 그에 따른 단어 사용의 특징올 정확하게 이해하고 있음.  --- Page 16 --- 정부24 과목 세 부 능력 및특기사 항 영미 문학 위기: 월리업 세익스피어의 베니스의 상인올 위고 세부 내용올 명화하게 이해하고 등장인물 , 사건 , 시간 , 장소 등 울 정확하게 파악할 수 잇고. 명시적 정보와 비명시적 정보름 토대로 글에 나타난 이미지   은유 상징 등의 구체적인 예와 중 심내용올 명확하게 이해하이 줄거리 , 주제 , 요지름 정확하게 파악할 수 있고. 명시적 정보와 비명시적 정보름 바탕으로 흐름 올 명확하게 이해하여 필자의 의도나 목적올 정확하게 추론할 수 있으대, 근거가 되는 정보률 명확하게 파악하여 작품의 배경 과 시대적 상황올 정확하게 이해합 . 또한 다양하고 직절한 어휘와 언어 형식올 활용하여 등장인물 , 사건 , 시간 , 장소 등에 대 해 정확하게 기록하 수 잇고. 작품음 읽고 다양하고 적절한 어휘와 언어 형식올 활용하이 작품의 분위기, 어조   상황 , 등장인 물의 심정과 글에 나타난 이미지 ,  은유, 상징 등의 구체적인 예률 활용하여 정확하게 쓸 수 있음. 사회문제 담구: 각종 사회문제 관찰하는데 있어 거시적 관점과 미시적 관점의 차이률 정확히 이해함. 주어진 사회문제률 기능촌   갈등록 , 상징적 상호작용론적 흑면에서 접근하여 사회문제의 원인과 대책올 자신의 관점에서 논리적으로 주장함. 자 신의 전공과 관련하여 자신이 사회의 문제름 배움과 실천올 통하여 미약하나마 해결해 보젯다는 의지름 당당히 밝힘으로씨 상당한 호용올 이끌어 내없으며 지도 교사에게 두터운 신회물 얻음 물리학 I : 평소 물리학의 기본 개념을 올바르게 이해하려는 지적 호기심으로 학습한 내용올 질문올 통해 확인하는 습관을 갖 고 있이 학업 성취의 향상이 기대팀. 축전기가 사용되는 로봇 작동의 효율성에 대해 탄색하여 '축전기와 유전체 '틀 주제로 보 고서름 작성함 . 축전기의 원리와 유전체 삼입에 따른 전기용량과 전기 에너지의 변화름 이해함 . 유전체가 절연체인 이유름 유전 분극과 관련지어 유전체 삼입 전후의 감소되는 전위차가 전기 에너지로 지장되는 과정에 대해 설명함 . 평소 관심 분야인 로봇에 사용되는 축전기에도 유전체틀 삼입하여 전기용량올 증가시침으로씨 로봇의 작동 시간이 연장되수 있음올 유전체의 비유전울로 발표함. 이와 같은 담구 과정올 통해 휴대돈 배터리의 수명올 연장하는 경우에 도 축전기가 이용되올 알고 실생활 에서 활용되는 사례물 찾아 적용해봄 . 정전기 유도와 유진 분극올 이해하다 ,  관련본 현상이나 적용 사례블 제시하고 설명활 수 있음  무게중심에 대한 물체의 평형 조건올 정량적으로 계산하여 선반 받침대와 같은 간단한 구조물의 안정성올 힘과 돌림 힘의 평형으로 이해하는 능력올 보여중. 지구과학 I : 화성 , 변성   퇴적 작용올 통해 광상이 형성되는 과정과 산출되는 자원의 종류름 파악하고 광물과 암석이 우리의 일상생활과 신소재 등 다양하게 활용월 수 있음올 이해하고, 특히 희토류의 특징과 광범위하게 이용되논 분야을 조사하여 보 고서름 작성함. 또한 로봇 분아에 희토류의 사용 여부에 대한 관심이 높음. 해수 온도차 발전의 장단점올 조사하고 효율성이 높은 바다의 해수 온도와 그러한 조건올 갖춘 바다의 위도물 바탕으로 우리나라의 해양 온도 차 발전의 적합성 여부률 논리적 으로 표현함 .  지사 해석 실습에서는 단순한  지질단면도에서 단층 , 부정합 , 습곡 등의 과정이 포함된 복잡한 지질단면도틀 해 석하는 과정에서 자신만의 해석 방법올 찾아내고 이틀 동료들에계 흥미롭게 알려 줍으로 동료들의 학습에 근 도움올 주는 모 숨이 인상적임. 미술 감상과 비평 : 미술 전반에 많은 관심올 가지고 있으미, 이론과 실기에 적극적으로 참가함. 실기 수업인 에청의 판화루 이해하고 형과 명암을 표현 하없으며 . 인쇄의 과정올 이해하고 실습하여 작품에 반영팀 , 점 , 선 , 형올 이용하여 개인의 특징 묘사람 , 도구름 이용하여 동판에 원안대로 구도에 맞게 표현되어 있으머, 동판에 부식제름 사용하여 동판올 적당히 부식 하없으다   또한 농판에 부식년 상태물 이해하고 깨끗이 제거 할 수 있음, 부식년 동판 흩에 적당양의 엉크풀 밀어 넣은 다음 동판에 물 헌 엉크름 깨끗이 제기하없음. 인쇄 시 판화지에 분무릎 한 후 프레스기의 압력올 이용하여 인쇄름 밑그림 제판, 인쇄의 전 과정올 이해하여 직접   수행하엿으다 ,  인쇄된 작품이 적절히 표현되어 있음. 일본어 I : 일본어에 관심도 맘고 일상적인 간단한 회화루 구사함 수 있으미 말하기 영역에서 정확한 발음과 대답으로 좋은 결과루 얻음. 어법 중에서 농사의 부정형에 대하여 정확하게 인지하고 있고 단어 및 문장올 분석 정리하여 자신의 취약점올 하여  --- Page 17 --- 정부24 과목 세 부 능력 및특기사 항 발견하고 이틀 해결하고자 노력합 . 일본인의 권유 및 기절 표현의 특징에 대해 설명한 자료플 임고 일본인의 언어 문화들 이 해하고 실제 대화 장면에서 활용하이 연습함으로씨 자연스러운 일본어 회화 능력올 향상시림 . 권유 및 거질 표현에 대한 한국 과 일본의 언어문화틀 비교함으로씨 외국어률 구사할 때 그 나라의 국민성과 정서률 반영하는 태도물 갖는 것이 중요함울 알 게 팀. 일본어의 애매한 표현이 포함된 대화문올 읽고 단어의 하나의 뜻만 이해하기보다는 대화 상황올 고러하여 내용올 파악 해야 한다는 것울 알게 팀. 관련 영상울 통해 일분어률 배우는 외국인 학습자로서의 고민을 공유하고 다양하 상황에서의 대화 로 익숙해지기 위한 노력이 필요함올 알고 직용해 보려고 노력합 . < 체육 예술 > 1학기 2학기 교과 과목 비고 단위수 성취도 단위수 성취도 이수단위 합계 과복 특 기사 항 해당 사랑 없음 9. 독서활동상황 과목 또는 영역 독서활동 상황 공통",4944,6,1,12,1.2135922330097086,0.2022653721682848,2.4271844660194173
202110937,1,2018,1,한국사,사회,"한국사 수업올 통해 상대방의 의견올 경청하고 자신의 생각울 정리하여 발표하는 능력 , 역사적 사건이나 인 물에 대한 다양한 해석의 가능성올 발견하는 능력 , 과기의 역사틀 있는 그대로 수용하지 암고 비판직으로 분석하면서 현재지 통찰하는 능력 둥이 눈에 띄게 향상송 .",149,2,0,0,13.422818791946309,0.0,0.0
202110937,1,2018,2,한국사,사회,"경주 지억올 답사하는 답사계획서 만들기 수행평가에서 사진 인쇄 , 유적에 대한 설명 조사 , 사진과 유적지 배치 , 색칠 등올 맡아 좋은 결과름 가져오는데 크게 기여함. 이러한 과정올 통해 조원들과 의견올 나누고 조율하는 능력 . 다 톤 사람의 의견올 존중하는 능력 ,  계획울 세우고 실행하는 능력 등이 크게 향상팀 . 벽서 쓰기 수행평가에서 세도정치기 삼정 의 문란올 고발하는 글을 쓰면서 단순히 역사적 사실올 아는 것에서 그치는 것인 아니라 역사적 사건이 왜 일어나논지, 그 결 과 어떤 일이 일어낯논지 서로 연관 지어 고민하는 과정올 통해 역사적 사고력이 향상팀",318,3,0,2,9.433962264150942,0.0,6.289308176100629
202110937,1,2018,1,국어,국어,"작품올 수용할 때 단순히 타인의 평가루 따르거나 타당한 근거 없이 무조건 자신의 생각울 내세우기보다는 원 인과 결과블 논리적으로 따저 보거나 다양한 사례와 비교하면서 작품에 반영보 가치플 주체적으로 해석하고 평가하는 태도물 갖추고 있음  특히 정호승의 <슬픔이 기쁨에계>틀 이해함 때 '기쁨' 의 이기적인 모습올 시 구절 속에서 직접 찾아내없고 '슬 품'의 긍정적인 가치루 담고 있는 천양희의 <참 종은 말>도 스스로 찾아 감상하는 모습올 보임. 예지실 패키지 프로그램 국어반 (문학 알짜 개념과 실제 ,  20 시간) 올 수강함.",297,0,0,1,0.0,0.0,3.3670033670033668
202110937,1,2018,2,국어,국어,야생 다람취에 관한 일화루 바탕으로 인간 중심적 사고률 비판한 소설 '고양이가 기른 다람쥐 ' 률 위고 감상하옆 다른 사람이 손 해설이나 감상평에 의존하지 암고 자신의 가치관에 따라 작품올 해석하고 평가하고자 노력함 . 중세국어  --- Page 12 --- 정부24 과목 세 부능력 및 특기사 항 자료 '세중어제훈민정음'과 '용비어천가' 틀 현대 국어와 비교하여 위고 중세 국어와 현대 국어의 특징울 파악하없음. 국어의 변화 과정올 살펴보머 국어의 역사성올 이해함 .,262,0,0,3,0.0,0.0,11.450381679389313
202110937,1,2018,1,수학,수학,"수학에 대한 관심과 흥미가 눈에 띄게 높은 편으로 호기심이 가득 찬 표정으로 수업올 즐김. 다항식의 연산이 빠로고 정확하다 이차 함수와 이차 방정식의 관계름 이해하고 이차함수의 활용으로 실생활 관련 문제름 정확히 해결함 . 또한 공식올 단순 암기가 아니라 직접 유도해 봄으로씨 공식올 더 잘 이해하다 , 특히 파무스 중선 정리블 좌표평면 위에서 두 점 사이의 거리름 이용하여 유도하기도 하고  또 피타고라스 정리름 이용하여 공식올 유도해 봄 . 아울러 눈각심각 형에서도 성립 하느지도 밝혀 친구들의 박수록 받는 등 지적 호기심도 많은 하생임",302,0,0,3,0.0,0.0,9.933774834437086
202110937,1,2018,2,수학,수학,"유리함수의 그래프름 그리논 방법울 급우들에게 설명해 주고   그래프의 성질올 스스로 알계끔 질문올 하는 모 숨에서 모든장으로서 리더십올 엇봄. 학습 주제률 명확히 인지하여 모든원의 참여률 독려하고 문제해 결올 위한 새로운 생각 과 방향울 제시함으로씨 성공적으로 모든 활동올 수행합 . 수업 시간에 배운 내용에 대해시만 그치지 암고 끊임없이 사고하고 남구하는 것을 즐기다 , 다른 학생의 문제풀이에서 오류름 빨리 발견하고 정화하게 수정하여 발표함. 집합이 수학적 문제름 해결활 때 간결하고 논리적인 방법올 제공해 줄 수 있는 도구로 유용하게 활용되올 알게 팀",311,2,0,1,6.430868167202572,0.0,3.215434083601286
202110937,1,2018,1,영어,영어,능동적이고 적극적인 듣기훈련올 농하여 listening skill이 향상되엇고   이루 농해 영어과목에 자신감울 가지 게 팀. 교과서 본문의 단어와 구문을 중심으로 한 반복적인 훈련올 통하여 부족한 문법올 이해하는데 도움이 되없으며 꾸준한 위기 활동으로 지문의 흐름올 파악하고 주제률 잘 찾아내게 팀. 예지실 패키지 프로그램 영어반 (20 시간) 올 수강함.,200,1,0,0,5.0,0.0,0.0
202110937,1,2018,2,영어,영어,"'우리나라 문화유산 중 하나름 콜라 소개 및 설명하는 글 또는 만화 작성하기' 활동에서 조선왕조 때 세위진 경 복궁에 대해 소개하면서 , '경복'이 '근 복울 누려 번영한다' 의 의미름 지니고 있으며 임진왜관 때 전소되없다가 고중 때 중건 되없으나 일제에 의해 많은 부분이 소실되없다는 내용이 담긴 글을 작성함. 농합사회 : 흑인 차별 문제률 다른 영화 '헬프'률 보고 차별과 인권 침해에 대한 감상문올 제출함. 유색인종올 위한 자선 바자 회틀 하면서 백인 전용 택시틀 타고, 바로 옆 흑인 가정부들의 인권은 침해하는 1950년대 백인 사회의 모순점올 모집음. 인 권의 보편성과 전부성이라는 특성올 바탕으로 인종차별의 잘못된 점울 지적함. 환경 문제 해결을 위한 실천 방안에 관한 모든 학습에서 학교에서 실천할 수 있는 방안에 대한 아이디어블 도의한 후 , 환경 문제에 대한 관심올 높이기 위해 점심시간에 급식실 입구에서 '과대 포장 사지 말자' 틀 주제로 캠페인 활동 (2018.06. 11 )올 하없음. 이틀 통해 사회 문제 해걸을 위해 다함께 행동하고 참여하는 민주 시민 의식올 높이는 계기가 팀.",561,1,0,2,1.7825311942959001,0.0,3.5650623885918002
202110937,1,2018,1,농합과학,기타,"초전도체의 발견과 원리 , 여러 가지 성질에 대하여 관련 서적과 자료물 김색하여 정리하고 일기 쉽게 설명 함. 활용성이 높은 초전도체 개발을 위한 연구사례름 수집하여 발표함. 자연물올 모방한 신소재의 종류와 미래의 신소재로 개발할 가능성이 있는 물질들에 대해 밤구하고 과학적인 내용올 논리적으로 설명함. 충돌과 관련된 안전사고률 줄이기 위한 학교 공간 내 구조물의 개선 필요성올 조사하고 안전장 치틀 고안함.",228,3,0,1,13.157894736842104,0.0,4.385964912280701
202110937,1,2018,2,통합과학,과학,"지구 시스템의 구성요소률 유창하게 나열할 수 있으미 하위 요소로 분류할 수 있음. 수업시간에 집중력이 종고 스스로 담구하고 해결하려는 자세가 뛰어남 . 취약한 부분은 꾸준한 노력과 반복적인 복습올 통해 학업성 취도틀 높임. 액성에 따라 변하는 지시약의 색깔올 확실히 구분합 수 있으머 산성과 염기성 물질의 특성올 설명할 수 있음. 생물의 다양성 올 보존하기 위해 환경올 보호하고 일상생활에서 실천활 수 있는 방안울 조사하여 발표함. 학력항상프로그램 기초물리반 (힘 과 운동 법칙 , 운동에 관한 그래프 해석과 분석   20시간) 올 수강함. 과학담구실협: 여러 방면으로 자료틀 조사한 후 귀난적 담구방법올 이용하여 결론올 도출함 . 공통 멸종의 원인과 그 이후 생 태계 변화름 조사하는 모든 발표에서는 역할울 효율적으로 분담해 주어 완성도 높은 발표 자료름 만들없음. 신소재에 많은 관 심올 가지고 OLED틀 중점으로 조사하여 특성   역사   전망에 관해 발표블 함. 특히 현재의 OLED가 개발되기까지의 역사틀  --- Page 13 --- 정부24 과목 세 부능력 및 특기사 항 흥미롭게 설명하여 큰 호용올 얻음 다른 모퉁의 발표 내용올 잘 경청하고 발성이 종고 전달력과 표현력이 매우 좋아 청중올 압도하는 능력이 있음. 식품침가불 실험 후에 가공육올 먹울 때 침가물올 출일 수 있는 다양한 방법올 조사하여 실천하게 팀 재료의 양과 지시약의 양울 알맛게 배분하고 시간을 정확히 즉정하이 오차름 줄입.",730,4,0,4,5.47945205479452,0.0,5.47945205479452
202110937,1,2018,1,진로와 직업,교양,"컴퓨터 프로그래머 , 웬마스터 등의 직업에 관심이 많으머 자신의 진로 목표설정올 위해 적성과 흥미에 관한 밤색활동올 꾸준히 실시하없음. 컴퓨터 프로그래머 등의 직업에 관한 관련 진로 정보률 체계적으로 수집함. 흘랜드 진 로유형 분석결과 'CIR'형이 나건으머 대학진학 정보름 찾을 수 있는 '어디가' 등의 사이트틀 활용하여 학교생활에서 미리 준비 해아하는 사랑들올 진로포트풀리오에 작성하고 관리하는 등 자신의 미래름 위해 '진로와 직업' 과목에 많은 관심을 갖고 적극 적으로 활동함.",270,1,0,2,3.7037037037037037,0.0,7.407407407407407
202110937,1,2018,2,진로와 직업,교양,"'꿈찾기 진로캠프-나의 미래 디자인   전공학과 체험' (2018.07.12./ 4시간) 에 참가하여 '멀티미디어학 과 에 관한 진로 및 전공 탄색울 통해 학생 스스로 진로물 설계할 수 있는 능력올 함양함. 수학체험전 (2018.05. 26 )예 참여하여 지회찾기로 만드는 나만의 비밀번호-NP문제와 암호학 , 보드게임으로 배우는 수학 ( 파라오코드 , 배클심) , 로도복권 확물과 체험 등 다양한 수학 체험 부스 활동올 통해 실생활 속에 숨어 있는 수학의 원리물 발 견하고 수학의 가치름 재해석하는 기회름 가짐. 1학기 문학 기행과 지리답사 (2018.06.09,)에 참여하여 작가 삶의 발자 취와 작품 속 자연올 남구함. 신동염   정지용 문학관율 관광하다 시인들의 유필 원고와 소지품   생애 등울 살필. 활동지에 제시년 미선들올 수행하미 시인과 작품에 대한 이해도름 높임. 그리고 충북 영동군 항간면 초강천의 하안단구 노두름 대상으로 하상 퇴적물과 하안단구 퇴적물의 특징 비교률 통해 하안단구의 지형 형성 과정과 형성 당시의 환경올 이해하는 시간을 가짐 1학기 방과후학교 국어 , 영어 , 수학 , 한국사 , 사회담구   과학담구 (총 72시간) 틀 수강함. 여름방학 방과후학교 국어   영어 , 수학   한국사 (총 40 시간) 틀 수강함 . 2학기 방과후학교 국어   영어, 수학 , 한국사 , 사회담구   과학밤구 (총 73시간) 틀 수강함. 겨울방학 방과후학교 국어 , 영어 , 수학 , 한국사  과학담구 (총 60시간) 틀 수강함. < 체육 예술 > 1학기 2학기 교과 과목 비고 단위수 성취도 단위수 성취도 체육 체육 예술 음악 예술 미술 이수단위 합계 과목 특 기사 항 해당 사랑 없음",842,2,0,2,2.375296912114014,0.0,2.375296912114014
202110970,1,2018,1,한국사,사회,"수업 중 '이성계와 죄영' 에 대해 주제 발표블 하엿는데 , 직접 만든 프레전테이선 자료블 통해 핵심 내용올 체 계적으로 설명한 후 , 이성계와 최영의 대화 장면올 시나리오로 준비하여 직접 연극 같은 무대블 보여중으로씨 고려 말기의 내 우외환올 배경으로 신진사대부에 의한 개릭의 필요성올 이해하는데 많은 도움올 춤. 또한   조선 전기블 이끌어 온 15세기의 훈구파와 16세기의 사림파 중 어느 세력올 지지하느나는 교사의 질문에 과학기 술 및 군사학올 발진시켜 부국강병올 이루어 넷고 훈민정음올 창제해 민족 문화틀 중흥시키는 것이 정치의 본질에 충실한 것으로 판단해 훈구파틀 더 지지한다고 대답함",333,0,0,0,0.0,0.0,0.0
202110970,1,2018,2,한국사,사회,"수업 중 '4 . 19 학명'에 대하여 단원의 핵심 내용올 체계적으로 구성한 프레전테이선 자료블 가지고 안정적이 며 전달력 핑게 발표블 하여 1학기에 비해 훨씬 성장한 모습올 보여p. 1960년의 3 . 15 부정 신거블 배경으로 학생 늘과 시민 늘이 어떤 과정올 거처 자유당 정권올 볼아내고 민주주의적 가치블 지컷논지에 대해 각종 사진 자료 및 관련 동영상올 활용하 여 상세하게 설명합 . 또한   한국사 만화 그리기 행사에 참여하여 서희가 외교담판으로 강동 6주름 언은 것처럼 남북정상회담 으로 평화가 오기블 바라는 마음올 잘 표현함 . 국어: '탁월하 사유의 시신' 올 임고 능동적인 삶올 살기 위해 노력해야 한다는 깨달음올 언없으면 이 실천하는 삶율 살기 위한 방안에 대해 친구늘과 모든올 구성하여 책 대화에 참여함. '위대한 감시 학교' 틀 임고 대한민국의 교육과 작품 속의 교육 제도의 공통점과 차이점올 비교하다 비판적으로 분석한 서평올 작성합. 일상 생활의 경제 용어' 틀 주제로 하여 시각 자료들 제작히고 발표에 참여합 . 평소 관심사인 경제늘 깊이 이해하기 위해 'GDP, GNP' 등 경제 뉴스에서 자주 사용되는 용어늘의 개념에 대해 사진 및 그래프 자료블 활용하여 소개하고 , 이들이 적용된 일상 생활 속 사례블 귀즈의 형태로 제시하여 청중늘 의 참여블 유도함. 수학: 새로운 개념올 학습하거나 다양한 문제유형올 접하는 것에 많은 흥미름 보임.  자신이 알고 있는 것과 모르고 있는 것올 * 본 증명서는 열람용이며, 법적 효력이 없습니다:  --- Page 10 --- 과목 세 부능 력 및 특기사 항 구별하는 메타인지 능력이 중으미, 심화 문제블 도전하고 해결하는 과정 자체에 매력올 느낌. 이차 이상의 다항식으로 주어 진 식올 나누는 상황에서 확장된 조립제법 방법올 연구하여 사용함. 학생 개인의 수학적 담구능력이 돈보임.  점의 평행이동 올 점의 이동과 축의 이동이라는 ,면에서 생각해 보미 점 하나블 위해 전체적인 구조인 축올 이동하는 방법과 전체적인 구조 틀 위해 점 하나가 이동하는 면에 주목함 . 이틀 소수틀 위해 다수가 희생하거나 다수물 위해 소수가 희생하는 사회문제로 연 결 지어 문는 불음에 자신의 의견올 표현하다 수학적 지식올 통해 사회 현상올 생각해 보는 기회블 가짐 .  집합에서 조건제시 법으로 표현된 일상의 모임의 장점과 단점올 비교해 봄. 크기가 같은 두 집합에 대한 칸도어의 정의블 위고 두 무한집합 사이 의 일대일 대응올 찾아 두 집합의 크기가 같음올 보이는 수리논술 활동에서 수학에 대한 깊은 흥미블 보이미 과제틀 담구함. 자신의 생각올 논리적으로 표현하다 해결올 위한 조언올 언는 등 노력하는 모습이 매우 인상 깊음. 영어: 수업태도가 바르머 문장구조블 잘 이해하고 구문에 대한 분석력이 뛰어남. 수업시간 이후에 본인이 부족한 부분에 대 해 적극적으로 질문함으로씨 독해력이 많이 향상팀 . 모든 활동에서 시간과 조건올 나타내는 부사절에서 미래의 의미블 표현 할 때 현재시제블 사용하다는 것올 다양하 외부지문 속 문장늘올 찾아서 자세히 발표함. 특히 until, in case 등올 사용하 많은 예문들올 보여주없으다   관계사절이나 명사절일 때는 현재시제로 미래의 의미블 대용하지 못하다는 것올 정확히 설명 합. 교과서 이외의 다양한 영어 자료물 스스로 찾아 분석하여 발표하는 활동에서 '한국의 수소연료전지 자동차 '에 대한 영자 신문 칼끔 내용올 발체하여 , 부사구가 문두로 도치런 문장과 관계부사의 계속적 용법에 대해 많은 예 문올 통해 정확히 설명 함. 외부지 문 (교과서 이외의 신문칼럼 혹은 원서교재) 올 보고 본인이 직접 수능시험 형태블 만늘고 답을 서술해 보면서 문장 구조블 분석하는 연습올 꾸준히 함 . 수행평가로 실시한 '본인에게 가장 근 영향올 미친 인불에 대한 작문' 에서 인상 깊없던 내 주제와 본인의 생각 등으로 나누어 영어로 잘 표현하없으며 , 가정법 과거와 과기완표 구문올 정확히 사용하여 자연스러 운 글을 완성함.",1957,3,2,8,1.532958610117527,1.021972406745018,4.087889626980072
202110970,1,2018,1,통합사회,사회,자연 환경에 따라 사람늘의 생활모습이 다르게 나타남올 이해하고 특히 화산의 특징과 영향에 대해 조사하 고 자연재해로부터 안전하고 쾌적한 환경에서 살아갈 권리에 대해 조리 핑게 발표함 우리나라의 특징올 나타내는 사진 찍 기  지도 그리기 등 수업 과정에서 침신한 아이디어블 제시하는 등 창의력이 돌보임 . 각 단원의 핵심 용어로 퍼양 만늘기늘 통해 수업 내용올 스스로 정리하고 학습하며 정확한 이해력올 보여중,227,1,0,1,4.405286343612335,0.0,4.405286343612335
202110970,1,2018,2,통합사회,사회,"공정 무역은 경제 선진국과 개발 도상국간의 불공정하 무역 구조로 인해 발생하는 부의 편중   환경 파괴 , 노동력 착취   인권 침해 등의 문제들 해결하기 위해 대두된 무역 형태이자 사회 운동이라고 이해함 . 공정 무역의 목적은 정의 이미, 노동자의 반곤올 줄이기 위해 제품의 가격울 올리면 효율성과 생산성이 감소할 위험이 있음올 조리핑게 설명함. 공정 무역의 비율올 109 만큼 상승할 경우 반부 걱차는 불론 환경 문제까지 해결할 수 있음올 강조함. 많은 사람들이 공정 무역에 참여하다면 평등하고 공정한 사회가 필 수 있음올 논리적으로 설명합. 통합과학: 도서관 연계 프로제트 활동에서 원자량   욕딪 규칙   동위원소에 대한 심화 조사늘 함으로씨 주기올표와 원소에 대 해 더욱 깊계 이해하게 팀. 교과서에서 배위서 이미 알고 있는 지식과 동위원소 등의 새로운 지식올 결합하여 지식올 정교화 시키고 확장해 나감. 산이나 염기가 공통적인 성질올 나타내는 까닭올 이온화식으로 바르게 설명활 수 있으머 산이나 염기가 공통적인 성질올 나나내는 까닭올 알아보기 위한 실현올 설계할 때 준비불과 장치의 역할올 제대로 파악합 . 시상화석과 표준 화석의 의미블 알고 서로 다른 지억에 분포하는 암석에서 산출되는 화석 중예서 환경올 알려주기에 가장 적합한 화석올 찾아 날 수 있음 지질 시대의 해양 및 육상 생물 수름 도대로 대멸종의 시기와 원인올 추론해내머 대멸종이 갖는 의의블 올바르게 서술합 . DNA, RNA   리보속   핵   단배질   염기  세포의 개념을 활용하여 개념도블 작성하고  코도이 3개의 염기 배열로 만 늘어지는 까닭올 아미노산과 연관지어 올바르게 서술함. 또한 DNA 염기 서열올 번역하여 유전 암호하 해석할 수 윗음. 방과 후학교 통합과학 문제 풀이반 (2) (20 시간) 올 수강함. 과학밤구실험 : 과학 관련 현상과 관련된 사회적 이슈에 대한 글쓰기 활동에서 '환경 오염으로 인한 산성비의 발생' 이런 주제 * 본 증명서는 열람용이며, 법적 효력이 없습니다:  --- Page 11 --- 과목 세 부능 력 및 특기사 항 보 산성비이 생성 원리에 대해 담구하고 토양과 바다에 내린 산성비블 중화시키기 위한 방법올 제시하고 산성비의 발생올 줄 이기 위한 방법올 제시하고 이틀 해결하기 위해 자신이 실천할 수 있는 방법올 모색하여 사회적 참여 능력 향상울 엇볼 수 잎 눈 글을 작성합.",1175,3,0,1,2.553191489361702,0.0,0.851063829787234
202110970,1,2018,1,기술 . 가정,기술·가정,"기술 연구 개발 과정에서 적용되는 표준, 표준 특허의 필요성과 중요성 등의 내용올 담은 '기술 개발과 표 준' 단원올 주제로 , 프레센테이선과 학생 참여활동이 가능한 학습지블 활용하여 조별 발표수업올 진행함 .",117,2,0,2,17.094017094017097,0.0,17.094017094017097
202110970,1,2018,2,기술 . 가정,기술·가정,모퉁별 과제에서 '자동차 사고의 원인과 예방  오토바이와 자전거 안전' 등에 대한 내용올 담은 프레전터 이선올 제작하여 본인의 역할울 성실히 수행함. 타 모퉁의 발표 시에도 경청하면 창의적인 질문올 하는 등의 적극적인 자세물 보임 < 체육 예술 1학기 2학기 교과 과목 비고 단위수 성취도 단위수 성취도 체육 체육 예술 음악 예술 미술 이수단위 합계 과목 특 기 사 항,206,0,0,0,0.0,0.0,0.0
202110970,1,2018,1,체육,체육,"응급처지 방법인 휴식 및 안정 , 얼음점질 , 압박 ,  거상울 실시하는 목직과 효과에 대해 정확히 이해하고 있으미 선한 사마리안 법에 따라 응급상황 발생 시 적극적으로 생명올 살리는 일에 동참해야 힘올 인지하고 있음. 이미 우수한 탁구 실력올 갖추고 있음에도 불구하고  늘 검손한 자세로 기초기능 연습올 게올리 하지 암고  성실히 수업에 임하는 자세블 보임 탁구경기에서 다양한 스편으로 넘어오는 공에 어떤 방식으로 대처해야 하느지틀 정확히 이해하고 있으미 , 순간적인 판단력 과 결단력이 우수하여 찬스틀 놓치지 암고 특점에 성공하는 과감한 모습올 보임. 정신력이 우수하여 근소한 점수차이 상황에 서 당황하지 암고 침차하게 본인의 플레이에 집중함.",362,0,0,1,0.0,0.0,2.7624309392265194
202110970,1,2018,2,체육,체육,"본인이 부족하다고 생각하는 농구 기초기능올 보완하기 위해 최선올 다해 노력한 결과 점차 기능이 향상되는 결과블 보임. 빠른 스피드로 농구 드리블올 자연스럽게 구사하고  집중력과 정신력이 강해 중요한 순간에 자유투릎 연속으로 성공시림 . 농구의 입사각과 반사각   공의 회진에 의한 백보드 활용에 대해 정확히 이해하고 있으며 이러한 원리블 이용해 점 프숫과 레이업 에서 높은 성공물올 보임. 음악: 기약합주에서 하모니카을 연주함 . 서양음악사 수업에서 베버의 오페라 '마단의 사수 '에 대하여 발표함. 미술: 김 옆색 공예 수업에서는 골로세움 건축물과 고흐의 '뻗이 빛나는 밤에 '라는 작품의 밤하늘올 결합하여 참신한 디자인 올 함. 주제 표현에 효과적인 재료와 기법의 선택으로 캠에 심미성과 독자적 가치틀 높임. 이미지의 섬세한 표현과 작품에 볼 입하는 모습이 돕보임.  미술올 통한 소통 수업에서는 사회문제 중 사회직 소수자와 약자에 대한 문제와 해결점에 대해 이해하 고 공악광고 포스터로 제작하여 미술올 통한 참여방안올 적극적으로 모색함 . 보석맵 도의과정올 통해 조원과의 이견올 조율 하여 주제틀 효과적으로 표현할 수 있는 다양하고 창의적인 아이디어블 냄. 주제표현올 극대화할 수 있는 조형 요소와 원리, * 본 증명서는 열람용이며, 법적 효력이 없습니다:  --- Page 12 --- 과목 특 기 사 항 재료플 다양하게 응용하 우수한 작품올 완성합 . 작품제작 후 표현의 아쉬움올 느껴 자연재료물 작품에 응용함으로씨 작품에 생기블 디한 표현이 동보임. 예술비평 수업에서는 마그리트의 '잘못런 거울' 이라는 작품올 선정하여 심충적으로 조사하여   논 리적으로 서술하없으다 분석적   종합적 사고력으로 자신의 비평관점올 수준 높게 작성합. 매시간 포드플리오 파일에 활동지 틀 정리하고 완성도 높은 작품제작올 위해 체계적이고 논리적으로 작품계획서블 일목요연하게 작성하여 작품제작에 열의블 다합",949,2,0,5,2.107481559536354,0.0,5.268703898840885
202110970,2,2019,1,스포츠 생활,체육,수업 시 탁구 기본 기술울 익히기 위해 지속적인 반복 연습올 하여 목표릎 달성합. 탁구 서브와 포 . 백핸 드스트록의 기본기술이 좋아 경기 시 공격적인 플라이로 많은 특점올 함.,99,0,0,0,0.0,0.0,0.0
202110970,2,2019,2,스포츠 생활,체육,배드민터 하이클리어블 길고 높게 잘 구사하여 공격올 쉽제 당하지 암고 수비하는데 여유가 있음 미술 창작: 드로/에 흥미가 잇고 관찰력이 좋아 복잡한 형태 등올 단색으로 표현하는 것올 잘함. '전냉글 치유 미술' 작업에 있어서도 볼편올 이용하여 복잡한 문양올 그려 넣는 집중이 필요한 작업올 잘 함. 자신의 이름올 창의적으로 디자인하여 완성 함. 스톱모선올 이용하 애니메이선 제작하기 수행평가에서논 다양한 애니메이선 관련 입의 기능올 탄색하고 익혀 작품 제작 에 효과적으로 적용합 .  '라인벽화-공공미술 프로직드 '에 즐거운 마음으로 참여함 .  점수예는 연연하지 않지만 조별활동에 잎 어서는 자신의 역할에 충실함. '3D팬올 사용하 기초조형' 수업에서는 다양한 색감의 필라멘트블 활용하여 간단한 입체물올 제작함 . 학기말 자율적 활동 수업이없으나 새로운 창작 도구에 대한 호기심과 열정으로 작품올 제작합 < 체육 예술 > 1학기 2학기 교과 비고 단위수 성취도 단위수 성취도 이수단위 합계 과목 특 기 사 항 해당 사랑 없음,518,2,0,5,3.8610038610038613,0.0,9.652509652509652
202110970,3,2020,2,운동과 건강,체육,"배드민터 수업올 하면서 교사의 설명올 잘 듣고 스스로 연습올 통하여 기본자세가 잘 형성되없으다   하 이클리어 , 드라이브, 스매시   드럭 등 기랑이 우수함 . 배드민단의 경기 규치과 방법올 자세히 알고 있어서 부식경기에서 파트 너늘 잘 골고 가고 역할 분담올 잘하여 높은 승물과 더불어 동료늘과 경기블 즐겁게 참여합. 독서활동상황 학 년 과목 또는 영역 독서활동 상황 국어",210,0,0,1,0.0,0.0,4.761904761904763
202110975,1,2018,1,국어,국어,국어수업 시 모든활동올 하면서 제시된 문제에 대해 고민 후 자신의 의견올 진달하고 타인의 의견올 청취하는 등 의견올 조율해 나가는 과정올 통해 문제 해결능력올 기름. 성실하고 담구적 자세로 주어지는 국어과제블 훌륭하게 수행 함. 특히 '우리말 형태소 분석 조사 와 같은 담구 주제물 꼼꼼하게 조사하여 수업시간에 발표함.,178,2,0,1,11.235955056179774,0.0,5.617977528089887
202110975,1,2018,2,국어,국어,"시 '울라리 밖 (박용래) '올 감상하고 4개의 연을 4것 만화로 구상하여 그림. 특히 시 속의 소년   소녀의 모습올 사랑스럽게 시각화 하여 개성이 돌보임. '로봇 시대와 인간의 일 (구본권) '과 접목하여 자신이 읽은 책올 통해 문제 해결한 경 힘흘 조리잎게 발표합 . 신문올 임고 외국어와 한자어의 남용 사례늘 갖고 이늘 참신하게 순화합 .  '신의 방(김신우) '올 감상하 고 시어가 상징하는 삶의 방식에 대해 자신의 의견올 참신하게 개진함 . 소설 '항만근은 이렇게 말햇다 (성석제) '틀 임고 화만 근의 덕성올 나타내는 어휘 세 개을 정하여 화만근의 인물범에 대해 발표하고 그의 좌우명에 대해 추론해 본 뒤 조리핑게 설 명합 . 모든 도의 시간에 조장으로 활약하여 조원 늘에게 골고루 발인 기회블 제공함. 논설문 쓰기 능력이 뛰어나고 서평쓰기 에 재능올 보임. 수학: 이차방정식의 판별식에 대해 잘 이해하고 문제에 적용하여 응용문제블 다양한 방법으로 해결합. 어려운 문제가 나오면 * 본 증명서는 열람용이며, 법적 효력이 없습니다:  --- Page 12 --- 과목 세 부능 력 및 특기사 항 그 문제들 완전히 익히기 위해 혼자서도 끊임없이 고민하여 선생님은 물 여러 친구늘에게 찾아가 풀이와 궁금증올 해결 합. 수학올 해석함에 있어 단계적으로 접근하는 자세가 안정적이다 단단한 기초실력올 바탕으로 자기주도직인 학습능력올 갖 추고 있음: 한 문제들 여러 가지 풀이 방식으로 풀어보고 그 과정에서 각 개념간의 연관성올 이해하고 찾아님. 교사와 또래교 사에 의해 진행되논 협동학습에서 단계 단계마다 도움올 주고반는 과정올 통해 수학올 어려워하는 친구늘에게 눈높이틀 맞취 풀이블 하는 등 수학적 소통 능력이 탁월함올 알 수 있음. 불리학자나 천 문학자로만 알고 있던 뉴단이 수학자라는 것에 호기 심이 생겨 관심분야인 불리와 관련 있는 '수학자' 틀 주제로 발표수업올 준비함. 주제 선정 및 계획서늘 작성하면서 주제에 대 해 깊이 사고할 기회와 자신의 의견올 풀어내는 과정에서 자신감과 성취감을 느낌. 영어: 'Yummy Expregsion'의 글을 임고 세계의 다양한 전통음식에 관해 흥미틀 가지게 되어 여러가지 전통음식올 조사하 발표함 . 또한 교과서에서 배운 가주어 , 진주어 용법과   독립부정사 구문올 사용하여 학생늘이 문범에 대해 한번 더 생각하 고 배율 수 잇도록 섭고 자세한 설명으로 발표함. 본문올 위고 한글로 번억해 보는 모퉁활동에서 모퉁원 늘과 함께 도론하고 직극적으로 의견올 나누엇으면   영어블 어려워 하는 친구늘에게 쉽게 설명해주고 침여늘 독려하는 모습올 보임. 매주 배운 내용올 문제로 출제해 보는 활동에서 3회에 길처 다양한 형태의 문제들 출제함 . 처음에는 단순한 해석 문제물 주로 출제하여 으나 시간이 지나면서 어법이나 내용 이해 요약문 등의 다양한 문제틀 출제하게 되면서 영어 학습시 집중해야 하는 부분에 대한 이해가 넓어짐. 통합사회 : 항상 수업에 집중하고 질문에 대한 적극적인 발표 활동으로 학습 분위기 조성에 근 역할울 하늘 모범적인 학생임 수업시간 배운 내용에 대한 자발적 심화학습 발표 활동에서 PPT늘 통해 '저출산으로 발생하는 외국인 근로자의 유입에 따른 문제점' 에 대해 발표함. 세계에서 가장 낮은 합계출산 울의 원인올 우리나라의 특수한 환경에서 고찰하고   저출산올 국가경쟁 턱과의 관계에 관해 설명합 . 특히  필연적으로 발생하는 외국인 근로자 유입으로 나타나는 낮은 평균임금   열약한 환경 등의 사회적 각종 문제와 개인적 흑면   국가적 주면에서의 해결 방법에 대해 구체적으로 발표함. 또한  외국인 근로자 유입에 의한 다문화 가정교육 문제와 그에 따른 이차적 피해에 대해 심각성올 인식하고, 다문화 교육의 필요성과 중요성올 강조함 . 또한 보고서 작성 활동에서 지구촌의 갈등과 협력 사례에 대한 관심이 높으며   이에 대한 사례블 성실히 조사하여 제출함. 세계 국 가늘올 이해블 위한 수행평가 준비과정에서 이름만 알던 국가들이 위치블 알게 되고  그 국가의 특성올 자연   인문적 주면에 서 이해하여 본인의 지식으로 습득하는 능력올 보여중. 통합과학 : 과학 강연 (단소나노튜브틀 이용하 항암제 개발) 에 참여합 . 과학부장으로서 수업 시작 전에 급우늘의 수업준비 상 화울 확인하여 수업 시작이 원활하도록 합. 안데스 산매의 생성과정올 판의 이동과 관련지어 PPT로 제작 발표함. 판의 경계 부근에서 진양의 분포와 지진의 깊이블 이용해 인접하 두 지역의 밀도 차이블 설명합 . 세포에서 단백질이 합성되어 세포 밖으 보 분비되는 과정에 대해 심화학습올 하며 세포 내 정보의 흐름올 유진자와 단백질의 관계로 설명하여 지식의 확산올 추구함. 또한 핵 , 소포체 ,  골지체의 기능울 상기하다 세포소기관의 상호 작용에 대해 이해함. 호소의 일상생활 이용사례블 알기 위해 식혜블 만드는 과정올 조사하고 식혜는 엿기름 속 아밀레이스가 밥일의 녹말울 엇당으로 분해하여 만늘며 아밀레이스에 의 해 녹말이 분해뵙에 따라 밥살이 가버워저 떠오른다는 것올 알게 팀. 특히 식혜블 만드는 과정올 통해 호소의 작용에 활발한 최적 온도가 정해저 있으미, 일정 온도물 넘어서면 반응속도 감소한다는 원리블 심도 핑게 담구함 . 자신의 정보 수집 능력올 활용하여 일상생활과 산업에서 호소가 이용되는 분야와 사례에 대해 조사하고 , 효소블 이용하 '마스크때' 제안서블 작성합. 과학담구실험 : 원소의 주기적 성질이 잘 나나나도록 원소 카드블 배열합 . < 체육 예술 > * 본 증명서는 열람용이며, 법적 효력이 없습니다:  --- Page 13 --- 1학기 2학기 교과 과목 비고 단위수 성취도 단위수 성취도 체육 체육 예술 음악 예술 미술 이수단위 합계 과목 특 기 사 항 체육: 축구 기초기능 활동에서 연습방법올 다양하게 구성하여 활동함 . 기본기와 안전수칙올 준수하기 위해 노력하고 축구 경 기에 많은 흥미블 보이미 즐거운 수업 분위기틀 조성함. 음악: 바른 자세와 주법 ,  리듬과 댐포 , 다양한 음악적 표현 기법올 익혀 우출렉레블 연주하다 흐름이 자연스럽고 창의적으로 표현올 잘 함. 약꾸올 이해하는 능력이 탁월하다 악곡의 특징올 살려 악기로 표현하는 데 남다른 재능이 있음 미술: 우리의 멋을 표현하는 진통회화 수업에서 먹의 특징올 살려 표현합 . 캠버스에 아크럽화로 그리논 서양화 수업에서 군 형있는 구도로 제작함 . 성명인올 서각하는 낙관수업에서 균형있는 필체로 제작함 . 지점도로 자화상올 소조하는 두상표현에서 인체의 비레블 조화잎게 표현함. 일상생활에서 쉽계 제작할 수 있는 다양한 작품올 표현하는 문화활동 수업에서 성실하게 활 동합",3241,5,1,9,1.54273372415921,0.308546744831842,2.776920703486578
202110975,2,2019,1,음악 연주,예술,영화 '드럭라인' 올 감상하고 영화에 나온 드템속로   관악합주 등 다양한 음악울 감상하고 자신의 느낌점올 우수하게 작성합.,69,0,0,0,0.0,0.0,0.0
202110975,2,2019,2,음악 연주,예술,"우출렉레 연주시 바른 주법과 자세로 연주함. 지정본 곡의 느낌올 잘 살려 노래와 함께 연주하는 능력이 * 본 증명서는 열람용이며, 법적 효력이 없습니다:  --- Page 16 --- 과목 세 부능 력 및 특기사 항 뛰어남 정보: 논리적 사고 과정올 통해 문제블 푸는 프로그래망 수업에서 문제블 해석하여 프로그래망 인이로 작성합 . 알고리롬의 의미블 이해하고 적용해보다   다양하 시각적 각도에서 문제의 해결방법올 찾기위해 고민해보는 기회블 가짐. 결과물올 만들 어 내기 위해 노력하는 모습올 보임. C 프로그래망 언어블 이용하여 배수와 나머지블 활용하는 문제들 반복문과 조건문올 활 용하여 코드로 작성해 봄. 중국어 1 : 어려운 발음이나 문장은 정확하게 말할 수 있올 따까지 여러번 연습하고 꾸준히 노력하엿으다 발음이 매우 좋아저 칭찬활 만함 . 학습한 어뭐 및 문장의 한어병음과 간체자을 숙지하고 의미와 활용올 이해합 . 모든별 역할극올 위해 모퉁원늘 과 협력하여 대년올 작성하고 완성도 있는 상황올 연출하는 데 크게 기여합 . 한류현상과 반한감정에 대해 설명하고   반한감 정에 대한 대책 및 지속적인 한류 발전 방범에 관한 의견올 논리적으로 표현함 . 중국문화상식 골등렉 활동과 개인별 , 조별 털 레이 문장 위기 활동   전지공예 체험활동에 적극적으로 참여합 . '헬림 여행' 이라는 주제로 광저우와 난창의 문화유산 및 관광 명소 , 먹거리 등올 소개하는 내용의 우수한 여행기블 작성함 . 여행 일정 속 구체적 상황올 설정하고 명소에 대한 풍부한 정보 와 감상   중국문화물 충실히 담음  간체자 및 한어병음올 정확히 쓰고 학습 내용 정리에 반름이 없으면 각종 활동 자료 등올 성실히 정리합 . 언제나 예의바르고 충실히 활동에 참여하여 긍정직인 학습분위기블 조성하는 데 크게 일조함. 한문 [ : 소문과 관련본 내용의 '유인비어' , '가담항설'과 '다다악선' 의 한자의 모양 , 음과 뜻  겉뜻과 속뜻올 친구들이 필기할 수 있도록 조리 핑게 설명하엿으다 예문과 유래블 조사하여 발표함. 이 성어블 공부하면서 자신의 삶에 직용할 수 있는 부분 에 대해 생각해보고 느낌 점올 발표함. 바른 생활올 의미하는 '정생' 으로 호틀 짓고 '정의롭고 정다운 바른 생활올 하자. '라고 이행시블 짓는 활동올 하없으다 지우개블 이용하여 낙관 만늘기블 함. 지금은 공부하는 것이 힘들지만 포기하지 암고 열심히 노력하여 원하는 대학에 합격해아켓다고 생각하여 '고진감래' 라는 성어블 좌우명으로 삼고 이 성어블 소재로 부채 만늘기 활 동올 합. < 체육 예술 가 1학기 2학기 교과 비고 단위수 성취도 단위수 성취도 체육 체육 7 체육 운동과 건강 이수단위 합계 과목 특 기 사 항",1328,4,1,5,3.0120481927710845,0.7530120481927711,3.7650602409638556
202110975,2,2019,1,체육,체육,논술평가을 통해 스포츠맨십 정의블 정확히 이해하없고 상황에 따른 가치 판단 능력과 근거가 제시되어 설득력 있는 주장올 보여중. 특히 스포츠맨심의 현실 적용올 다양한 사례블 통해 실제성 핑게 제시하없음. 또한 가장 어려운 스파이 크 기술을 두려워하지 암고 지속적으로 시도하여 성공하는 등 도전 정신이 강함 . 수업 시간에 항상 자신감이 넘처 대부분의 운동 종목에서 두각올 보임.,210,0,0,1,0.0,0.0,4.761904761904763
202110975,2,2019,2,체육,체육,"플라입 디스크의 기본기가 잘 갖추어저 있고 집중력이 있어 표적에 유표수딩 확물이 높음. 얼티맛 경기 중이는 파스 성공물이 좋아 팀원에게 공격 기회블 많이 제공합. * 본 증명서는 열람용이며, 법적 효력이 없습니다:  --- Page 17 ---",136,1,0,1,7.352941176470588,0.0,7.352941176470588
202111325,2,2018,2,불리 1,기타,"방과후학교 불리1 파동과 유체역학 고급해법 연구반 (파동의 운동   놀림림   베르누이 법칙 등 , 16시간) 지구과학 [ : 적도좌표계블 이용하여 지구-태양-춘분점 사이의 각과 화성-지구-춘분점 사이의 각에 대한 관추자로로 위치블 표시하여 화성이 나원귀도로 태양주위블 공진한다는 것울 직접 작도하여 확인합. 체육 . 예술 (음악 / 미술) > 1학기 2학기 교과 과목 비고 단위수 성취도 단위수 성취도 체육 스포츠문화 예술 (음악 / 미술) 음악과생활 예술 (음악 / 미술) 미술창작 이수단위 합계 과부 특 기 사 항 미술창작: '일찍 자고 일찍 일어나자'라는 자신의 새학기 복표릎 내가 아는 것올 표현하는 시간에 작성합 . 종이블 구긴 후 그 리는 시간에 의식의 흐름올 따라 내면의 유동적인 모습올 표현. 종이의 원래 사용법이 아년 구거진 종이라 할 지라도 그것에 대한 의미블 자신이 부여함에 따라 달라질 수 있다는 가능성올 표현하려 함.",471,1,0,0,2.1231422505307855,0.0,0.0
202210903,1,2018,1,수학,수학,수학에 흥미름 가지고 열심히 참여하는 자세름 지념 . 자신이 부족한 부분올 알고 이름 보완하기 위해 개인적으 로 노력함으로씨 실력올 향상시키고자 노력함. 난이도 높은 문제물 여러 가지 방법으로 접근해 봄으로씨 수학에 대한 깊이률 깊게 하려고 노력합 조별 주제 담구 활동에서 '삼각비' 와 관련하여 반전트삼각비와 클리노미터름 활용하여 학교 건물의 높이름 즉정함. 남구 활동 올 위해 축정값올 이용하여 학교 건물의 높이률 계산하는 역할올 담당하고   조원과 협력하여 활동 결과을 도출하는 데 최선올 다함. 활동 과정과 담구 내용올 PPT로 작성하여 발표함.,309,2,0,5,6.472491909385114,0.0,16.181229773462782
202210903,1,2018,2,수학,수학,"개념에 대한 노트 정리 및 학습 결과 정리률 성실히 하여 수학적 개남에 대한 이해가 빠르머 수학적으로 사고하 고 해결하는 능력이 뛰어남. 꾸준히 연습장에 문제름 푸는 과정올 통해 실수름 줄이고자 노력하는 자세가 동보임. 소수의 개수가 무한하다는 짓은 생각만으로도 알 수 있지만 수학적으로 증명해 보고 싶어 소수의 무한성올 주제로 수학주제 보고서블 작성함 . 특히 , 소수의 무한성올 증명하는 여러 가지 방법에 대해 자세하게 알게 팀. 영어: 동물의 기억력에 관한 글예서 어뭐 정리와 변형문제 출제와 풀이블 맡아 일복요연하게 발표하뒷고 일란성 쌍둥이의 성 걱차이에 관한 글의 참고자료 (글의 출처 , 관련 상식 , 관련 영상) 틀 조사하여 발표함으로씨 자존감과 책임감을 키우는 계게기가 되없음. 영어단어자료 집올 늘 지참하여 암기하엿고 친구들과 함께 서로서로 점검하면서 꾸준히 노력한 결과 어휘 수행평가에 서 기의 만점올 반는 등 어뭐 분아에서 높은 성취도틀 보여중 수업시간마다 위크시트틀 작성하여 주제문장과 핵심어틀 찾아 내용올 요약하없고 단어와 숙어들올 일목요연하게 정리하여 활용하없으며 어법과 구문을 파악하여 잘 정리함으로씨 지문올 정확하게 해석하는 능력올 높없음. 각종 영어 매체물 이용하여 꾸준하게 영어튼기블 연습하없올 뿐 아니라 이런 프로그램들 올 공부하면서 영어권 문화에 대해 좀 더 깊계 이해하고 그에 관한 상식올 많이 알기 되없음 . 평소에 수업 태도가 매우 진지 하고 적극적이다 친구들과 함께 협업하는 모습올 많이 보여주는 등 영어실력 향상울 위해 매우 노력함. 통합사회 : 청소년이 행복해지는 정책올 제안하는 활동에 참여함 . 청소년이 수면시간 부족으로 학업에 집중할 수 없다는 문제 점울 제시함. 이틀 해결하기 위해 여가 시간을 증진해야 하느 정책올 제안함 . 이로 인해 학생들의 여가시간이 증가하고 수면 시간노 확보할 수 있어 수업에 집중합 수 있는 효과름 년다고 발표함. 유렵 문화권 특징에 대해 마인드맵올 작성하없으며 다 특징울 가진 문화권 속에서 살아가는 사람들의 삶율 이해하고 편견 없이 상호 존중하는 마음을 함양함 . 사회 및 공간 불 평등올 해결하는 제도에 대해 조사하여 설명하없으머 사회 및 공간 불평등의 문제름 해결합 수 왜는 현실적인 제도에 대해 서 술하없음",1117,2,1,6,1.7905102954341987,0.8952551477170994,5.371530886302597
202210903,1,2018,1,통합과학,과학,활동 시간에 적극적이며  과학적 호기심이 풍부한 학생임. 교과서 외의 음합 과학적인 사고력이 뛰어나 관 면 질문들올 자주 함. 특히나 교사의 설명이나 해설에 의존하지 암고 스스로 사고하고 교사와 토론올 통해 답을 찾아가는 능 동적인 학생임.,134,0,0,1,0.0,0.0,7.462686567164179
202210903,1,2018,2,통합과학,과학,"전자기유도 현상울 이해하고 태양광 발전   핵분열 발전   풍력발전 , 조력발전의 원리와 장단점올 조사하연 으며 이틀 바탕으로 현재 우리나라의 발전 상황에 대한 신문 만들기와 발표틀 통해 발전에 대한 지식올 쌍음 . 궁금한 것이 생 양한  --- Page 11 --- 정부24 과목 세 부능력 및 특기사 항 기면 그때그때 질문올 던지다 과학적 사고력올 넓히고 질문에 대한 대답올 정리하는 모습올 보임. 과학담구실험 : 과학적 사실이나 현상에 높은 관심과 흥미름 지니고 있으머 원리큼 담구하는 자세가 매우 진지한 학생임. 특 히 밤구 과제틀 논리적   객관적으로 분석하고 응용하는 능력이 돌보임. 실험 이론에 대한 기본 원리 이해 및 응용력이 우수 함 .",365,3,0,3,8.21917808219178,0.0,8.21917808219178
202210903,1,2018,1,기술 . 가정,기술·가정,"자율주행 자동차의 정의와 특징 , 등장배경에 대한 보고서클 작성하고, 모든원 들과 발표 자료플 만들어 발 표함.",62,0,0,0,0.0,0.0,0.0
202210903,1,2018,2,기술 . 가정,기술·가정,"공유경제와 관련한 직업   진로 , 진학 정보에 대한 보고서률 작성하고  모y원 들과 발표 자료풀 만들이 발 표함. 교육학: 교육올 통하여 바른 삶을 위한 교육의 가치와 삶 속에서 자아실현올 위한 교육의 의미블 담색합 . 자신올 성장시키는 사고와 학습의 문제름 탄색하는 나만의 학습 전락과 학습 기술울 체특함. < 체육 예술 > 1학기 2학기 교과 과목 비고 단위수 '성취도 단위수 '성취도 체육 체육 예술 음악 이수단위 합계 과목 특 기사 항 약: 4/ 4박자의 지휘름 하면서 여린내기 , 변박자   늘입표의 표현올 정확하게 하없음",298,0,0,1,0.0,0.0,3.3557046979865772
202210915,1,2019,1,한국사,사회,주제 발표 시간에 이성계의 위화노 회군과 조선 건국 과정에 대해 발표함. 고려 별망 이후 이성계에 의해 제거된 고려 왕족들의 이야기틀 풀어내 급우들의 흥미름 이름. 고려말 정치  세력의 부패와 백성들의 힘든 삶울 지적하면서 이성계의 조신 긴국올 쿠데타가 아난 희명이라고 평가함 . 자신감씩는 발표 태도와 전달리있는 목소리가 돈보 /음 조선이 임진왜란올 극복할 수 있엿년 가장 근 이유로 의병의 활약올 꿈음. 자발적으로 병사가 된 백성들의 용기에 찬사흘 보내고 이들의 희생 덕분에 수군과 명 원군의 활악이 빛올 보게 되없다고 설명함 .,298,0,0,4,0.0,0.0,13.422818791946309
202210915,1,2019,2,한국사,사회,진로름 수학 분야로 희망하고 있어 주제 발표 시간에 조선의 수학 발전에 대해 조사하이 발표함. 개항 이후 근대 학문이 도입되면서 우리나라에 소개된 다양하 수학 서적 및 교과서에 대해 소개하여 진로에 대한 이해름 심 화시키논 기회블 가짐. 인물 담구 시간에 이상설에 대한 보고서클 작성함 . 헤이그 특사로 파견되어 활동한 내용에 대 해 서술하고 '산술신서'틀 편친하여 근대 수학의 기초v 마련한 점올 높이 평가함 .,231,1,0,1,4.329004329004329,0.0,4.329004329004329
202210915,1,2019,2,국어,국어,"1 학기보다 침착하고 바른 자세로 수업 시간에 임하려 노력함. 사회적 문제인 악쪽문제에 대한 해결 방 안에 대해 논술한 후 , 학급 내에서 악쪽 근절 문화 만들기 위한 규칙올 제정해 보는 활동에 참여하여 적극적으로 의 견을 내고. 친구들과 함께 정런본 규칙올 완성함 . 직접 동영상에서 욕설올 햇단 경험올 공유하고 상대방의 마음을 헤 아러 본 후, 욕설올 할 때마다 부여할 수 있는 패널티와 그 실용성에 대해 다방면으로 의견올 내녀 활약함 . 수학 교과서의 문제풀이름 꼼꼼히 하머 정리하는 등 평소 수업 준비가 철저하머 수학적 개넘이해률 확실히 하어 이틀 용용하는 문제에 적용할 수 있음. 기본적인 수학적 개남부터 원리 . 법칙까지 스스로 공부하여 팔목할 만큼 높은 학업 성취도 향상울 이끌어 내는 끈기와 인내름 가진 학생임 . 흔들리지 않는 평정심올 바탕으로 공부하는 습관올 가지고 잎 으며 이로 인하여 지속적인 성장울 이루어 냄 . 수학독서수업에서 수학자 히포크라데스의 인생과 기하학 연구에 대해 알아보먼서 수학적 재미와 흥미름 느껴다고 독서 감상문을 작성함. 영어 : 자유 주제 발표 시간에 학교애서 가르처주지 않는 영어리는 주제로 영어로 자료름 제작하여 발표함 . 실생활에 서 유용하게 활용할 수 있는 숙어 표현에 대해 이미지와 예시클 활용하여 발표자료흘 준비하엿으며 특유의   재치름 활 하여 청중의 집중도률 높임 . 짧고 기억하기 쉬운 표현들에 대해 간결하고 강렬하게  전달합 .",722,1,2,5,1.3850415512465375,2.770083102493075,6.925207756232687
202210915,1,2019,1,통합사회,사회,기온과 강수량 등의 기준애 따라 세계의 기후록 분류하고 백지도에 각 기후 지억올 표시한 후 기후 대에 따른 의식주 등 주민 생활을 발표함. 일본의 한국에 대한 백색 국가 해제와 기업의 직장인 스트레스 외면 등의 기 사름 읽고 일본의 보복성 수출규제 조치논 역사에 대한 반성 없는 일방적 조치로씨 국제 규범과 국제법에 위배 덥울 지적하고 우리 정부의 대응 방향에 대해 발표하는 등 기사을 임고 내용올 재구성하는 과정에서 다양한 사회 문제에 관 심올 표출함 . 정부와 지방자 치단 체의 환경 관련 법과 제도의 종류 . 제품의 생산 유통 - 폐기 단계에서의 기업의 환경 문 제 대책 . 모철 푸드의 소비가 지역 경제와 환경에 미치는 영향울 바탕으로 로철 푸드 소비의 필요성과 확대 방향 등에 대한 자신의 주장올 발표합.,399,0,0,1,0.0,0.0,2.506265664160401
202210915,1,2019,2,통합사회,사회,"세계화는 타문화에 대한 문화적 이질감올 최소화하고 , 다른 문화 이해하고 수용하는 개방적 태도 와 문화 다양성올 존중하는 태도록 형성하다 , 다양하고 저럼한 상품올 접할 수 있는 장점이 있음올 발표함. '미래 지구 9에서는 개별 국가의 영향력이 더 강화되까? 약화 월까?' 와 관련하여 브렉시트로 보는 국제 사회의 변화틀 발표하여 학급 친구들이 국제 사회의 흐름에 관심과 흥미름 갖고 학습할 수 있도록 합. (1 학기) 통합과학 컴퓨터 공학에  관심이 많은 학생으로 인공지능올 활용하 기후 예측 시스템 자료흘 조사하여 발표함 인공지능울 활용한 식물성 플광크톤 개체수 축정 방법, 기후변화 자료 수집올 위한 PACE 프로적트록 진행 중인 기 업의 연구 사례들 들어 친구들의 이해틀 도움 . 열감지 카메라가 장착되어 멸종 위기 농물 개체수 파악올 하는 인공지 능 드론 인공지능 원격제어로 에너지루 관리하는 기업의 'Ennet Eye', 머신러님올 활용하여 지구의 3차원 모습올 구 현하는 '어스규보' 등올 소개하면서 앞으로 자신이 연구하고 싶은 주제클 구체적으로 제시한 점이 우수함 . '원소의 성 질과 용도름 그림으로 표현한 주기울표 만들기' 활동에서 원자 번호 11번 나트콤올 선택하여 왼소 카드트 제작함. 나 트륭의 특징올 'Big Questions 118 원소' 책올 찾아 조사하이 발표함.",668,2,1,5,2.9940119760479043,1.4970059880239521,7.485029940119761
202210915,1,2019,2,기술 가정,기술·가정,기술 연구개발과정 가 단계에서의 표준화 과정올 요약하이 학습지에  정리하없으다 표준화의 역할 대하여 정리하여 발표함. 또한 실습 활동 시 창의적인 아이디어름 제시하여 정확히 30초 내에 쇠구슬이 꿀러칼 수 있는 구조물올 만들어내는데 근 기여름 하없음 . 또한 사신이 발명 가능하 발명 품이 대한 논술활동 시 구상노름 그리고 그 내용 및 특징에 대하어 논리적으로 서술하엿음 <진로 선택 과목> 성취도 성취도별 학기 교과 과무 단위수 | 원점수 과무평균 비고 (수강자수) 분포비율 이수난위 합계 과목 세 부 능력 및 특 기 사 항 해당 사랑 없음 <체육 예술> 학기 교과 과목 단위수 성취도 비고 체육 체육 예술 미술 B 체육 체육 B 예술 음악 이수단위 합게 10 과목 세 부능력 및 특 기 사 항 음악 음악 적인 흥과 끼가 많은 학생으로 특히 자신의 꿈을 렌으로 표현해 보는 활동에 높은 흥미름 보이다 즐겁게 참 여합 . '남들이 뭐라 해도 행운올 불러와 오늘도 즐겁게 열심히 살자' 라는 내용의 캠을 작성합 . 재치 있는 민스트 걸들여 2022년 12월 16일 11 / 22 반 번호 성명  --- Page 12 --- 과목 세 부 능력 및 특기 사 항 당당하게 캠을 발표하다 친구들의 흥올 이끌어 내있으머 . 다른 친구들이 발표할 때도 열핏 응원과 환호들 보내품 .,654,2,0,2,3.058103975535168,0.0,3.058103975535168
202210915,2,2020,1,생명과학 I,과학,"생명과학올 배우먼서 크게 흥미름 느끼고, 열의틀 보이면서 학습하는 모습올 보여둠. 특히   생명 과학올 열의클 나하녀 학습하는 모습올 보여중 . 과학적 담구 방법올 배위 과기부터 현재의 과학적 발견이 이뤄지는 과 정에 대하어 잘 이해함 . 대조실힘에서 대즈군이 꼭 필요한 이유름 정확히 알고 이름 논술함 . 수업시간에 늘은 내용올 보기종게 정리하고 이틀 성실하게 활용하어 교과내용올 심도깊게 이해하려는 모습올 보어p . 수업시간 중 이뤄지는 교사의 발문에 대해 매우 적극적으로 답변하여 문제름 맞추고자 하는 의지루 보여주없으머 , 실제 자신이 가진 많은 지 식올 바탕으로 수업내용올 효과적으로 홍수함.",336,1,0,2,2.976190476190476,0.0,5.952380952380952
202210915,2,2020,2,생명과학 [,기타,"인체의 면의과정올 명화하게 이해하여 세부 과정에 따른 인체의 방어 작용올 설명함 . 특히 , 특이 적 방어작용의 기작을 막힘없이 이해하고 , 이틀 이용하 질병의 두 가지 치료 과정의 차이점올 설명하없음 . 감수분-얼 과정에서의 염색체 이동올 명확하게 설명하고, 그 과정에서 해상과 DNA의 변화름 정확하게 서술함 . 또한 이 과정에서 다양성이 나타나는 이유름 설명하없음 . 개체군의 변동요인올 명화하게 이해하고, 이들이 작용함에 따라 나타나는 시 간에 따른 변화들 유형올 나누어 설명하는 모습올 보이p .",282,0,0,2,0.0,0.0,7.092198581560283
202210915,2,2020,2,지구과학 [,기타,"수업대도가 바르고 집중력이 우수하다 성취노가 높음 . 프로그래믿에   관심이 높아 이상기후와 지 구온난화 단원올 학습하고 국가 온실가스 인벤도리블 활용하여 소프트웨어률 개발하는 자료률 조사하여 발표함 . '국가 온실가스 인벤도리 산정 소프트웨어 둘의 설계 및 구현' 자료틀 설명한 후 앞으로의 지구 환경 변화 예측하고 대응 방안올 발표함. 천체와 우주 단원올 학습한 후 백빵 , 별의 진화 등의 내용올 컴퓨터 시물레이선으로 구현한 자료에 관 심이 생거 자료률 조사하여 발표함. 천체관속 프로그램 'Stellarium'올 다취보며 화성, 목성의 위치루 추정하고 직접 밤하늘에서 관족하려 노력함. 중국어 I : 교사의 질문에 잘 호응하고 . 발표름 잘 함. 교사의 중국어 질문에 자연스럽게 대답하고 , 간단한 간체자 문장 올 쓸 수 있음 . 중국문 화입기 독후활동에서 최근 중국청년 들의 창업정신 및 도전의식에 대해 관심올 가지게 뇌엇고, 본인의 진로에 대해서도 고민해보는 시간을 가짐 <진로 선택 과목> 성취도 성취도별 교과 과목 단위수 | 원점수 | 과목평균 비고 (수강자수) 분포비율 사회 ( 역사 도 여행지리 66/61.3 B(9O) A(14.4) B(36.7) C(48.9) 덕포함) 2022년 12월 16일 14 / 22 번호 성명 학기  --- Page 15 --- 싱취도 싱취도별 학기 교과 과목 난위수 원점수 과목평균 비고 (수강자수) 분포비율 사회(역사 노 어행지리 74/70.2 B(9O) A(32.2) B(42.2) C(25.6) 덕포함) 이수단위  합계 과목 세 부 능력 및 특 기사 항 여행지리 칭기 국립공원에 발날한 카렌필트의 성인과 형성 과정올 탑 카르스트와 비교해 설명하엿으면 뉴질랜드가 세계지도에 등장하기 된 역사직 배경올 시리상의 발건 시대와 관련하여 조사하고 피오르드랜드 국립공원에 발달한 현 곡과 방하호 등의 싱인올 기후 변동과 관련하여 설명함 . 산지 지리 여행의 심화학습으로 도레스 텔 파이네 국립공원이 위치한 칠레가 안고 있는 국내 문제름 뉴스 검색올 통해 조사하고 PPT틀 제작해 발표함. 특히 최근 벌어진 지하철 요 금 인상 반대 시위에서 보듯 철레의 불평등과 반부 격차 , 생활 물가 상승 등으로 인한 반고층과 서민들의 사회적 불만 올 해소하기 위한 정부 대책이 시급하다는 주장올 펼침 . 인제 방어 축제 , 화친 산친어 축제 등 기후 변화로 인해 여행 지로서의 매력이 웨손되고 있는 예름 조사하고 기후 변화 방지루 위한 차량 5부제 등의 대책올 제시하없으며 , 어류나 곤충 등 생물올 매개로 하는 축제 개최시 생태계가 파괴되지 않는 축제 운영 방향에 대해 진지한 고민이 필요함올 주 장험 . 한국의 서남해안과 동해안의 지형적 특징과 함께 경제: 관광적 가치름 비교 분석하엿으벼 한국의 감사르 습지름 조사하고 , 습지 여행 시 지켜야 할 숨지 보호 실천수칙올 PPT틀 제작해 발표함. 체육 예술> 학기 교과 과목 단위수 성취도 비고 체육 운동과 건강 체요 운동과 건강 이수난위 합계 과목 세 부 능력 및 특 기 사 항 해당 사랑 없음 [3학년 ] 원점수 과목평균 성취노 학기 교과 과목 단위수 석차등급 비고 (표준편차) (수강자수) 국어 독시 78/57.1(24.8) C(196) 수학 미직분 83/62.1(25. /) B(83) 수학 확출과 통계 94/55.1(25.1) A(196) 영어 독해와 작 영어 68/46.4(25.6) D(196) 문 기술:  가정/ 제2외 국어/한 환경 문   교양 2022년 12월 16일 15 / 22 번호 성명  --- Page 16 --- 원점수 과목평간 싱취도 학기 교과 과목 난위수 석차등급 비고 (표준민차) (수강자수) 기술:  가정/ 제2외국어/한 한문 I 45/48.1(18.2) E(96) 문  교양 국어 화번과 작문 54/46.6(24.1) E(96) 수학 미직분 39/45.1(23.1) FE(83) 기술:  가정/ 제2외 국어/한 환경 P 문  교양 기술:  가정 / 제2외 국어/한 한문 I 46/38.3(15.2) E(196) 문  교양 이수단위  합계 28 과목 세 부 능력 및 특기사 항 화법과 작문 : 선과 약에 대한 자신의 건해름 소개하기 위해서 다양한 저서클 인용하여 개요름 작성하고 구체적인 사 레틀 찾아 발표내용올 구성함 . 예상 독자루 분석하이 적절한 표현 방법울 사용하려는 바람직한 태도름 지념 . 자신이 수집한 자료의 출처름 명확히 밝혀 시간의 상대적 기념을 설명하는 글을 솜. 독서 : 자신의 관심 분야에  해당하는 다양한 책을 수업 시간에 읽으며 독후 일지름 작성함 . 꽉영직의 '양자억학은 처음 이지?' 틀 위고 오늘날 침난 정보 산입의 중심 과학 개념인 양자여학에 대해 이해함 . 빛의 파장과 관련한 배경지식울 떠 올리다 파동성과 입자성에 대한 부분올 확실히 알게 되는 계기름 마련함. 또한 다소 난해한 개념을 쉽제 설명하는 필 자의 글쓰기 능력올 긍정적으로 핑가함 . 김민 준의 '김민준의 이너스폐이스'틀 위고 나노로봇이 만들어지고 사용되는 과정에 흥미름 가지게 되엇으면 , 악성 종양올  제거하는 등 의로 분야에 활용되는 점에도 큰 관심올 갖계 팀 . 백신정의 내 안의 넥데이터률 깨워라'틀 읽고 인공지능과 넥데이터가 하는 일에 의해 구분되다는 것' 알게 되엇고, 빚데이터률 이용하여 자료틀 분석하는 답러님의 개념도 명확히 이해함. 인공지능 시대에 발생할 수 있는 다양한 문제름 해결하기 위해서 무엇보다 인간의 생각하는 능력올 발전시켜야 한다는 내용의 발표률 하여 학급 학생들의 공감올 얻음. 다지털 성범죄로 사용되는 스마트혼 몰카입 개발에 대한 기사을 읽고 사람의 능력노 중요하지만 양심올 기르는 것이 더 중요 하다고   생가하다 기사에 대한 의견올 작성합 . 미적분 : 다양한 문제름 풀어보며 꾸준히 수학 학습에 매진하고 , 수업올 경청하여 학습태도가 좋음 . 미분 수업 후 자신 의 진로인 컴퓨터 프로그래망과 관련하여 '드론 미직분'이라는 발표자로루 만들이 항공 촬영이나 물품 배송 등 드론의 이용에 대하여 소개합. 또한 드론의 3차원 운동에 대하어 직선운동 , 회전운동으로 나누어 직선운동에서의 힘은 가속 도름 만들어 가속도에 따라 속도가 변화하고 , 속도 변화들 적분하면 위치름 알 수 있다고 소개합. 또한 회전운동에서 논 구심력과 회진방향올 설명하다 오른 나사 법칙에 대하여 소개하고 이러한 직선운동과 회진운동 덕분에 드론이 3차 원 운동이 가능하다고 설명함 . 드론올 안정적으로 비행하기 위해서는 위치, 고도, 속도, 방향 제어 센서 , 나침반 기능, 기압계 , GPS 센서 등의 장치들이 정확하게 작동하도록 하는 코딩의 역할이 중요하다 고 설명합 . 이전에 드론올 코딩한 경험올 소개하다 미적분이나 3차원 운동에 대한 의식 없이 코딩올 하없지만 , 미적분이 사용되다논 것을 깨달아 매우 놀목고, 앞으로는 드론이 스스로 위치 변화량올 계산하여 다시 처음위치로 돌아갈 수 잎게 하늘 기술이 대해 연구하고 2022년 12월 16일 16 / 22 번호 성명  --- Page 17 --- 과목 세 부 능리 및 특기사 항 싶다는 포부릎 밝히고 미직분의 쓰임에 대해 잘 일기 팀 . 확출과 통계 : 문제름 끝까지 해결하고 내용올 완벽하게 이해하려 노력하는 화습태도와 주도적인 학습능l올 갖추고 있어 수학 성적이 우수함 . 칠판에 문제름 풀고 발표름 하여 수업분위기 조성에 기여함 . 중복조합 개념이 난해하여 이 해하기 어려워지만 아이스크림올 중복올 허용해서 사능 경우름 가정해 문제에 대한 이해름 높이고 풀이 과정도 정확 해적으머 교과에 대한 흥미름 높일 수 있있다는 소감올 자기평가서에 적어 제출함 . 조건부화물과 진단키트 관련 영상 올 감상하고 , 희망 진로 분야인 프로그램 종류에 따른 오류 분아에 조건부 확출올 적용해보고 싶다는 포부릎 밝힘 . 전 수조사클 하지 않는 이유애 대한 의구 심올 해결할 수 있엇고, 음성인데 양성으로 결과가 나온 경우 불필요하게 치료하 지 않기 위한 노력에 대해 찾아보고 싶다는 감상문을 작성함 . 정구분포록 학습한 후 게임에서의 화물결정번에 대한 발 표자로틀 만들어 발표함. 괜덤값이 출럭되는 방식울 소개하고 불합리하다 고 느끼지 않도록 하기 위해 약간의 확출을 조작해야 한다는 사실에 놀랍으미 아이템  뽑기 뿐만 아니라 게임 내에서의 다른 부분에서 확물의 활용에 대해 더 알아 보고 싶다는 인상깊은 발표 내용올 볼 때 화출분포에 대해 살 이해한 것으로 보임 영어 독해와 작문 : 수업태도틀 올바르게 가지려고 노리하는 학생으로 수업시간 중 본문 분석올 하려고 노리하다 이해 가 되지 않은 부분은 자주 질문하고 해결하려는 성향울 가지고 있음 . 식민지에서의 다중언어 현실에  관련본 영문 지문 원고 자신의 의견올 체계적으로 정리함 . 환경 : 영화 승리호록 감상하면서, 우주 쓰레기의 존재률 찾아 조사하여 봄 . 현재 상황에서도 우주 쓰레기가 사용되고 있는 인공위성에 막대한 피해름 입히고 지상에도 영향올 미침올 알게 뇌없고, 이틀 해결할 방법과 기술에 대하여 구상 하여 봄 . 친환경 발진으로 분류되는 태양광발전에 대해 진짜 친환경 적인지 조사하여 봄 . 태양광 패닐이 설치되어야 하는 공간적인 문제가 우리나라에 서는 심각하게 다가 올 수 있다는 주장올 확인함 . 현재 폐쇄과정올 거치고 앞는 원자 력 발전이 확실한 난점이 있기는 하나 , 가종 예상되는 문제름 대비하고 적용하면 현재 상황에서 더할나위 없이 효과적 일수도 있다고 판단함 . 한문 I 인터넷 사전 검색 방법을 배우고 자신의 이름올 찾아 의미블 부여해 보고 성.의 기원올 찾아보는 활동올 적 극적으로 합. 성어 '삼고초려' 틀 정확하게 한자로 쓸 수 있고, 김뜻과 속뜻올 구별하어 실생활에 활용할 수 있으머, 시 대외 인물과 사건올 요약하여 유래들 정리하여 발표함. 한시 '승인'올 압송하고 시구름 풀이할 수 있으며. 자가와 형식 주제 등 진반적인 배경 지식올 이해하고 표현할 수 있음. 반복적인 암송으로 시가 주는 여운올 느낌 수 있엿다는 소감 올 발표함. 이백의 '정야사' 에 등장하는 달올 도달하고자하는 꿈으로 날빛에 비친 서리내린 땅을 고통으로 표현하고 이 백과 자신의 처지름 비교하여으며 작가의 후회와 그리움의 소리가 들리논 듯하다 논 독창적이고 감성적인 감상을 발표 함 . 수업 내용올 단정한 글씨체로 필기하고 정리하는 습관이 되어 있음 . 수학과 과학 관련 교과에 나오는 개넘어들의 한자루 검색하여 그 의미블 더욱 분명히 하고자는 의지름 보임. '논어'에서 본인이 가장 좋아하는 구절 '배우기만 하고 생각하지 않으면 언는 것이 없고, 생각만 하고 배우지 않으면 언는 것도 없고 위대롭다 ' 눈 것을 소개하다 , 배우는 학생 로서 가져야할 자세라고 생가한다는 소감도 발표함. <진로 선택 과목> 성취도 성취도별 학기 교과 과부 단위수 | 원점수/ 과목평균 비고 (수강자수) 분포비율 1 | 과학 물리학 II 94/76.5 A(52) 1(46.2) B(44.2) C(9.6) 2022년 12월 16일 17 / 22 번호 성명  --- Page 18 --- 싱취도 싱취도별 학기 교과 과목 난위수 원점수 과목평균 비고 (수강자수) 눈포비율 과학 지구과학 II 100/73.5 A(34) A(52.9) B(14.7) C(32.4) 체육 스포츠 생활 39/64.6 C(196) A(19.4) B(41.3) C(39.3) 미술 감상과 비 예술 84/77.3 A(65) A(50.8) B(35.4) C(13.8) 평 기술 가정/ 제2외국어/한 공학 일반 82/70.2 A(83) A(43.4) B(26.5) C(30.1) 문  교양 수학 기하 30/31.6 C(83) A(2./) B(3.6) C(94.0) 영어 영어권 문화 29/32.6 C(157) A(3.8) B(5.1) C(91.1) 과학 물리학 II 3 85/67 A(52) A(23.1) B(48.1) C(28.8) 과학 지구과학 II 3 81/62.8 A(34) A(23.5) B(26.5) C(50.0) 체육 스포츠 생활 39/54.4 C(96) A(5.1) B(28.6) C(66.3) 미술 감상과 비 예술 54/66.5 C(65) A(2O.0) B(47.7) C(32.3) 평 기술:  가정/ 제2외 국어/한 공학 일반 40/44 C(83) A(4.8) B(14.5) C(80.7) 문   교양 이수난위 합계 32 과목 세 부 능 력 및 특 기사 항 기하 : 수업올 하늘 농안 흐드러짐 없이 집중하는 모습올 보이고 이해가 되지 않늘 부분에 대해서 적극적으로 의사표 현올 하여 수업분위기 형성에 많은 역할올 하는 학생임 . 영어권 문화 : 다른 나라의 식사예절 및 음식문화에 대해 찾아보머 문화의 다양성올 이해하고 나라마다 다른 생활 방 법 . 관습 , 대화 방식 등올 부분적으로 파악함 . 영상을 통해 숙박시설 이용 호텔서비스 이용, 서비스 관련 불만 표현 능 여행에 필요한 엉어회화 표현올 익히고 주요표현 및 단어률 체계적으로 정리함 . 엉상올 통해 세계의 나양한  전동문화 틀 감상하면서 나라마다 다른 문화 이해하고 다양한 관용적인 표현올 정리해서 의힘 . 물리하 II : 물리하 기본 소양을 단단하게 갖추고 있어 매 수업시간에  제시된 심화문제도 능숙하게 해결하는 매우 우수 한 학생임 . 평면에서 물체의 운동 분식 활동이서 베터흘 이용하여 가속도록 구하는 데 능숙하여 모퉁원의 리너가 되어 문제해걸올 주노하고 , 복잡한 구조물에서 돌림임과 힘의 평형올 이용하여 구조의 안정성올 명확하게 설명하는 영특하 먼이 있음. 수평으로 던진 물체의 운동올 분석하이 시간에 대한 속도와 가속도록 구하여 의미있논 결론올 추론함. 단 진자 주기 실험에서 실험 방법올 설계하고 수정하능 작업올 주도하여 정확한 데이터들 언으러는 노력올 지속적으로 하는 모습이 인상적이며 , 모퉁원과 토의름 주도하여 유의미한 결론올 도출해 냄. 양사물리학과 컴퓨터 프로그래망에 관심이 많아 양자동신에 대한 궁금증올 가지고 양자동신의 개요와 전망에  관련된 자료록 조사하여 파위포인트 파일로 발표합. 양자 키 분배 기술을 소개하면서 양자통신 기술이 보안분만 아니라 소량의 메모리로 근 용량의 정보률 전송하 논 데 유리하머 , 사물 인터넷 등에 활용할 경우 기술의 학신올 가져올 수 있다고 강조하고 , 동계열로 진학하여 기초 실 턱올 연마한 후 양자동신과 양자암호 개발에 참여하고 싶은 의지루 표명함 2022년 12월 16일 18 / 22 번호 성명  --- Page 19 --- 과목 세 부 능리 및 특기사 항 지구과학 II 프로그래망에 관심이 높아 '진로와 지구과학과 연계하기' 활동에서 '수치예보와 인공지능'올 주제로 발표 함 . 기상요소 보정 과정 , 수치모델 초기 자료 제작 시 인공지능이 활용되다는 사실올 제시함 . 수치모 델에 덥러님올 적 용하면 연산 속도와 예측 정화도 향상이 가능함올 강소함 . 자료동화 과정의 데이터 품질 검사 방법은 정해진 범위 이 상의 관족값을 감지하기 힘들기 떼문에 보완율 위해 터러님 모델올 사용하다고 설명함 . 합성급 신경망과 순한 신경망 의 두 가지 모델올 그림으로 알기 섭게 제시하고 , 합성급 신경망은 정7 화된 버전의 다층 권센트론으로 수치모델 관족 자료 품질 김사 과정에서 음성이나 이미지 인식에 주로 사용되올 알림. 예보  성능의 향상울 위해 수치모델에 포함된 다양한 물리변수 값을 다당한 냄위안이서 최적화하는 것이 필요한데 , 이 때 마이크로 유전알 고리처이라는 인공지능 기법을 활용한다고 설명함 . 미세먼지의 심각성올 구현한 소프트웨어 영상을 본 후 자료큼 제작하여 발표함. 아두이노 로 미세먼지 즉정기름 직접 제작하이 학교와 가정의 대기 질올 즉정한 결과을 상세히 정리하이 실명합 . 천체관족 소프 드웨어 '스텔라리움'으로 천체의 지평 좌표와 적도 좌표들 찾아 차이 점올 설명함 . 스포츠 생활 : 조용한 성격으로 동료록 배려하는 버려심이 깊고, 수업에 열심히 참여함 . 탁구 경기에서 포랜드스트로 크 시 안정된 자세로 임-트가 정확합 . 미술 감상과 비평 선입건과 고정관남에서 탈피한 마르실 뒤상의 작품 '셈'올 감상하면서 고정관념올 버리면 새로운 세상을 바라보게 볼 수 있다는 뒤상의 메시지클 이해하는 계기가 팀_ 공학 일반 공학적 사고 기법을 학습한 후 스캠퍼 기법에 대하여 설명하고 기법이 적용본 발딩품올 제시하는 보고서 틀 작성함 . 발명보고서에  제시된 캠핑카을 3D) 모델림 프로그램올 학습한 후에 3D)로 모델림 함. 학교 내 안전하지 암 은 공간 , 물품올 찾아 해결하는 보고서에서 책상의 가방 고리 앞부분이 보족하여 안전사고가 발생할 수 있다고 생각하 고 안전사고름 해결하기 위한 방안으로 가방 고리의 앞부분올 부드러운 형태로 제작할 것울 제시함 . 학교 내 안전 관 련 보고서의 내용올 짜임새앗게 스토리보드로 작성한 후 주제가 명확하게 드러나는 동엉상을 제작함 . 컴퓨터 네드위 크 및 데이터 암호에 대하여 학습한 후 (언어 및 파이씬 등의 프로그래망 언어의 역사에 대하여 친구들이 일기 쉽게 발표함 . <체육 예술> 학기 교과 과목 단위수 성취도 비고 이수난위 합계 과목 세 부 능력 및 특기 사 항 해당 사항 없음 7. 독서활동상황 화년 과목 또는 영역 늑서 활동 상황",8354,5,2,13,0.5985156811108451,0.23940627244433804,1.5561407708881974
202210931,1,2019,1,영어,영어,독해지문 발표활동에서 지문의 내용올 효과적으로 전달하없으며 다양하 구문에 대한 이해력올 보여 춤.,54,0,0,0,0.0,0.0,0.0
202210931,1,2019,1,통합사회,사회,"사회 독서활동 담당으로 독서 시간마다 책임감올 갖고 책올 운반하고 정리하는 등 대부분의 학생들이 꺼리 논 일흘 자발적으로 지원하여 성실히 역할을 수행함. '시장 참여자들의 바람직한 역할' 이라는 주제로 정부   기업가, 노동자 등의 시장 참여자들이 해야 할 바람직한 역할울 조사하엿으다 , 또 다른 시장 참여자인 소비자가 할 수 있는 운리적 소비는 무 엿인지 의미와 사례름 보고서로 정리함 . 또한 상대적으로 약자인 노동자름 위한 법규와 권리름 알아본 후 정리함",258,1,0,1,3.875968992248062,0.0,3.875968992248062
202210931,1,2019,2,통합사회,사회,"자원의 의미와 종류물 분류하고 , 주요 에너지 자원에 대한 특징과 소비 실태 , 자원의 분포와 소비에 따른 문제점올 다양한 자료블 활용하여 정리한 후 보고서로 작성합 . 또한 , 에너지 자원올 둘러산 지역 간 , 국가 간의 분쟁올 자원 민족주의의 개념을 활용하이 설명하고 소개함.",156,0,0,0,0.0,0.0,0.0
202210931,1,2019,1,통합과학,과학,"관성 법칙 , 운동량   충격량의 적절한 과학원리블 적용하여 머리 보호대 설계도틀 그러 제출함 . 모든원과 토 의하여 친환경 제설제로 가장 적절한 물질올 찾아 유용성올 포스터로 정리하여 제출함 . 과학 이론이나 보도 자료률 이용하여 수권과 지권의 상호작용올 조사해 생명 유지에 어떻게 기여하는지 보고서로 제출함. 수소   헬름의 선스패트럽올 관찰한 후 그림으로 그러 제출하없고 스틱트컵 종류과 특징올 정리하여 제출함 . 다양한 티 속에 들어있는 성분들올 조사해 산 염기 반응 의 과학원리블 정리하여 제출함.",283,2,0,0,7.067137809187279,0.0,0.0
202210931,1,2019,2,통합과학,과학,"'호소의 활용 신문 만들고 발표하기' 수업에서 호소의 활용에 관한 검색올 적극적으로 하여 조원들과 공유 함. 호소의 활용에 관해 검색한 것울 노트에 정리하여 정보름 모으고 활발하게 토론하고 도움. '지질시대의 환경과 생물올 조 사하고 설명해주기' 수업에서 조원들과 함께 교과서와 컴퓨터클 이용하여 '지질시대의 구분 기준' 올 스스로 공부하고 핵심 내 용과 그림올 충실하게 정리함 . 다른 조의 발표름 경청하고 내용올 정리한 후 , 자기 조원에서 성실하게 설명해 중 , 열핏 질문  --- Page 7 --- 정부24 과목 세 부 능력 및 특기사 항 으로 궁금한 점을 알아내고 개념을 체계적으로 완성함. 과학담구실험 : 자유낙하와 수평 방향으로 던진 물체의 운동 실험올 동영상 분석 프로그램올 이용하여 분석한 결과틀 표에 정 확하게 기록함. 원소 카드 만들기 활동에서 마그네숨과 아르관의 성질과 용도름 정리하여 포스터로 제작함 . 안전 장치 중에 서 긴급 제동 시설에 대한 과학적 원리블 정리하여 제출함. 문어 빨판 부착소재의 장점과 성질올 포스터로 그려 제출함. 기술 . 가정: 주변에서 쉽게 접할 수 있는 다양한 건축물올 교과서의 내용과 접목하여 이해하는 능력이 뛰어나고 독서활동올 통해  건축물의 구조적 특징올 스스로 알아 가려는 담구력이 돈보임. '구본준의 마음을 품은 집'올 임고 놀이동산 굽마루을 예 로 들어 건축물이 인간의 삶에 미치는 영향울 발표함. 새로운 아이디어가 새로운 가치름 창출함을 이해하고 주변에 필요한 생 활용품올 3D모델딩 프로그램올 이용하여 자신만의 아이디어로 구현해 보미 미래사회에 필요한 기술적 역량울 기름: <진로 선택 과목> 성취도 성취도별 학기 교과 과목 단위수 원점수 과목평균 (수강자수) 분포비율 이수단위 합계 과목 세 부 능력 및 특기사 항 해당 사랑 없음 <체육 . 예술> 학기 교과 과목 단위수 성취도 체육 운동과 건강 예술 미술 체육 운동과 건강 예술 미술 이수단위 합계 과목 세 부 능력 및 특 기사 항 운동과 긴강: 친구들과 어울러 운동하는 것올 좋아하다 항상 에너지 넘치는 모습으로 수업에 참여함. 학급 체육부장과 짝을 이루어 체육 수업이 흥미롭고, 때로는 즐거운 경쟁이 덜 수 있도록 하는 데 큰 역할울 하여으며, 팀별 경기에서 젓울 때도 실 망하기보다는 팀원들올 격러하고 상대 팀에게 박수름 보내는 모습올 보여중. 늘 예의 바른 태도로 교사틀 대하여 수업 진행에 도움올 주는 학생으로 . 수업이 조금 숫게 끝나 다음 수업 준비름 위해 바쁘 와중에도 수업 중예 사용하 교구름 꼼꼼하게 정 리하는 등 배려심과 성실함이 돌보임",1275,3,2,4,2.352941176470588,1.5686274509803921,3.1372549019607843
202210931,1,2019,1,미술,예술,풍속화물 패러디하여 재구성하는 수행에서 김홍도의 작품 '활소기'올 재구성하여 표현함. 그리하여 원작에 그 려진 인물들올 총소기 훈련올 하는 군인들로 바뀌 그러님 . 원작에서 느껴지는 동양화직인 의습신 표현올 잘 살덧으머  원작 의 의미름 명화히 알고 재구성하여 표현하고자 노력하는 모습올 보임. 더 나아가 '군대는 가야 하는가 '라는 재치앗는 제발을  --- Page 8 --- 정부24 과목 세 부 능력 및 특기사 항 적어넣어 자신의 작품 의도름 드러님.,255,0,0,1,0.0,0.0,3.9215686274509802
202210931,1,2019,2,미술,예술,"시아노타입 기법울 활용하 자화상 그리기 수행에서 자신의 얼굴올 연속선 드로입올 활용하여 그러내고 , 이률 투명 필름에 네임편올 이용하여 베i 그런 뒤 기법의 순서에 맛취 만들어님 . 제작 과정에서 학생의 드로엉 능력의 우수함올 발견함.",131,1,1,1,7.633587786259541,7.633587786259541,7.633587786259541
202210931,2,2020,1,과학움합,기타,"25개의 연구 주제물 예시로 주고 자기 질문 리스트 중에서 '검종 가능성 영역 '의 '아이디어가 구체적이고 검증 범위가 좁은가? '라는 질문올 위의 25개 연구 주제에 적용해 평기한 다음 미혼하다고 생각한 연구 주제 4개틀 선택하여 그 연구 주제가 가지고 있는 문제점올 쓰고 수정 의견을 제시함 .  팀원들끼리 토론올 통해 보완 , 수정하여 '친환경 발전기의 에너지 효율' 올 주제로 연구계획서 초안올 작성함.",229,3,0,1,13.100436681222707,0.0,4.366812227074235
202210931,2,2020,2,과학움합,기타,"서로 다른 분아에 관심을 가진 친구들과 모듬올 구성해 진행한 음합 주제 담구에서 공학 분야름 담당함. 원 걱의로률 주제로 담구햇논데 ,   모든원들과 함께 토의하는 과정올 통해 다양하 시각에서 생각해보는 계기률 가짐. 페임램 3분 과학도크에서논 사물인터넷과 해굉의 위협성에 대해 흥미롭게 소개합 <진로 선택 과목> 성취도 성취도별 학기 교과 과복 단위수 원점수 과목평균 (수강자수) 분포비율 체육 스포츠 생활 76/71. 5 B(265) A(24.5) B(52.8) C(22.  --- Page 11 --- 정부24 성취도 성취도별 교과 과목 단위수 원점수 / 과목평균 (수강자수) 분포비율 예술 미술 창자 91/85. 3 A(136) A(73.5) B(22.1) C(4. 과학 과학과제 인구 94/84,4 A(111) A(75.7) B(18.9) C(5 체육 스포츠 생활 80/68.2 A(265) A(26.8) B(42.6) C(30.6) 예술 미술 창작 88/82.9 A(135) A(74.1) B(22.2) C(3.7) 이수단위 합계 12 과목 세 부 능력 및 특기사 항 과학과제 연구: '노이즈 캠플림올 활용하 충격 소음 완화' 에 대해 조사함. 총간 소음 문제로 이웃과 다툼이 일어나는 뉴스들 에 착안하여 조원들과 함께 실험올 계획하고 아이디어 회의블 하고 보고서름 쓰는 과정에 협력해서 실험 보고서름 완성함. 특 히 특정 장소에서 소음올 발생시권 후 축정하 소음의 파형올 완화시키기 위한 노이즈 캠슬림 장치률 만들 수 있는 알고리롬올 만드는 역할울 맡아 함. 가설울 증명하기 위한 실험올 하면서 파형올 축정하고 이틀 노이즈 캠술림하는 결과을 언는데 어려 옮이 있있지만 조원들과 토의와 시도름 반복함으로써 인위적으로 발생시권 충격 소음올 원화시켜 출럭하는 데 성공함 . 세군 배양 실험에서 주의해야 할 유의사항에 대해 명확히 인지하여 주의 깊게 주변올 살피며 실험올 진행함 . 클린 벤치 내에서의 미생물의 분리 및 배양 작업에 능숙하고   마이크로피끗과 원심분리기 등의 실험기구 사용법올 완벽하게 숙지함 . 기초담구실 힘 역량 강화률 위한 담구활동에서 퍼센트 농도 , 물 농도 . 몰말 농도름 식으로 표현하고   특히 몰농도의 개념올 이해하여 용 액올 붉겨올 때 농도 변화물 계산함. 스포츠 생활: 체육 활동에 관심이 맘고 친구들과 어울려 운동하는 것율 좋아함 .  집단지성 전술 운동 컬림 경기에서 하우스 티 에 스톱올 붙이는 능력이 뛰어나머 스컵 역할올 훌륭하게 수행함 .  플라입 디스크 수업에서 백핸드 던지기 자세기 안정직이 며, 몸의 중심 이동과 손목의 스맵이 좋아 디스크름 정확한 방항으로 던지는 능력이 뛰어남 . 특히 목표물 맛히기 부문에서 성 취기준 (15 회풀 던저서 11회 이상 목표물 맛히기) 올 넘어서논 실력올 발휘함.",1372,5,1,5,3.6443148688046647,0.7288629737609329,3.6443148688046647
202210931,2,2020,1,미술 창작,예술,"직업 명함 디자인 활동에서 자신이 좋아하는 일과 잘하는 일올 진지하게 고민해보고 이률 바탕으로 자신 에계 어울리는 직업올 바이오 산업과 컴퓨터 프로그래망 관련 산업의 창립자라고 활동지에 서술함. 직업의 특징올 시각적 이 미지로 표현하고자 다양한 정보름 담색해 나가는 적극성올 보없으머 프로그래망 언어와 회사 건물의 형태 ,  컴퓨터 , 톤니바퀴 등올 나타날 이미지로 선정하여 아이디어 스레치루 함. 직접 조립올 하여 회사 건물의 형태가 만들어지는 독특한 명함 디자 인으로 제작하기 위해 다양한 재료로 실험햇으머  건물의 창문은 프로그래망 언어름 연상켓 하도록 표현하여 회사 건물의 정 체성울 드리내 전달하고자 하는 직업 명함 디자인의 목적성에 부합하다 독창적인 아이니어가 돌보이는 작품올 완성함.",389,1,0,0,2.5706940874035986,0.0,0.0
202210931,2,2020,2,미술 창작,예술,"미술 활동이 긍정적이고 직극적인 자세로 참여하는 학생으로 , 이모티곤 디자인에서 이모티곤이 개념올 이 해하고 다양한 감정올 탄색한 뒤 친구름 주인공으로 한 표정 이모티롬올 재미핑게 디자인하없으머 , 수업올 통해 시각 문화 속 예서 이미지의 다양한 전달 방식울 이해하고 활용하는 능력올 기름. 울아트에서 조형 요소와 원리풀 활용하여 주제의 특징에 적합한 표현 방법으로 작품올 제작함 . <체육 . 예술> 학기 교과 과목 단위수 성취도 이수단위 합계 학기  --- Page 12 --- 정부24 과목 세 부 능력 및 특기사 항 해당 사랑 없음",301,0,0,1,0.0,0.0,3.3222591362126246
202210931,3,2021,1,한문 [,교양,창의 한자 만들기 시간에 회의자가 만들어진 원리블 이용해서 멀다 (원) 과 잇당울 (연)올 합처 멀리서도 이어 진다는 의미름 나타내는 불무투스(두) 자름 완성함 . 또한 형성자가 만들어진 원리름 이용해서 기계 (계) 와 말씀 (어)름 합처 기 게와 말울 하는 언어률 나타내는 코딩(어) 자루 완성함.,167,0,0,0,0.0,0.0,0.0
202210931,3,2021,2,한문 1,기타,"한자루 필순에 따라 한 확 한 확 정성껏 쓰면서 한자루 익히고 해석순서에 맞게 해석해 보러고 노력함 . 독서 의 장점과 병페름 논하는 글을 쓰면서 자신이 손 단어 중 '독서'와 ''모단기' 틀 한자로 쓰고 뜻풀이름 하며 '어머니(모) ' 한자 의 3요소물 설명함 . 조선시대의 여류시인인 허난설현과 이욕봉에 대한 영상울 보고 감상문올 작성하면서 '백년해로' , '비육지 단'올 한자로 쓰고 뜻풀이름 하면서 우리말 속에 쓰이는 한자어름 이해하기 위한 한문학습의 필요성올 인식함. 논술: 제시본 글을 얇고 '종교적 자유에 따른 양심적 병역 기부' 에 대한 논기름 제시하는 글쓰기에 참여함. <진로 선택 과목> 성취도 성취도별 학기 교과 과복 단위수 원점수 / 과목평균 (수강자수) 분포비율 과학 불리학 I 65/64.0 B(108) A(28.7) B(32.4) C(38.9) 과학 화학 I 89/63,0 A(110) A(16,4) B(51.8) C(31.8) 과학 생명과학 I 56/68.1 C(105) A(27.6) B(43.8) C(28.6) 과학 지구과학 I 55/65. 3 C(115) A(33.9) B(32.2) C(33.9) 수학 수학과제 담구 60/70.2 B(115) A(50,4) B(13.0) C(36. 영어 심화 영어 독해 50/49.0 C(260) A(4.2) B(20.0) C(75. 과학 물리학 I 72/46.7 B(108) A(7.4) B(20,4) C(72, 과학 화학 I 70/44.5 B(110) A(6.4) B(9.1) C(84.5)  --- Page 14 --- 정부24 성취도 성취도별 학기 교과 과목 단위수 원점수 / 과목평균 (수강자수) 분포비율 과학 생명과학 I 63/80.9 B(105) A(6O.0) B(23.8) C(16 2) 과학 지구과학 I 57/53.8 C(115) A(10.4) B(31 3) C(58. 3) 이수단위 합계 26 과부 세 부 능력 및 특기사 항 수학과제 남구: '양자역학 컴퓨터와 21세기 수학' 이라는 주제로 수학과제담구클 진행함 . 신행연구틀 통해 양자역학과 관련한 많은 논문올 읽으미 연구의 기반을 마련함. 수능준비로 바뿐 가운데서도 틈틈히 수학과제타구름 위해 시간을 할애하여 연구 하는 열정올 보임. 주제밤구 수업에서 다양한 수학적 주제름 제시함으로 수업에 참신한 아이디어률 더합. 심화 영어 독해 I : 다양한 주제에 관한 긴 글을 위읽고 우리말로 해식하여 글의 주제 , 세부 정보 등올 작성활 수 있음",1220,1,1,3,0.819672131147541,0.819672131147541,2.459016393442623
202210931,3,2021,1,물리학 I,과학,"우리 생활과 관련된 다양한 물리학 담구 활동에 즐거운 태도름 가지고 참여함 . 놀이기구의 물리학 찾기 활 동에서 자이로드움의 정리 원리와 바이굉의 작동 원리블 주제로 발표 자료률 제작함. 영구 자석 사이에 금속울 넣울 때 생기 눈 와전류가 자기장의 반발력올 발생시키 제동되올 명료하게 제시함 . 또한 단진자 운동올 적용하여 바이굉의 작동원리블 설 명함. 물리 이론올 담구하고 이날 수식으로 표현하는 활동에 적극적으로 참여합 . 행성의 운동에 대한 과학 논술 작성 활동에서 커풀 러가 제 3법칙올 제시하게 된 배경 설명 자료름 읽고나서 캐플러 제3법칙이 뉴단의 중력 법칙올 만족한다는 관계식올 유도해 냄 친구들에게 들려주고 싶은 나만의 물리학 발표 자료 만들기 활동에서 광전 효과루 주제로 발표 자료틀 제작함 . 광전 효과는 광자가 금속에 속박 되어 있는 전자와 충돌햇올 때 전자가 방출되는 현상임올 설명함 . 물리학에 대한 관심이 많아 수업 중에 학습한 내용과 관련지어 스스로 담구하는 우수한 자기주도 학습 능력 올 보이미, 다양한 담구 활동 과정에서 자신이 맡은 역할 에 책임감을 가지고 임람.",557,0,0,4,0.0,0.0,7.1813285457809695
202210931,3,2021,2,물리학 I,과학,"수업에 적극적으로 참여함 화학 I : 학문적 호기심과 학습 열의가 매우 높고 집중력이 좋아 수업 시간에 배운 내용의 이해가 빠르 모르는 부분은 망설 이지 암고 질문하다 학습함. 특히 문제들 풀 때 주어진 조건올 파악하여 해결책올 제시하는 시간이 상당히 빠르 자신만의 풀이법올 가지고 있기도 해 이틀 친구들과 공유하다 학습하는 모습이 인상적임. 과학 뿐만 아니라 수학적 사고력도 우수하여 계산이 빠름 . 이상기체 방정식울 이용하여 기체의 분자량올 즉정하는 실험올 올바른 방법으로 수행하고 , 물중탕 과정에서 발 생할 수 있는 온도 축정에 대한 오차틀 줄일 수 있는 방안올 발표함 . 외부 압력이 증가햇올 때 물의 녹는점과 끓는점의 변화 틀 상평형 그림으로 설명함 . 높은 산에 올라가면 밥이 설익는 이유름 증기압력곡선으로 설명함 . 화학 문제 만들기 활동에 참 여하여 '액체와 고체' , '산 염기 평형 '과 관련된 문항울 만들고 풀이함 . 특히 산 염기 평형의 문항 수준이 높아 친구들이 수소 이온 농도 지수와 평형올 학습하고 내용올 다시 정리하는데 도움올 춤; 생명과학 II : '세포소기관' 에 관해 친구늘에게 적극적으로 발표하고 친구늘과 서로의 정보물 공유함. 친구늘의 발표블 경청하 면서 인상적인 내용올 정리하고 질문올 기록하여 과학적 사고력올 넓히고 의사 소통의 역량울 기름. 지구과학 I : 편광 현미경 하에서 광물의 이방체와 등방체틀 구별할 수 있음. 해수의 정역학 방징식에서 수심이 10m 깊어질 때마다 수입은 약 1기압씩 증가하게 되올 배우고  이름 좁더 구체적으로 이해하기 위하여 토리엘리의 대기압 실험 . 기압의 단 위들간의 관계물 이용하여 이늘 증명하는 보고서물 작성함 .  --- Page 15 --- 정부24 <체육 . 예술> 학기 교과 과목 단위수 성취도 체육 체육 체육 체육 이수단위 합계 과목 세 부 능력 및 특 기사 항 체육: 핑소 농구에 흥미름 가지고 있어 패스 연습 시 주도적으로 참여하여 활발한 수업 분위기름 조성함 . 패스템 공을 받을 때 팔울 뻗없다가 끌어당기는 동작에 숨은 충격량의 원리률 이해하고 안정적으로 패스률 받기 위해 반복해서 연습함. 농구 좌 우 골믿숫 동작올 연습하면서 잘못된 자세름 개선하기 위해 노력하여 수업 후반부에는 눈에 띄게 자세가 좋아지고 기록도 향 상팀 행동특성 및 종합의견 학년 행 동 특 성 및 종합 의 견 자신이 맡은 일에 최선올 다하는 성실한 학생으로 종례가 없는 날이나 청소름 자율적으로 맡긴 날에도 스스로 남아 시 교실 뒷정리름 하고 청소가 미진한 곳을 찾아 마무리하는 학생임. 일 년 동안 학급 안전관리 도우미로 활동하다 이동 수업올 할 때 문단속올 하고 전등과 선풍기 관리록 하머 학급의 환경과 안전올 지키논데 기여한 바가 금 . 진로 에 대한 확고한 생각올 가지고 있으머 구체적인 계획올 세위 성실히 준비하고 있음. 단순히 유명하고   힘이 잇고  권 력이 있는 사람이 되고 싶다는 생각에서 출발하여 , 사회에 필요한 기업 , 청름한 기업 , 그래시 세상올 바꿀 수 있는 기업올 만들고 싶다는 생각으로 자신의 진로름 점점 구체화하고 있으며, 이름 애플리키이선 개발을 통해 이루고 싶 어합 . 교내 창업연구 동아리에서 활동하다 창업 아이디어 기획서클 작성하고   그 아이디어름 바탕으로 애플리키이선 개발을 위해 고민하없음 . 뇌의 넥데이터와 신경세포홀 이용하 의료기구나 몸이 불편한 어린이와 노인들올 위한 애 플리키이선과 같은 사회의 약자와 보살관이 필요한 사람들올 위한 서비스 개발에 많은 관심을 가지고 발전올 위해 꾸준히 노력하고 있음 무덤하고 소달한 성항의 학생으로 , 예민하지 암고 어떤 상황이튼 불하게 웃어님기는 여유름 지니고 있음. 유머러스 하고 재치가 있어 대체로 교우 관계는 원만한 편으로 , 친구듬과 두무두무 잘 지념 . 이공계열 과목 (수학 , 물리학 등) 에 깊은 흥미름 가지고 있으대, 평소 쉬는 시간이나 점심 시간에도 수학 문제집올 놓지 못할 정도로 수학 문제 풀이 에 대한 집중력이 뛰어남 . 본인이 잘하거나 즐거하는 일에 대해 물없올 때 복잡한 문제름 읽고 풀이 과정올 연쇄적으 로 씨내려가는 것울 꼼을 정도로 논리적 연산 과정올 좋아함 . 컴퓨터름 다무는 것율 좋아하여 항후 성인이 되어 코딩 관련 스타트업 회사름 창업하는 것율 꿈꾸고 있으며, 이름 입시와 언계지어 구체적인 대입 전락올 수립하고자 노력 함. 단순히 이공계열 과목에서만 두각을올 드러내는 짓이 아니라 ,  철학 , 심리학 등 인간 본언의 기절에 관심을 가지고 있어 최근 재미핑게 읽은 책으로 '데미안 (혜로만 혜세) '올 꼼음  학급 내 1인 1역할에서 '분리수거 ' 름 맡아 일년 동안 철저히 분리수거름 하없으다 , 이 과정에서 합리적인 분리수거름 위한 분류  보관 , 수거 등에 관한 새로운 규정올 제 안하고 실천함. 밝고 명강하다 낙천적인 성격으로 친구늘과 어울리논 것울 좋아함 . 어린아이 같은 순수한 모습과 더불어 학급에 도 움의 손길이 필요할 때면 언제는 나서서 열심히 임하는 믿음직한 면도 있는 학생임 . 진로에 대해 많은 고민율 하면서 해야 할 일올 체계적으로 계획하여 열심히 임함. 인사루 잘하고 사람늘과 두루 친하게 지내며 자신이 해야 할 일에 자기  --- Page 16 --- 정부24 학년 행 동 특 성 및 종합 의 견 최선올 다해 열심히 함.  --- Page 17 --- 정부24 학교생활기 록 부 (대입전형용) 성 명 인적 사랑 주민등록번호 위 사람의 학교생활기록부 (대입전 형용) 사본임올 증명합니다. 20",2695,3,0,11,1.1131725417439704,0.0,4.081632653061225
202211046,1,2019,1,국어,국어,CEDA방식 토론 활동에서 '5.18 광주 민중항생관련 역사 왜곡처벌은 제정되어야 한다' 라는 논제에 대해   팀원 이 함께 토론올 준비한 후 개요서와 입혼서률 성실하게 작성하없으녀  실제 토론에 적극적으로 임하는 등 좋은 토론자의 자세 늘 보임.,138,1,0,0,7.246376811594203,0.0,0.0
202211046,1,2019,2,국어,국어,혼자 공부하다가 문법 부분에 부족함올 느껴 선배님과 자발적으로 매주 스터디름 함. 시험 기간을 제외하고 맨 토멘터 활동하면서 1학기보다 2학기의 문법 성적이 실제로 향상팀 . 활동울 하면서 외우는 것이 아난 이해률 하는 과목임울 알게 팀,132,1,0,0,7.575757575757576,0.0,0.0
202211046,1,2019,1,수학,수학,"제1기 학습장터의 또래교사로 참여하여 '다항식의 덧심과 빨셈 에 대한 수준별 학습자료물 제작하고 , 장터에 참 여한 학생들올 지도함(2019.04.18,) . 제2기 학습장터의 노래교사로 참여하여 '평면좌표' 에 대한 수준별 학습자료물 제작하고 , 장터에 참여한 학생들올 지도함 (20 19.06.26 ) ,",172,0,0,1,0.0,0.0,5.813953488372093
202211046,1,2019,2,수학,수학,"이차함수의 주어진 구간에서의 최대 ,. 최소트 구하는 과정에 어려움올 느껴으나 , 그래프룹 분식하고 여러 경우 물 생각하다 알아가는 과정올 거침. 어려운 문제는 어느 부분에서 막히논지 파악하고 그것올 해결하기 위해 많은 고민올 함. 적극적으로 발표하고 수입에 입하머 , 교사가 주어진 미선올 해결하러 수학적 사고름 하는 학생으로 명제에서 '까마귀의 역설' 에 대해 조사 후 발표함. 선분의 외분점에서 증명울 알려주지 암은 부분에 대해 스스로 고민해보고 외분점울 구하는 과정이 논리적으로 합당할지 응용해보는 시간을 가짐. 토론하다 과제틀 해결하는 모습이 바람직함. 제3기 학습장터의 노래교사로 참여하여 '충분조건과 필요조건'에 대한 수준별 학습자료지 제작하고 , 장터에 참여한 학생들올 지도함 (2019.09.27.). 제4기 또래교사 학습장터에 참여하여 '순열조합' 에 대한 수준별 학습자료름 제작하고 장터에 참여한 학생들올 지도함 (2019. 12.03 ) . 영어: 학기 중 방학을 가리지 암고 교과서 전 단원 및 짧은 글 32개에 등장하는 주요 어위 2,000여 개름 교사가 제공한 온 라인 이뭐 학습도구틀 활용하여 상시 학습함. 특히, 해당 교재클 학교 수업에서 학습하고 나면 당일 방과 후나 다음 날 등교 시간에 지체없이 자신이 모바일 기기름 활용하여 복습한 기록이 관찰팀 . 플래시카드   귀즈 등 다양한 학습유형으로 단계별 성취도물 스스로 점검함. 매 단어 목록의 학습이 완료되면 친구들과 함께 참여하는 복숨 게임에 도전함으로써 반복학습의 지 루함에서 탈피하여 스스로 학습의 즐기움올 추구햇으면 ,  친구들과 서로의 성취도물 확인해주는 협동적 배움올 실천하없음. 높은 성취도가 나올 때까지 게임올 수 차례 반복하는 모습 , 모퉁별 독해 과제름 해결 중에 난이도가 높은 과제에 맞낙뜨리면 쉬는 시간까지도 열핏 토론올 이어가다 끝내 과제플 해결하려는 모습   부숨 과정에서 생긴 의문점에 대해 교사와 토론올 이어 가기름 어러워하지 암는 모습 등으로 보아 과제 집차력이 매우 우수하고 학습동기가 높은 것으로 생각팀. 제 1, 3, 4기 학습 장터에 학습자로 참여하여 분사구문과 관계부사 등 다양한 어법항목들올 익히고 2, 8과 본문에 대한 내용올 학습함.",1098,4,0,4,3.6429872495446265,0.0,3.6429872495446265
202211046,1,2019,1,통합사회,사회,"통합사회 모든 귀즈 환동(2019.05.07.)에 적극적으로 참여하여 다양한 사상가들의 운리 이론과 사상을 귀  --- Page 8 --- 정부24 과목 세 부 능력 및 특기사 항 즈름 통해 개념화하고 , 모퉁원들올 주도적으로 이끌어 정답올 찾아가는 과정올 모퉁원들과 공유함. 통합사회 영역 중 일반사 회 부분인 법 파트에 관심울 보임. 특히 기본권의 형성과정과 역사적 전개과정올 통해 인권이 어떻게 발달하게 되없는지에 대 해 심도 앞게 담구하는 모습올 보임.",257,0,0,3,0.0,0.0,11.673151750972762
202211046,1,2019,2,통합사회,사회,"다양한 사회 불평등의 양상울 영화름 통해 이해하고 차별과 불평등의 원인올 각 사례별로 분석하여 이름 해결하기 위한 개인적 , 사회적 차원의 노력에는 어떤 것이 있는지 자신의 생각울 활동지물 봉해 표현하고 모움원들과 공유 제4기 학습장터에 참여하여 '국제사회의 행위 주체와 그 역할', '남북분단과 놓아시아 역사 갈등의 해결' , '지속 가능한 발전' 에 대한 내용올 학습함 (2019.12.02 ) . '공간불평등에 따른 건강불평등 문제와 해결방안 올 자율심화담구 주제로 선정하고 공간불평등과 건강불평 등의 의미, 사례 , 해결방안울 일복요연하게 발표함.",310,1,0,3,3.225806451612903,0.0,9.67741935483871
202211046,1,2019,1,통합과학,과학,"물질올 이루는 기본 입자의 생성 , 수소와 헬름 원자의 생성에 대해 조사하여 학급 친구들에게 발표함. 원자 의 생성 과정올 백빵 이후 순서대로 그림으로 설명함으로씨 친구들이 쉽게 이해하는데 도움올 춤. 제1기 학습장터의 또래교 사로 참이하이 '물의 순환과 에너지 균형 , 물질 순환과 생명 현상' 에 대한 수준별 학습자로름 제작하고   장터에 참이한 학생 들울 지도함.",206,1,0,1,4.854368932038835,0.0,4.854368932038835
202211046,1,2019,2,통합과학,과학,"고생대의 환경 ,  생물에 관하여 수업 중 발표하고 지질시대 전반에 대한 심화 주제 보고서클 작성함. 제3기 , 제4기 노래교사 학습장터에 참여하여 '세포 내 정보의 흐름' , '유전자 이상과 유전 질환' 올 학습하고 '전기에너지의 수 송'에 대한 수준별 학습자료블 제작하여 참가 학생들올 지도함 . '체르노빌'올 보고 원자력 발전의 기본 원리에 대해 쉽게 이해 합 수 있있으머 , 과학자가 갖고 있어야 함 운리적 책임감의 중요성에 대해 깊이 공감함. 지구온난화에 미치는 이산화반소의 역할울 직접 확인하기 위한 모의 실험올 친구들과 함께 기획하여 실행함 . 드라이아이스와 석회수름 이용하여 이산화단소 양울 조절하여 밀페된 공간의 온도 변화에 미치는 영향울 즉징하없고 방법적 문제틀 해결하 기 위하여 지속적으로 교사와 토론하는 등 진지한 자세로 담구함.",420,1,0,4,2.3809523809523814,0.0,9.523809523809526
202211046,1,2019,1,과학담구실험,기타,"용수철에 매달린 물체의 무게에 따른 용수철의 길이 축징 결과틀 바탕으로 그래프름 그리논 담구 환동 에서 액설 프로그램울 이용하여 결과 정리 , 평균값 산출 , 그래프 그리기 및 추세선 함수 구하기록 훌륭하게 수행함. 또한 질 향울 모르는 물체가 매달력올 때의 용수철의 길이 데이터와 앞서 구한 주세선 함수틀 이용하여 물체의 질량올 직절하게 추정 하없음 충돌 안전 장치름 표현하는 수행평가에서 엘리베이터가 추락하는 상황에 대한 만화루 그리면서 엘리베이터의 안전 장치가 어떤 원리로 사람울 보호해주는 지루 표현함.",285,0,0,0,0.0,0.0,0.0
202211046,1,2019,2,과학담구실험,기타,"영재학급 1학년 과정 수학 . 과학 영역 (100시간) 100시간을 이수함. 철원과 울륭도의 기후률 조사한 후 이률 바탕으로 두 지역 사이의 기온과 강수량에 어떤 차이가 있는지물 세밀하게 비교함 또한 대도시와 시골의 연평균 기온올 조사하고 액설올 이용하여 그런 그래프블 분석하여 연평균 상승기온올 구하없으면 , 차 이가 나타나는 이유름 조원과 토론하이 기록함. 담구 활동 과정에서 뛰어난 자료 수집과 토론 능력올 보임. 기술 . 가정 : 한복과 창의적인 의생환 단원과 관련하여 한복에 대하여 심화 담구름 실시함 . 신라시대 , 고러시대 , 조선시대 , 개 화기의 시기별 한복의 변화물 조사하고 한복의 특성과 우수성에 대하여 다양한 내용올 자세하게 조사하여 발표함. 각 시기의 핵심 내용올 잘 파악하고 준비한 내용에 대한 이해도가 높으머 목소리 톤과 발음이 좋아 내용 전달력이 우수함 . 침청단 기술의 세계에서는 제조 기술 중 3D 프린팅에 관심을 가지고 의미와 특성 , 종류 , 인쇄 과정에 대하여 자세하게 조사하여 발표함. 발 표 자료의 구성이 종고 직접 출러한 결과물올 가져와서 소개하는 등 열의물 가지고 참여함 . 떡볶이 세계화 수행평가에서논 준 비 과정올 동영상으로 촬영해 올 정도로 준비성이 높고 성실하게 실습에 임합. 매 수업 시간마다 바른 수업 태도름 가지고 수 업에 임함. 4차 산업력명올 주제로 한 논술 수행평가에서 조사한 자료름 바탕으로 근거률 제시하다 논리적 사고력과 판단력 올 발휘하여 자기의 주장올 논리정연하게 잘 서술함. 매 수업시간마다 바른 수업 태도물 가지고 수업에 임하없으며 수업시간 마다 수입기록표에 수입한 내용과 느낌점 , 새롭게 알계된 점 등올 꼼꼼하게 기록하미 정리하는 성실성이 돌보이는 학생임.  --- Page 9 --- 정부24 과목 세 부 능력 및 특기사 항 진로와 직업: 1년 동안 수업에 성실히 임하없으다 수업태도가 단정함 . 수업시간 수행한 모든 과제풀 완성도 앞게 제출하없으 며 , 자기주도학습플래너클 작성하여 교사에게 확인 받음 (1년) . 주제 담구에 '날개 없는 선풍기 ' 틀 발표함. 날개없는 선풍기의 과학적 원리에 호기심이 생겨 그 원리에 대해 조사하여 발표함 . 친구듬로부터 '동영상으로 보완 설명올 해주어 더 잘 이해할 수 있있다' , '원리하 잘 알고 있다' , '발표주제플 선택하는 아이이어가 중앉다' 등의 피드백올 받음. PPT자료플 성의 핑게 만 들없으미 발표름 조리핑게 친구들이 이해하기 심도록 잘 함. 전교에서 수업 태도가 가장 좋올 만큼 수업 태도가 반듯하다 모 논 활동에 성의 앞게 참여하는 모습이 예쁨 <진로 선택 과목> 성취도 성취도별 학기 교과 과목 단위수 원접수 / 과목평균 (수강자수) 분포비율 이수단위 합계 과목 세 부 능력 및 특 기사 항 해당 사랑 없음 (체육 예술> 학기 교과 과목 단위수 성취도 체육 체육 예술 음악 예술 미술 : 체육 체육 예술 음악 예술 미술 이수단위 합계 과목 세 부 능력 및 특기 사 항 체육: 항상 수중은 미소로 수업시간에 적극적으로 참여하는 학생으로 다른 학생들올 배려하고 열심히 운동하려고 노력하는 친구들올 응원하는 학생임 열심히 운동하고 싶은 상황에서도 심판으로 자원하고 누군가 해아하는 물품 정리에 적극적으로 참여하는 심성이 곱고 착한 모습올 보임.",1611,3,2,8,1.86219739292365,1.2414649286157666,4.9658597144630665
202211046,1,2019,1,음악,예술,"1학기 도우미로 자원하여 음악실 준비 및 뒷정리 , 악기 분배 및 수함   수업 및 수행평가 보조 등 맡은 일올 성실 하게 수행함. 소금으로 제주의 왕자 (작곡: 양방언) 물 연주하면서 주법의 변화와 악곡의 프레이즈클 매끄럽게 처리하여 완성 도름 높임 . 좋아하는 음악울 선정하여 장르 , 음악가 음악의 특징 등올 조사하여 보고서름 작성하엿으미 그 내용이 충실하여 보고서 작성의 모범이 팀. 서양 고전음악 (고대 ~바로크) 과 한국 전통음악 (삼국 ~고려) 올 실제 음악과 연결하여 듣고 작곡가, 악곡, 각 시대별 특징올 구별하는 학습 능력이 뛰어남  --- Page 10 --- 정부24 과목 세 부 능력 및 특기사 항",347,2,0,1,5.763688760806916,0.0,2.881844380403458
202211046,1,2019,2,음악,예술,"여러 가지 음악활동에 적극적으로 참여함 . 알토 리코더의 올바른 연주법올 익히고 Over the rainbow(영화 오즈의 마법사 삼입곡) 률 정확한 박자와 주법으로 연주함. 서양 고전음악 중 고전파와 낭만파시대 음악 , 한국 전동음악 중 조 선시대 음악의 작곡가 , 악곡 , 각 시대별 음악직 특징올 이해하고 실제 음악과 연결하여 듣고 구분하는 학습 능력이 뛰어남. 음악 관련 직업 가운데 작곡가름 선택하여 준비과정 , 구체적인 업무  대표적인 인물(기업) ,  직업적 전망을 조사하여 보고서름 작성함 . 보고서 각 영역의 내용이 충실하면 성의껏 작성하없고 작곡가에 대해 보다 구체적으로 이해하게 팀. 미술: 미술과목에 대한 열정이 있어 수업에 진지한 자세로 참여함 .  주제에 대해 충분히 고민해서 아이디어률 도출하다 여러 이야기 요소틀 한 화면에 조화롭게 구성함. 특히 입체조형 수업으로 휴대포 기치대 만들기에서 좋아하는 스누피 캐릭터클 활 용하여 매우 섬세하고 꼼꼼하게 거치대름 제작함 . 다양한 재료의 특징올 잘 이해하고 끈기 앞게 작품올 완성햇으며 , 수업에 필요한 준비물올 한 번도 빠침없이 챙겨오고 성실하게 수업에 참여함.",580,2,0,3,3.4482758620689653,0.0,5.172413793103448
202211046,2,2020,1,물리학 I,과학,물체의 운동에서 시간에 따른 가속도 그래프름 시간에 따른 속도 그래프로 변환하고 해석하는 능력이 우수,56,0,0,0,0.0,0.0,0.0
202211046,2,2020,1,생명과학 I,과학,"매시간 학습 프린트률 배부하고 전날 사항올 안내하는 과학도우미름 맡아 책임감 앞게 활동하면서 원활 한 수업이 진행월 수 있도록 모든 구성원들에게 도움올 주려 노력함 . 인체의 방어 작용과 관련된 '혈액형 판정과 수험 관계 조 사하기' 실험에서 담구 과정에 따라 적극적인 자세로 현액올 채취한 후 각 현청올 이용해 자신의 현액형올 정확하게 판정하 고, 그 결과물 바탕으로 수헬 관계물 작성하는 등 과학적으로 팀구하는 모습올 보여p.",240,2,0,2,8.333333333333334,0.0,8.333333333333334
202211046,2,2020,2,생명과학 I,과학,"수업 시간에 생물 다양성의 보존에 대해 학습하고 ,  과일 껍질 및 채소홀 활용하 기름 제기 방안에 대해 ppt틀 작성하여 발표함.  기름 유출 사고 소식올 집한 후 친환경적인 방법으로 기름을 제거할 수 있는 방안을 고심하여 다양 한 과일 껍질 및 채소물 이용해 기름 제거 효과루 실험하엿으며, 그 결과루 체계적으로 정리하여 설명함. 이 과정올 봉해 나 중에 관련 분아에 진학하여 주가적으로 연구하고자 하는 앞으로의 자신의 포부름 밝힘 . 중국어 [ : 수업태도가 바르머 학습내용에 대한 이해도가 높고 말하기, 임기, 쓰기, 듣기 등 언어의 4대 기능에 대한 고른 성 적올 나타님. 수학체 험환동의 일환으로 실시된 미적분 실험교실 (2020.11.13. 2시간) 에 참가함 . 미소영 여에서 곡선올 관찰하여 순간변화 울, 미분가능 ,. 속도 백터에 대해 직관적으로 이해하고 의미블 재확인함 . 원의 넓이와 삼각형 넓이 실험올 통해 무한급수률 이 용하여 정직분올 정의하는 수학적 원리블 알고 의미블 체감함 . 또한 정의억이 자연수인 함수에서 무게중심올 찾고 이 원리블 확장하여 곡선형태 도형들의 무게중심을 정적분으로 유도하고 무게중심 평이름 제작함 . 실험 과정올 잘 이해하여 원하는 곁 과물 잘 이끌어 냄. <진로 선택 과목>  --- Page 13 --- 정부24 성취도 성취도별 학기 교과 과목 단위수 원점수 / 과목평균 (수강자수) 분포비율 수학 기하 83/612 A(78) A(25.6) B(35.9) C(38.5) 체육 스포츠 생활 78/78.0 B(227) A(41.0) B(57.3) C(1.8) 예술 미술 창작 95/78.8 A(175) A(53.7) B(31.4) C(14.9) 수학 기하 81/59,2 A(78) A(24,4) B(33.3) C(42. 3) 체육 스포츠 생활 84/81.6 A(222) A(58.6) B(41. 4) C(0.0) 예술 미술 창작 100/92.5 A(170) A(97.6) B(O.0) C(2.4) 이수단위 합계 12 과목 세 부능력 및 특 기사 항 기하: 수업올 새로운 것울 배우고 아는 것도 한 번 더 정리하는 기회로 생각하고 집중함. 시간이 흐름수록 하나의 담에 이르 눈 두 가지 이상의 방법울 찾아보는 발전적인 변화글 보임. 이차곡선과 평면백터 수업에서 매시간 자발적으로 핵심내용과 문제풀이름 점식 받음. 공간도형 수업에서는 도형성질올 그림 표현하고 문제물 분석하는 활동과제풀 6차시 모두 완수함. 이차곡선 초점반사성질의 공학적 활용사례틀 들고 원리블 기하학적으로 증명함 . 종이름 접어 포물선 , 타인올 만들고 접히 선 이 접선임올 설명함 . 유리함수 xy=1의 그래프의 꼭짓점과 조점올 구하고 이 함수가 쌍곡선의 정의률 만족함올 보임 이차곡선이 접선올 3가지 방법으로 구함. 정사면체의 꼬인 모서리가 수직임올 정의 및 내적의 2가지 방법으로 구함. 정팔면 체의 이면각의 크기름 삼수선정리 ,  정사영 넓이의 서로 다른 2가지 방법으로 구함 백터방정식에 내포된 원과 직선의 성질올 직관적으로 설명하고 농점의 위치넥터에 대한 내적의 최대값 올 구함 . 보조선올 그어 평면경유 최단경로 ,  평면위 선분까지 최단거리   접평면으로 자른 다른 구의 최대단면 조건올 찾음 정의에서 내적공식올 유도하고 백터의 함축성올 강조하다 중점연 결정리률 중명함. 스포츠 생활: 2학기 체육부장으로서 코로나 기간으로 안전올 위한 방여조치로 개인 간격올 유지하고 스트레청음 실시하없으 며 학급 친구들이 마스크률 쓰고 안전한 체육활동올 할 수 있도록 도움올 주없음   건강체력올 위한 스트레청올 주노하여 학급 친구들이 수업올 위한 준비운동올 철저하게 실시할 수 있도록 모범이 되없고   수업 물품 정리블 위해 시키지 않아도 스스로 봉사하고 , 체육 수업 장소름 사전에 확인하는 등 책임감 있는 모습으로 생활함. 미술 창작: 매시간 적극적으로 수입에 임하머 수업 준비물올 한 번도 빠지지 암고 챙겨오는 등 성실함이 돕보임 정물 소요의 대상으로 효과적으로 그길 수 있는 정물올 선정하고 빛의 방향에 따라 변화하는 명암 단계률 통해서 사물올 주의 깊게 관찰하고 묘사함 .  관찰력이 있어 사물의 밝음   중간 , 어두운 톤올 명확하게 파악하다 세밀하게 연필의 단계물 조절해서 풍부한 흑백의 톤음 만들어님 . 캠리그래피름 배우면서 글자의 배열과 형태 , 구성이 중요하다는 것울 느끼고 다양하 서체률 봇 팬 또는 위터브러시률 통해 충 분히 연습함 . 관심이 있는 서체름 중심으로 연구하고 글자 형태름 다듬어서 최종적으로 자신만의 서체로 의미 있는 문구름 만 들어 캠리그래피 업서률 제작함 . 또한 전각이관 무엇인지 다양하 사례들올 통해 이해하고 전각용 지우개에 초형인 또는 성명 인율 새거 완성도물 높임. 스니커즈 디자인에서는 화기적으로 디자인 형태름 변형하여 모양을 다듬고 , 조화로운 색과 패련 ,  일러스트 등올 그러 넣어 완성도 핑게 마무리함. <체육 . 예술> 으로  --- Page 14 --- 정부24 교과 과목 단위수 성취도 이수단위 합계 과목 세 부능력 및 특기사 항 해당 사랑 없음",2476,4,0,6,1.6155088852988693,0.0,2.4232633279483036
202211046,3,2021,1,화학 I,과학,"수행 평가에서 기체의 온도   압력, 부피 , 돌수 사이의 자료름 이용하이 관련 법칙올 잘 제시하없고 , 액체의 증기않에 대한 정의 및 액체의 증기 압력 곡선올 그래프로 나타내다 외부 압력에 따른 증기입과 꿈는점의 관계플 매우 잘 설 명함 . 실험 시에 학우들과 눈빛 교환율 하며 본인의 의견올 명확히 제시하고 , 다른 학우의 생각올 경청하고 적극적으로 참여 하는 모습올 보임.",211,1,0,1,4.739336492890995,0.0,4.739336492890995
202211046,3,2021,2,화학 I,과학,"화학 전지 및 염화나트름 수용액의 전기 분해 담구블 수행하고 각 전극에서 생성되는 물질과 산화락원 반응 이 일어남울 설명함. 생활과 과학: 성실하고 차분하면서 긍정적인 태도로 수업에 임합. 의복의 소재 ,  기능 등에 관련된 과학적 원리 및 개념에 홍 미름 가지고 이와 관련한 자료루 조사하고 의문점올 질문함.",173,1,0,1,5.780346820809248,0.0,5.780346820809248
202211046,3,2021,1,체육 담구,기타,"1학기 동안 진행된 타바타 운동에 꾸준히 참이하는 과정올 통해 다양한 운동방법과 효과루 학습하없으다, 스스로 체력수준올 진단하고 , 자신의 체력울 보완하기 위한 본인만의 타바타 프로그램 '지구력 지키기 ' 률 만들고 영상울 찰 영하여 제출함 . 지구력 향상이라는 목표 갖고 수업시간에 배운 다양한 동작올 조합하여 목표에 맞는 적절한 동작올 구성  --- Page 17 --- 정부24 과목 세 부 능력 및 특기사 항 배드민터 종목에서 습득 및 응용에서 탁월하 능력올 보/으머, 개인의 기당과 별개로 팀으로 이뤄지는 복식 경기에서 상대적 으로 실력이 부족한 학생이 편안하게 경기에 참여하도록 겪러하고 함께 하는 모습올 통해 다른 학생들이 자신감울 갖고 수업 에 참여할 수 있는 분위기틀 형성하는데 크게 기여합",395,1,1,2,2.5316455696202533,2.5316455696202533,5.063291139240507
202211046,3,2021,2,체육 담구,기타,"플행크에 참여하는 과정에서 자신의 체력수준올 진단하고 , 포기하고 싶은 순간율 인내하는 끈기름 배움 플라입디스크 연습올 봉해 던지기 자세의 원리블 배우고 실천함 <체육 . 예술> 학기 교과 과복 단위수 성취도 이수단위 합계 과목 세 부 능력 및 특기사 항 해당 사랑 없음 행동특성 및 종합의견 화년 행 동 특 성 및 종 합 의 건 생활 주변 현상에 대해 남다른 관심올 가져으미 매사 진취적인 태도로 학습 활동에 참여합 . 주위 환경에  심계 힘쓸리 지 암고 나의 주관에 따라 판단하고 신중하게 행동하는 결단력이 돈보이다 , 한번 정한 목표에 도달하기 위해 끊임없 이 노력하는 묶심이 있음. 모든 일에 진취적이고 자신감이 많으미 , 특히 모든 도의학습에서 종종 리더의 역할올 맡아 협동적 자세로 문제틀 해결하는 데 매우 직극적임 . 비판적 사고습관과 왕성한 호기심이 늘 끝없는 질문거리블 만들 어내없으머, 교과 수업이 끝난 뒤 쉬는 시간이면 칠판 앞에 분필올 들고 서서 배운 내용에 대해 친구들과 열성적으로 토론하는 모습올 종종 보/음. 과학수업이 있엿던 어느 날 쉬는 시간에는 직전 수업 시간에 미처 다 배우지 못한 빚 뱉이혼에 관한 자신의 끊임없는 호기심올 성도하엿고 , 궁금증이 해걸이 덜 때까지 끈질기게 해당 주제름 파고들다 친구들과 대화하는 모습이 관찰팀 . '그냥 외우면 덜 일인데 무엇올 그리 답답해 하느나 ' 눈 친구들이 반응에 , 자신은 이해가 되어야 비로소 진짜 배운 것 같은 느낌'이라는 답을 할 정도로 , '알멩이가 있는 공부' 틀 향해 진정한 열의블 품고 있는 학생임 1학기 학급회장으로 코로나 기간에 학급 안정화가 필요한 상황에 학급올 위해 봉사도우미 역할올 자원하고 학생들의 보건 위생 및 안전올 가장 노력한 학생임 . 심성이 착하고 교과 선생버들이 가장 신회하는 대표적인 한 명으로 서 학급 친구들에계도 항상 친절하고 교과 선생님들께도 인사도 바르게 교과 선생님들과 친구들에게 칭찬을 맘 이 듣고 있음 원격 수입 기간에도 학급 공지사항 전달에도 노력하고 . 친구들에계 수업과 관련된 전달사항울 안내하는 등 시키지 않아도 학급올 위해 열심히 노력하는 학생임 . 학교 규칙올 준수하는 바른 학생으로 2년 동안 단 한번도 벌점올 받지 않울 정도로 정해진 규칙올 잘 지키고  교복도 바르기 입으미 항상 단정한 모습으로 생활하여 다른 학생들의 모범이 팀 . 학급 규칙올 실행하는데 자신에계 애매한 상황(청소문제)이 발생하없올 때 , 담임교사의 마음을 헤아길 줄 아는 모습으로 자신도 학급 규칙올 똑같이 적용해 달라머 생활하는 등 마음이 더 예쁘 모습올 보임. 정보통신분아름 희망하는 학생으로 손으로 만드는 것올 좋아하고 . 성실하고 착한 마음으로 어떤 분아에서든 자신의 여할 그 이상의 것울 해널 수 있는 앞으로 미래가 더욱 기대되는 학생임. 위해 하여  --- Page 18 --- 정부24 학년 행 동 특 성 및 종합 의 견 웃어른에 대한 기본적 예의블 갖추고 잇고 교우관계 원만함 . 본인이 관심을 가지고 있는 분아에 대해선 집중력올 발 취하고 목표 의식이 확고해 성취옥도 높은 편임. 학업적인 면에서 교과 수업시간에 충실햇으며,  자기관리 능력이 우 수하고 학습 계획올 세위 자기주도적 학습올 하는 모습이 인상적임 .  본인의 진로와 관련해 자기 발전올 위해 꾸준히 노력하고 준비하마 무엇보다 긍정적인 태도름 가지고 있어 향후 발전이 기대되는 학생임.  --- Page 19 --- 정부24 학 교생활기 록 부 (대입전형용) 인적 사랑 위 사람의 학교생활기록부 (대입전 형용) 사본임올 증명합니다. 2025년 1월 19일 Ff문교 r 열 끝 전화번호 02-998-2929",1789,3,1,9,1.6769144773616547,0.5589714924538849,5.030743432084964
202211047,1,2016,1,과학,과학,"성간 공간에서 원자들의 충돌과 공유결합올 통해 안정한 수소와 질소 분자 , 그리고 일산화단소, 암모니아와 같은 간단한 화합물이 생성되올 잘 설명함.",82,0,0,0,0.0,0.0,0.0
202211047,1,2016,2,과학,과학,"5분 스피치 활동올 통해 전 시간에 배월던 암울 일으키는 유전 요인과 환경 요인   여러가지 암의 진단법 ,  3가지 암의 치료법 , 암의 예방법올 친구들에계 설명하다 전시학습과 본시학습의 연결을 도앞고 , 환동 후 교과선생님과 질의응답올  --- Page 11 --- 과목 세 부 능력 및 특기사 항 하머 정확한 과학적 개념들올 재정리하없음. 과학관에서 진행된 천체관속교실 (2016. 12. 19.)에 참가하여 각종 전시물올 직접 체험하다 과학적 원리롭 깨닫는 시간을 가정 으미 간이 망원경 제작올 봉해 국절망원경과 반사망원경의 구조와 원리블 이해함 . 천체투영실에서 각종 별자리와 천체 운행 에 대한 원리학습 및 실제 천체 관혹을 통해 과학에 대한 담구 의욕올 증진시키는 계기가 팀 달의 위상변화에 대해서 잘 이해하여 달의 위상이 상현   망 , 하현일 때 태양-지구-달의 위치률 그림으로 그러서 잘 설명함 < 체육 . 예술 (음악 / 미술) > 1학기 2학기 교과 과목 비고 단위수 성취도 단위수 성취도 운농과건강생 체육 예술 (음악 / 미 음악과생활 술) 예술 (음악 / 미 미술문화 이수단위 합계 과복 특 기 사 항 해당 사랑 없음",583,2,0,1,3.4305317324185247,0.0,1.7152658662092624
202211047,2,2017,1,문장촌,기타,"경기도교육청 교육과정 글러스터 운영교로 양주고에 개설된 문장촌 과목을 이수함 . 논리적이고 의미가 명화 한 문장울 쓰는 힘이 있음. 문학의 창작 과정이 건축학적 과정과 연계되는 면올 잘 이해하고 시와 수필 쓰기에서 자신이 씨야 할 내용올 조직화하는 능력이 뛰어남. 꾸준한 글쓰기 학습올 통해 논리적 글쓰기 , 문학적 글쓰기에 대한 재미틀 느끼고 있으 며 특히 짧은 단문 표현올 통해 자신이 의도하는 바름 서술하는 문장 쓰기에 관심을 갖고 . 정화한 의미름 전달할 수 있는 문 장울 쓰기 위해 노력함.",279,0,0,3,0.0,0.0,10.752688172043012
202211047,2,2017,2,문장촌,기타,이과 학생으로 문장촌 수업올 들으면서도 항상 성실하고 진지한 태도로 적극 참여하없음. 특히 건축에 짓든 인문학적 사유에 대해 관심올 갖고 이에 대해 고민하는 모습올 보여 앞음. 창작 및 사회적 이J와 관련된 글쓰기 시간에 적극 적으로 자신의 의견올 발표하고 정리된 논리로 글을 서술하없음. 지적 호기심이 높아 새롭계게 알게 되는 지식이나 사회적 현실 예 대해 깊은 관심을 보이고 보다 깊이 잎게 알기 위해 적극적으로 수업에 입하는 태도름 보엿음 중국어  : 외국어 학습의 가장 중요한 목표인 의사소통 능력올 키우기 위해 평소 수업시간 외에도 중국어 사용음 즐거하는 모습올 보엿으다 교과서에 있는 내용 외에노 자신이 알고 싶은 표현올 기억해 두없다가 질문하는 등 호기심 맘고 열의에 찬 모습이 인상직임 < 체육 . 예술 (음악 / 미술) >  --- Page 14 --- 1학기 2학기 교과 과목 비고 단위수 성취도 단위수 성취도 체육 스포츠문화 예술 (음악 / 미술) 미술창작 이수단위 합계 과목 특 기 사 항 해당 사랑 없음,518,0,0,5,0.0,0.0,9.652509652509652
202211062,2,2020,1,한국사,사회,"삼국을 소개하는 글쓰기에서 백제름 선택하여 백제의 긴국 과정과 국호의 변화에 대한 일화름 소개하고 유적 과 유물들에 대해 설명함. 현재 대한민 국의 문제점올 역사적 사실과 연결하여 해결 방안올 모색하는 글쓰기에서 경쟁에서 승 리하기 위한 불법적인 방법올 비판함 . 입시 비리와 정기고사에서의 비리 등올 세도정치 시기 과기 제도의 문란함과 연결하여 공통점올 도출함 . 불법적인 행위름 방지하기 위해서 정부 기관의 꾸준한 감찰이 필요하다 고 주장함,",249,0,0,2,0.0,0.0,8.032128514056224
202211062,2,2020,2,한국사,사회,"일제의 식민지가 본 이유률 분석하고 자주 독립올 위한 길을 모색해보는 글쓰기에서 울미사변에서 아관파천 에 이르는 사건들올 식민지로 전락시권 계기로 꿈음 올미사번과 아관파천올 거치면서 우리가 자주성올 상실하고 외국으로부 터 힘율 빌려 간섭올 받게 된 것이 문제 엿다고 역설함. 자주 독립올 지키기 위해서 일본이나 러시아에 치우치지 않은 중립적 인 인재이 등용과 함께 근대 학문의 교육  군사 개릭올 추진해야 한다고 주장함. 독서: 행복이라는 농일한 화제에 대해 서로 다른 관점과 형식으로 창작년 글 세 편올 위고 주제 농합적으로 비교하다 읽어 나 감. 특히 꾸때 씨의 행복 어행에서 접한 꾸때 씨가 느낌 행복의 의미가 가장 와당앗다고 발표하엿는데 , 지금 이 순간과 하나 가 되어 존재할 때 비로소 진정한 행복올 느낌 수 있다는 것에 공감하는 자세름 보임. 더 나은 미래률 위해 현재름 희생하는 것도 충분히 의미가 있젯지만, 그 현재의 과정올 충분히 즐기고 만족올 느끼미 세상의 아름다움올 알아야 근원적인 행복감이 채워지는 짓임올 이해함 . 나아가 본인도 현실에 충실하다 만족하는 삶올 영위할 것을 다짐함 . 이렇듯 하나의 작품올 접하면 그것올 자신의 삶과 접목시켜 내면화하는 적극적인 감상태 도물 보임 문학: 고대 , 중세 , 근현대 , 현대문학까지 시대별 문학 대표 작품올 노표로 일목요연하게 정리함. 특히 감승옥의 서울 1964 년 겨울올 읽고 개미 . 여관 방. 익명화본 등장인물이 상징하는 바가 무엇인지 생각해 보고 산업화로 인한 인간소외 , 소통 단  --- Page 9 --- 정부24 과목 세 부 능력 및 특 기사 항 절의 문제는 현대 사회에도 계속되 고 있음올 지적함 . 또한 한국사 회만의 문제는 아니고 프관츠 카프카의 변신에서도 보듯이 이는 산업화로 인해 여러 나라가 겪는 부작용임울 인지하고 이률 해결하기 위한 대안으로 무엇이 있울지 문학노트에 적으며 비판적 사고름 함. 기본적으로 문학 작품의 감상 방법에 외재적, 내재적 감상이 있다는 것올 잘 알고 있으미 낯선 작품이 등 장해도 소설은 인물; 사건 , 배경 . 그리고 시논 화자의 상황과 정서에 기초하여 해석하는 문학감상능력올 갖추고 있음 수학 I : 수열 단원에서 등차 , 등비수열 이외의 패m에 대해 궁금증올 느끼고 수입 시간에 실시한 수행평가 과제담구 주제로 생활 속에서 발견할 수 있는 화금비나 피보나치 수열 ' 올 선정함 . 토끼 번식 이야기에서 출발하여 피보나치 수얼에 대해 정리 하여고 정오각형 안의 별이나 현대 사회의 필수품인 신용카드의 규격 ,  파르데논 신전이나 피라미드에서 볼 수 있는 항금비틀 조사하없음 . 피보나치 수열의 이웃하는 두 항 사이의 비과 항금비에 수렵함올 알게 되어 재미앗고 놀라워다고 함. 우리 일상 생활 속에서 직접적으로 보이지 않지만 숨어 있는 수학적 원리블 알게 되엇고 조사하는 과정에서 피보나치 수열이 자바물 이 용하여 코딩하는 내용올 접하고 주후 더 깊은 연구름 하고 싶다는 포부름 밝힘 , 수학 I : 거리블 미분하면 속도 , 속도하 미분하면 가속도블 구할 수 있다는 학습 결과블 토대로 실생활에서 속도와 가속도릎 활용한 도로 과속단속 시스템의 원리가 궁금하여 수행평가 과제담구 시간에 '속도와 가속도름 이용하 도로 과속단속 시스템 분석' 이라는 주제클 선정하여 남구함. 그 결과 과속 단속 카메라는 세가지 종류가 있으머 각각 이동식 , 고정식 . 구간식으로 나누어 운영되다는 것' 알게 팀. 이동식 과속단속 카메라는 부스름 도로변에 여러개 설치하고 부스 안의 카메라의 위치름 임 의로 이동시켜 운전자들이 함부로 과속하지 못하게 하는 기능이 잎고, 고정식 과속단속 카메라는 전방 20-30미터부터 센서 물 통해 일정 지점올 지나는 순간의 순간속도 , 평균속도틀 구함으로씨 운전자의 과속올 방지하다 , 구간별 과속단속 카메라는 일정 구간의 시작과 끝에 과속단속 카메라큼 설치 운전자의 차량이 그 구간을 이동한 시간을 통해 핑균속도름 구함으로씨 과 속울 방지하는 기능이 있다는 것울 발견해 냄. 이률 농해 수학이 실생활 안전에 매우 중요한 역할울 한다는 것울 깨달음: 더 나아가 미분이 아년 적분올 이용해서는 속도와 가속도 부분에 어떻게 직용할 수 있든지 고민해보는 등 수학적 사고력의 발전 모습올 보여중. 미적분: 평소 수학 뿐만 아니라 물리학에 관심이 많은 학생으로 물리학에서의 파동올 공부하단 중 미적분에 나오는 삼각함수 와 밀접한 관련이 있다는 것울 알게 되없고 이 부분에 대하여 심도 앞게 조사하기 위해 수업시간에 실시한 수학과제밤구 시간 에 '삼각함수의 특성과 파동과의 연관성' 이라는 주제틀 선정하여 담구함 . 그 결과 파동의 종류가 매질의 진동 방향과 파동의 진행 방항의 관계에 따라 굉파와 종파로 나뉘다는 것을 발견햇고 이름 통해 나오는 파동의 특성인 주기성과 파동의 모양울 분 석한 결과 삼각합수의 그래프와 비슷하다는 것울 알게 팀. 즉 파동에서의 마루와 골은 삼각합수 그래프에서 각각 최대감과 죄 숫갑을 나타번다는 사실올 알아내없고 이름 토대로 좀 더 다양한 형태의 파동들이 합처진 합성 파동올 삼각함수의 덧셈장리 풀 이용하여 분석하는 등 수학적 개념올 응용하는 능력올 보여중 확출과 통계: 코로나19로 인해 진행된 비대면 실시간 수업시간에 최대한 집중하리 노력하는 모습올 보앗고 교사의 설명올 놈 치지않고 필기하려는 모습올 볼 수 있없음. '확물과 봉계록 이용하 넥데이터의 처리와 동영상 스트리망 서비스의 알고리롬' 이 라는 주제로 담구름 진행한 후 보고서름 작성하고 이틀 발표함. 담구름 통해 생활속에서 굉장히 많은 것들과 확출과 통계가 관련이 있다는 것올 느낌. 확출과 통계는 실생활에 널리 사용되고 있으며 밤구률 통해 앞게된 사실올 장차 진로률 넥데이터 전문가로 정한 친구들에게 자세한 설명올 해쥐야 객다고 다짐함. 영어 I : 세계 각국의 꽂에 옆히 이야기블 다른 교과서 본문과 관련하여 '무궁화가 국화가 되기까지의 역사 ' 풀 주제로 한 영어 텍스트름 찾아 읽음. 고조선 시기부터 지금에 이르기까지 무궁화가 각 시대별로 담고 있있단 의미름 알게 되없고 우리 국민 이 무궁화에 대해 애정올 가지게 된 계기름 담구함. 영어 I : 다양한 주제의 글 위기 활동에 참여하이 컴퓨터와 디지털 학명올 다문 글을 읽고   컴퓨터의 역사 , 적용 분야, 환용  --- Page 10 --- 정부24 과목 세 부 능력 및 특 기사 항 범위 등 새로 알계된 내용올 요약하여 온라인올 통해 공유함. 물리학 [ : 평소 컴퓨터에 관심이 많은 학생으로   광통신에 대해 학습 후 최신 통신기술들에 대해 발표함 . 광심유의 코어와 클 쾌딩 사이의 전반사름 이용하 광통신의 장난점에 대해 정보의 전달 과정으로 설명하는 과학적 사고역랑이 우수한 학생임. 화학 I : 우리 주변에 생각보다 훨씬 더 많은 것들이 화학과 관련되어 있다는 것올 알게 되어 화학의 유용성에 놀라움올 가짐 과학적 사고력올 바탕으로 하보-보수법올 이용해 암모니아률 합성하는 화학 반응식울 이해함 .  합성된 질소 비로률 통해 식 량 문제름 해결하는 예틀 들어 설명합 . 의류 분아에서 최근 다양한 합성 섬유름 개발하면시 여러가지 기능성 의류에 대해 더 알아고보자 함. 화학 뿐 아니라 물리에도 관심이 높아 물리와 인관성이 있는 단원에 흥미름 가짐. 수업시간에 성실한 태도로 참여함 . 수학적 사고가 요구되는 화학 반응식의 양적 관계의 문제 해걸에 뛰어난 능력올 보임. <진로 선택 과목> 성취도 성취도별 학기 교과 과목 단위수 원점수 / 과목평균 (수강자수) 분포비율 과학 정보과학 88/90.1 A(20) A(95.0) B(5. 0) C(0.0) 예술 음악 감상과 비평 86/81.7 A(80) A(61 3) B(38.8) C(O 예술 음악 감상과 비평 91/92,0 A(80) A(96. 3) B(3,8) C(0.0) 이수단위 합계 과보 세 부 능력 및특 기 사 항 정보과학: 버튼 . 조도센시   컬러 LED의 원리블 이해하고   아두이노 회로블 구성하여 빛에 반응하는 LED틀 켜고 꼴 수 있는 장치름 C언어 기반으로 구현하없으미 ,  불루투스로 연결원 스마트프으로 제어하는 neopixel 무드등올 체험함 . 또한 , 2주간 의 팀프로적트 활동으로 보너편프와 네오관설올 이용하여 5가지 모드로 동작하는 분수률 개발하고 발표 (2020.07.13)하여 새로운 모함으로 아이디어가 좋으머 개발 단계름 구체적으로 설징하없으나 완성도가 아쉬움 등의 피드백올 받음. 매우 성실 히 수업에 참여하여 팀위크의 본보기름 보여중. <체육 . 예술> 학기 교과 과목 단위수 성취도 체육 운동과 건강 체육 운동과 건강 이수단위 합계 세 부 능력 및 특기사 항 해당 사랑 없음",4230,6,6,10,1.4184397163120568,1.4184397163120568,2.3640661938534278
202211062,3,2021,1,논리학,교양,"수업 시간에 항상 일관된 자세로 수업에 임하는 학생임. 논리에 대한 개념울 명확히 학습하고 논리의 역할과 논중의 중요성에 대하여 정리함 . 매거논증 , 봉계논증 , 유비논중 , 인과논증 ,  귀밥 논중의 구조와 한계률 조사하고 이률 비교 분 석함 . 논증의 구조가 안정적이며 논리적인 올바름올 추구하여 자신의 주장올 전개하는 모습올 보임. 연역 논증과 귀난 논증 올 적절하게 활용할 줄 아는 학생으로 판단독 . 특히 글을 작성할 때에도 논술의 구조률 파악하고 , 적절한 논중올 활용해서 자 신의 생각올 깊이 앞게 논술함.",291,1,0,0,3.4364261168384878,0.0,0.0
202211062,3,2021,2,논리학,교양,"학업에 필요한 정보름 수집하이 분석하고   정보름 체계적으로 조직하이 정확하게 전달한 줄 앞  --- Page 12 --- 정부24 <진로 선택 과목> 성취도 성취도별 학기 교과 과목 단위수 원점수 / 과목평균 (수강자수) 분포비율 국어 심화 국어 88/85.1 A(144) A(84.0) B(16 0) C(O.0) 수학 기하 92/86,2 A(66) A(86.4) B(13.6) C(O.0) 사회 (역사 / 도덕포함) 여행지리 89/87.1 A(66) A(86.4) B(13.6) C(O 과학 물리학 I 71/77,5 B(43) A(37.2) B(62,.8) C(O, 과학 화학 I 76/73.7 B(50) A(32.0) B(56.0) C(12 체육 스포츠 생활 90/88.9 A(145) A(93.8) B(6 2) C(0.0) 국어 문학 개론 38/40.9 C(144) A(6, 9) B(14.6) C(78.5) 수학 수학과제 담구 93/81 7 A(66) A(71.2) B(16. 7) C(12.1) 영어 진로 영어 38/41.9 C(144) A(2.1) B(9.0) C(88.9) 사회 (역사 / 도덕포함) 여행지리 94/83. 3 A(66) A(75.8) B(19.7) C(45) 과학 물리학 I 76/79.4 B(43) A(51.2) B(46. 5) C(2 3) 과학 화학 I 67/68,9 B(50) A(18.0) B(6O.0) C(22,0) 체유 스포츠 생활 93/78. A(145) A(40.0) B(6O.0) C(O 이수단위 합계 36 과목 세 부 능력 및 특 기 사 항 심화 국어 : 심화국어 수업 내용 중 인상 깊계 느껴단 ""('침가, 사앗소리 , 자음군단순화에 대한 개념을 담구 주제로 선정하글 음. 각각의 팀구 주제에 대하여 보고서물 작성해 보앞음. '침가가 일어나는 음운 환경올 설명함 . 사앗소리 현상이 발생하 논 형태소 결합 사례름 세 가지 제시합 . 자음군단 순화틀 설명함 .  각각의 담구 주제에 대한 실제 언어생활에서 사용하는 예시 틀 정확히 조사하여 제시하없음. 문학 개론: 수업내용에 대한 복습올 통해 자신의 이해도름 점검하머 적극적으로 질문하는 등 능동적인 학습 태도가 형성되어 있음. 학습한 국어 지식울 바탕으로 올바른 국어 생활울 영위하고자 노력하다 , 다양한 정보문올 읽는 방법울 익히고 실생활 에 직용하여 자신의 국어 문화 수준올 높임 기하: 매 시간 같은 자리에 앉아 수업올 경청하는 학생이다 특히 수학에 대한 문제해걸력이 우수한 편임 . 특히 고난도 응용문 제틀 끝까지 포기하지 암고 스스로 해결하는 모습에서 학생의 학습 의지와 우수한 수학적 여향올 확인할 수 있있음 포물선의 방정식올 학습하고 우주비행사들이 무중력 훈련올 하기 위해 비행체가 포물선 형태의 귀도로 날아가며   무중력 상태률 느끼 도록 하는 원리블 수학적으로 표현함 . 이후 포물선 귀도로 운동하는 물치의 운동올 보고서로 작성하고 발표함 . 타원의 방정 식울 학습하고 타원의 원리큼 발견할 수 있는 실생활 예시름 조사하여 발표함. 공연장의 천장이 타원의 구조로 되어 있을 때 초점의 위치에서 발생되는 소리블 다른 위치에서도 잘 들올 수 있는 이유틀 소리의 파장이 반사되논 m도물 그려가여 설명함. 수학과 물리학에 대한 응용력이 우수함올 엿볼 수 있있음 수학과제 담구: 매 시간 같은 자리에 앉아 성실하게 과제틀 수행하다 수업에 임합. 과제 수행올 위한 담구 방법과 절차루 논  --- Page 13 --- 정부24 과목 세 부 능력 및 특 기사 항 리적으로 정리하여 산출물올 만득 . 자기주도적인 학습 태도가 강한 편으로 스스로 문제름 해결하기 위해서 노력하는 편이지 만 다른 친구들의 발표물 들올 때에는 집중하여 경정하는 모습올 보임. 이후 친구들에게 조언올 주는 모습에서 학생의 수학적 인 활용능력이 우수함올 엿볼 수 있없음. 본인의 과제틀 수행할 때에도 미분과 직분의 개념올 활용하여 합수틀 만들기나 도형 의 개념올 용용하여 대수적인 계산을 효율적으로 해결하는 등의 과제름 수행하는 과정이 특히 인상적임. 진로 영어: 자신의 진로와 관련하이 컴퓨터 운영체제틀 다문 기사름 찾아 적절한 이미지름 활용하여 요약하고 관련 영어 어 취들올 정리함.  3D4 AR과 같이 인간의 삶울 편리하게 해줄 미래의 기술에 대한 기대감올 덧붙임.",2099,4,0,5,1.9056693663649356,0.0,2.38208670795617
202211062,3,2021,1,여행지리,사회,'미래 사회와 여행 산업' 단원에 관심이 많은 학생임 미래 사회의 여행은 해저 호텔에서 바닷속 경치름 보 며 잠울 자거나  비행기 대신 하늘올 나는 자동차루 타고 편리하게 여행할 수 있울 기라 생각함. 한편 안면 인식 기술이 여권 올 대신하게 되면 여권올 잃어버질 염려도 없어진다고 함.,160,0,0,1,0.0,0.0,6.25
202211062,3,2021,2,여행지리,사회,"산지 지리 여행에 관심이 많은 학생임 . 기반앉이 다른 산지에서는 서로 다른 풍화 경관과 침식 경관을 불 수 있다고 하여 암석올 알아야 산지 여행의 재미블 느낌 수 있다고 발표함. 물리학 I : 한 자리에서 모든 것울 해결할 수 핑게 본 컴퓨터가 어떤 방법으로 작동되느가에 대해 관심울 갖고. 물리학 시간에 학습한 회로틀 바탕으로 그 원리블 생각해 봄. 다양한 전기소자로 구성된 컴퓨터의 구동원리블 동영상 등올 이용해 학습하 며, 하드웨어에 대해 지식울 확장하는 게기가 팀. 컴퓨터 없이 살 수 없는 세상이 된 만큼  최선의 길을 찾는 방식인 소프트웨 어 뿐만 아니라   기본이 되는 하드웨어블 더욱 발전시키고 싶다는 포부들 드러님. 화학 I : 맘은 요소가 화학 반응 속도에 영향울 미친다는 점에서 반응 속도와 축매 단원에 흥미풀 보임. 화학 반응에서 활성화 에너지의 의미블 설명하없으며 ,  각각의 화학 반응에서 사용되는 속매들에 관해 담구하고자 함 . 석유 공장 과정에서 속매가 큰 역할울 한다는 것율 제시함   이상 기체 방정식올 이용하여 산소의 분자량올 즉정하는 실험에서 오차 원인올 분석하는 과정 에서 담구 능력이 우수하없으다, 보고서 내용올 정확하게 작성함. 스포츠 생활: 끈기와 근성이 좋아서 다양한 구기 종목에서 어떤 포지선에서든 열심히 위고  특히 농구 경기 중 드리불과 패스 가 훌륭해시 팀이 승리하는 데 크게 이바지합 . 체력 평가 (P APS) 틀 활용하 체력 요소별 축정 방법올 정확히 이해하고 , 그에 따른 자신의 부족한 체력 요소름 향상 시키기 위해 다양한 운동에 적극적으로 참여하고 꾸준히 운동해 나감. <체육 . 예술> 학기 교과 과목 단위수 성취도 이수단위 합계 세 부 능력 및 특기 사항 해당 사랑 없음 행동특성 및 종합의견 학년 행 동 특 성 및 종 합 의 건 온순하고 착실하여 성실한 학생으로 친구들 사이에 신망이 누터움  컴퓨터 공학에 대한 진로률 정하고 꿈율 이루기  --- Page 14 --- 정부24 학년 행 동 특 성 및 종합 의 견 위해 꾸준히 정진해 나가는 모습올 보임 . 학업능력 항상울 위해 부족한 과목은 철저하게 계획올 세위 자두리 시간을 환용해 공부하는 모습이 훌륭함 . 학급의 1인 1여으로 교실 바닥 및 창틀관리 여할올 누구보다 성실하고 꼼꼼하게 수 행하는 모습이 돈보임. 바른 수업태도와 에의바른 행동으로 선생님께 자주 칭잔을 받음  운동올 좋아하고 배리심이 깊어 교내 학교스포츠클럽 축구활동에 주전선수로 참여하이 팀의 단합올 위해 경기에 임하는 모습이 인상적이없음. 리디심 있는 모습으로 주변의 말에 흔들리지 암고 자신의 중심올 잡으머 성실히 학교생활올 하는 모습올 보면 앞으 로의 발전 가능성이 매우 커 보이는 학생임. 방학때에도 계획성 엇게 학업 계획올 세월으며 긴강체력증진을 위해 자 기관리에 소홀함이 언는 모습이 훌륭함, 1학기 학급 부회장으로 회장올 도와 . 코로나불무와 학업에 대한 부담감으로 힘들어 하는 친구들의 고중올 들어주고 고등학교 2학년 시기가 얼마나 중요한지 이야기해주벼 리더십울 보임. 기본적으로 곤건한 심지률 지니고 있어 코로 나19로 인해 학사일정 등 변둥이 많고 한 치 앞도 못 보는 상황이어도 , 인생의 장기적인 목표와 비전올 바라보며 묵 묵하게 학업올 해 나가는 모습이 인상적임 . 매일 학습 플래너률 작성하다 본인이 좋아하는 과목은 시간율 많이 할애 하고 어려워하는 과목은 노리어 시간을 쓰지 암앞음올 반성하다 ,  내일은 더 나은 자신이 뇌기 위해 노력하켓다고 다 짐함. 이처럼 상담 때마다 삶울 진정성 앞게 마주하고 시간을 소중하게 생각하는 모습올 보이는 등 자기관리률 철저 히 함. 학급 대청소률 할 때에도 컴퓨터 전선 사이, 라디에이터 위 둥에 쌓인 묵은 먼지들올 하나씩 제거하는 꼼꼼함 올 보이다 청결한 학급 환경 조성에 힘씀. 남 탓올 하기 전에 자신올 먼저 돌아보고 반성하는 성격으로 급우늘과의 갈등 없이 원만하게 생활하없고 , 주변의 갈 등에 대해서 차분하게 중재하는 역할올 함. 평소 학교의 규칙분만 아니라 기본적인 생활습관 자체가 상당히 모범적 이고 바른 학생임 . 다른 사람올 속이기나 규칙울 어거 이기는 것울 싫어하고   정정당당히 경쟁하는 건전한 정신올 가 지고 있음  --- Page 15 --- 정부24 트 위 사람의 학교생활기록부 (대입전 형용) 사본임올 증명합니다.",2126,3,2,7,1.4111006585136407,0.9407337723424272,3.292568203198495
202211552,1,2019,1,한국사,사회,"평소 한국사 교수학습활동에 적극적으로 참여하는 학생이다 , 교사의 발문에 활발한 대답올 통해 교과 수업 시간에 활기블 불어 넣는 학생임. 또한 한국사와 관련된 궁금증올 해결하기 위해 수업시간이 끝난 뒤 여러번 질문올 통해 본 인의 학습올 발전시키려는 노력이 보이는 학생임. 특히 수업 시간에 다루/던 임진왜관과 관련하여 본인 스스로 심화 학습올 통한 짧은 보고서블 작성하여 제출하없음. 내용 중 이순신의 명량해전에 대한 깊은 내용올 찾아보고 교과서에 간단히 조선 해 군의 제해권 장악이라 서술되어 있는 부분에 대하여 심도 깊은 공부블 진행하없음.  이틀 통해 본인 학습 발전의 계기로 삼앞",329,0,0,3,0.0,0.0,9.11854103343465
202211552,1,2019,2,한국사,사회,"대한민국 임시정부의 수립과 활동올 주제로 역사 UCC 제작올 하여 발표하없음 대한민국 임시정부의 수립 의 구체적 현장의 모습올 영상에 담아 재현하는 과정올 통해 역사적 사건올 바라보는 관점올 새롭게 배우게 팀. 이틀 통해 역 사적 사고력이나 판단력   감정이입의 과정올 직접 행해보면서 역사틀 배우는 과정올 경험합 . 전반적으로 역사교과에 흥미블 갖고 있어 수업태도가 적극적이미 , 비교적 쉬운 한국사 내용올 설명하는데 무리가 없음 국어: 소설 '돌다리' 틀 위고 신문 제작올 하는 과정에서 인터넷올 통해 이태준 작가의 삶과 사상에 대해 아는 계기가 팀 . 소설 의 내용도 세밀히 분석하다 이해합 . 그 당시 전통적인 사회에서 근대직인 사회로 접어들며 발생한 불질만능주의에 대한 비판 의식올 공부하게 팀 . 진로 로드맵올 작성하면서 자신의 진로에 대한 의식올 확고히 하고 체계적으로 준비하고자 계획하는 시 간을 가짐. IT' 동아리 활동과 연계하여 미래에 컴퓨터 관련 직업올 갖고자 부단히 노력합 . 훈민정음과 중세국어블 공부하다 국어의 변천사을 이해햇고 영화 '말모이'블 통해 조선어 학회의 한글올 지키려는 여러 운동과 업적 등올 생각하다 한글의 소중함올 느끼고 자신부터 국어순화에 앞장서려고 노력합 . '관동별곡' 올 공부하다 작품 속에 배어 있는 정절의 사상올 알아감 . 기행 문으로서 관동지방의 아름다움올 우리말 요미블 잘 살려 표현하없다고 생각하고 송강 정철의 문장력 올 감상하 논 시간올 가짐. '성난 기계' 틀 공부하다 주인공 양회기가 기계적으로 매불찬 인간에서 훈훈한 인간미가 흐르는 사람으로 변 해가는 과정올 지켜보며 근대화 과정의 사회 속에서도 인간성 회복에 대한 메시지블 공감함 수학: 수업에 대한 집중력이 높아 지속적인 발전의 가능성이 보임. 교과 활동 이외에 자신의 수학적 능력 올 개선하기 위하여 관련 도서클 위고 급우늘과 이야기블 나누머 수학에 대한 기본 지식올 넓히는 등 그 태도가 적극적임. 또한 이해가 되지 암는 문제틀 급우들의 도움올 통해 이해하고 해결하려하다 자신이 알고 있는 것에 대해서는 수학에 어려움올 겨고 있는 친구들에 게 친절하게 가르처주는 적극적인 행동올 보임. 영어: 단어장 정리블 잘 하여 효율적으로 활용함. jumble quiz 시간올 즐기다 능동적으로 참여하고 넘플레이도 적극적으로 참여하여 현동 학습올 즐김 . 질문올 두려워하지 암고 담구하는 태도가 매우 돕보임.  학기 초 자기소개 시간에 프로그래망에 깊은 관심올 갖고 잎고 프로그래망 분아에 종사하고 싶다는 자신의 꿈을 당당하게 자신 핑게 영어로 발표함 . 모든 발표나 개 인 발표 시간도 긍정적으로 참여하고 즐김. BBC의 짧은 대화 내용올 둘리는 대로 적어보는 시간에 30여개의 어뤄늘올 최선 다해 성실히 적어내고 뜻올 이해함 . 수업 시간에 사소한 질문도 남의 눈치블 보지 암고 자신 엇게 하여 체화하려는 모습올 * 본 증명서는 열람용이며, 법적 효력이 없습니다: 'Noigy  --- Page 9 --- 과목 세 부 능력 및 특기사 항 자주 목격합 .  즉륭적인 발표 제안에도 당황하지 암고 차분하게 설명하여 급우늘의 찬사물 받음",1537,3,2,10,1.951854261548471,1.3012361743656475,6.506180871828237
202211552,1,2019,1,통합과학,과학,"백빵 후 기본입자부터 별의 탄생과 진화과정 및 태양계의 형성과정올 순서 핑게 요약 정리한 후 ppt틀 만 들어 급우들이 종은 반응올 보이미 발표하는 능력이 우수함. (2019.03. 25. 1교시.) 인류의 시대적 변천에 따른 소재 변화의 양상과 미래에 사용 필 신소재에 대해 깊이 있는 담구로 자료블 잘 정리 , 구성하여 급우들의 호응으로 발표하는 능력이 우수 합. (2019.05. 22. 6교시 )",225,0,0,2,0.0,0.0,8.88888888888889
202211552,1,2019,2,통합과학,과학,"지질시대와 대멸종올 통한 지구환경의 변화와 이에 따른 화석으로 분석할 수 있는 자료블 수집 , 정리하여 급우늘에게 ppt로 만들어 알기 쉽게 발표함. (2019.09. 11. 4교시. ) 무당벌레의 무늬와 인간의 손 색깔울 사례로 진화와 변이 에 대하여 개념과 원리블 이해햇으머 , 이틀 토대로 급우들에게 ppt틀 만들어 발표하면서 자신도 학습효과에 근 영향올 반음 올 인지하여 적극적으로 활동에 임합. (2019.11.01. 2교시.) 지구 안에서의 에너지와 물질 순환에 대해 자료 조사하고 발표하 고 , 생활 속에서 이용본 과학기 술올 갖고 활용하고자 노력합. 과학담구실험: 영재학급에서 1학년 과정 과학 영역 (100시간) 87 시간올 이수함. '실생활 속의 플라즈마 생성' 이라는 주제틀 가지고 보고서블 작성하고 발표함. 마이크로파에 대해 조사하다가 마이크로파가 불올 투과할 때 파장의 길이가 포도알과 비슷해진다는 사실올 알게 되어 진자례이지에서 마이크로파블 발생시키면 포도알 안 에서 정상파들 만늘어 공명현상이 일어나는 것올 실현으로 알아봄   지름이 약 1 Zcm 포도알올 가지고 120 회의 실험올 통해 2번 공명 현상이 일어나 포도일 안의 불 분자가 이온화되어 플라즈마가 생성되고 이것이 공기 중으로 흘러나오면서 빛의 형 태로 나타나는 것올 확인함 .  전자례인지의 마이크로파 차단막으로 인한 관찰의 어려움 , 포도일의 일정하지 않은 크기 및 수 분 함량 등으로 인해 실험 진행에 다소 어려움올 겪없지만 여러 문제점올 극복하고 결과블 도출해냄. 특히 담구하다 파동과 공명현상올 이해하기 위해 다양한 자료틀 검색하엿으면 학급 친구들에게 이해하기 섭게 진달하고자 노력한 점올 우수하게 평 가힘 한문 [ : 한문 학습에 대한 의지가 높은 학생으로 적극적으로 수업에 참여하없으며 특히 팔이 다처음에도 불구하고 한자 쓰는 연습올 게올리하지 않암은 모습이 인상적임.  본인 한자이름이 '나라이름(진) , 빛날(육) '임올 확인하고 '나라블 대표할만금 크게 성공하자' 라고 이름올 풀이합 . <양서 속 한자어 찾기>물 통해 생활 속에서 한자어의 비중이 크다라는 것올 깨달앗으미 한자 보 이루어진 일상용어블 매략에 맞게 활용하려논는 노력올 보임 고사성어 '도원결의 ' 의 유래와 의미블 조사하고 발표하없으면 삼국지에서 유래된 다른 성어블 추가적으로 조사하여 정리함 . <진로 선택 과목> 성취도 성취도별 학기 교과 과목 단위수 원점수 / 과목평 군 비고 (수강자수) 분포비율 이수단위 합계 과보 세 부 능력 및 특 기사 항 해당 사랑 없음 <체육 예술> * 본 증명서는 열람용이며, 법적 효력이 없습니다:  --- Page 10 --- 교과 과목 단위수 성취도 비고 체육 체육 예술 음악 예술 미술 체육 예술 음악 예술 미술 이수단위 합계 10 과보 세 부 능력 및 특 기사 항 체육: 청소년 체조의 정확한 동작 수행올 위해 유연성 강화 및 근력 강화블 위해 지속직인 스트레칭 및 트레이님올 실시하뒷 고, 이틀 통해 기초체력의 향상과 체조의 수행능력이 강화팀. 음악: 국민주의 음악에 대해 조사함. 그 중 국민주의 시대가 왜 오게 되엿는지   그 시기의 시대적 배경 상황과 함께 설명한 발 표가 인상 깊없으며   국민주의 음악과 민속음악의 차이도 함께 발표함. 기타 연주법에 대한 이해도가 높고  능숙하게 연주 할 때까지 성실히 연습함 . 정확한 음정과 리듬 및 알맞은 음량으로 자신만의 개성과 창의성올 풍부하게 표현하여 가창 활동올 즐기다, 자신 있는 태도로 수행하여 종은 소리블 냄. 또한 작곡자와 작품올 집중적으로 감상하여 자신의 느낌올 적절하게 발 표하고, 음악사적 흐름올 잘 이해하고 있음_ 미술: 집필  용필 등 서예의 전문 용어 등 기초 과정의 중요성올 깨닫고 성실히 참여합 . 전통도자기와 전통회화 담구 활동올 하여 조원늘의 의견올 직극 수용하고 작품제작계획올 수정, 보완하는 등 리디심올 보임  본인이 좋아하는 작기와 작품에 대 해 발표하다 작가의 생애 , 작품관   시대적 배경 등 함께 조사하여 미술 작품올 다양한 매략 속에서 해석하는 연습올 함",1996,5,0,8,2.50501002004008,0.0,4.008016032064128
202211552,2,2020,1,정보,기술·가정,"파이씬 기초 문범에 대한 이해블 바탕으로 리스트  문자열 연산 등올 학습하고 데이터틀 이용하 그래프 처리가 되는 과정올 보미  다양하   형태의 데이터가 다양한 형태의 그래프로 덜 수 있음올 깨달음 1학기 정보부장으로서 교사블 도와서 수업 진후 학생 및 실습실 방역 활동에 협조하없음. 수업 후 실습기자재 정리블 하없으 며 , 수업 활동도 열심히 하는 모범올 보엿음",204,1,0,1,4.901960784313726,0.0,4.901960784313726
202211552,2,2020,2,정보,기술·가정,"파이씬 프로그래망올 활용하여 마이크로비트 L ED의 다양한 동작올 제어할 수 있는 명령어블 배우고 실습올 해방으로씨 사불인터넷 분아에 대한 기본적인 개념올 이해하여음: 자율주행 자동차의 운리적인 문제물 토론 활동올 통해 다양한 의견올 들어보고  자신의 의견올 제시해 봄으로씨 다양한 생각 이 있음올 인정하고 협력하여 문제블 해결해 나가는 방법올 배위봄. 좀 더 복잡한 파이씬 그래프 모물올 사용하여 공공 데이터인 서울의 날씨 데이터블 활용하여 다양한 형태의 그래프블 출력해 보는 파이씬 프로그래망올 사용할 수 있음. <진로 선택 과목> 성취도 성취도별 교과 과목 단위수 원점수 / 과목평균 비고 (수강자수) 분포비율 수학 기하 78/68.5 B(224) A(37.1) B(33.9) C(29.0) 수학 기하 71/60. 3 B(225) A(27.6) 3(27.1) C(45. 3) 과학 회학 실험 89/82.7 A (20) A(70.0) B(20.0) C(1O.0) 이수단위 합계 과부 세 부 능력 및 특기사 항 기하: 종이접기블 이용하 이차곡선 만늘기에서 각 이차곡선에 대한 정의와 종이접기에서의 직선과 이차곡선의 관계블 알게 팀. 활동 중에 포물선  나원 , 쌍곡선의 정의에 대해 자세히 분석할 수 있없으다  결과블 직접 분석할 수 있는 체험올 할 수 잎 논 경험이없다는 소감을 말함 종이접기블 이용하 공간도형 만늘기에서 직선의 위치관계블 정확히 구분할 수 엇게 되없으며 입체 도형올 실제로 접어보며 입체도형의 구조에 대해 더욱 잘 알 수 앞게팀. 정 팔면체에 대해 상상만 하단 것 보다 관계블 확실하게 이해할 수 있는 기회 가 팀. 화학 실험: 실험기구 (저울 , 유리 기구   가열장치) 사용방법 조사하는 기회블 가지면 실험기구블 사용방범에 대해 익침. 안진 한 실험실에서의 태도물 확인하고 스스로 안전서약올 하여 실험에 대한 흥미와 기대블 보임 . 불농도의 의미블 알고 대표직인 산, 염기 표준용액올 만들어 보고   용액의 성질올 직접 확인해보는 기회블 가짐. 탄산칼습과 엄산의 반응올 통해 화학 실험에 서 축정하는 법과 계산하는 방법올 이해함. 실험의 오차가 발생한 이유틀 생각해 보는 모습올 통해 연구자의 자질올 확인할 수 있없음; 구리의 산화환원 반응올 통해 산화와 환원에 대한 정의블 확인함 . 직접 산소와 수소기체블 만들어 보고 구리와의 반응올 살펴보다 다양한 화학반응에 대해 이해하는 모습올 확인합. <체육 예술> * 본 증명서는 열람용이며, 법적 효력이 없습니다:  --- Page 14 --- 교과 과목 단위수 성취도 비고 체육 운동과 건강 예술 음악 예술 미술 체육 운동과 건강 예술 음악 예술 미술 이수단위 합계 세 부 능력 및 특 기사 항",1325,8,1,3,6.037735849056603,0.7547169811320754,2.2641509433962264
202211552,2,2020,1,운동과 건강,체육,신체활동올 즐기다 과제블 수행하는 능동적인 모습올 보여p . 농구 경기에서 필요한 개인적 이동기술인 드리블 과제블 성공적으로 수행하기 위해 온라인 수업에서 학습한 동작늘올 오프라인 수업 시 적극적으로 연습해 유연하게 다양한 드리블 기술을 활용하는 모습올 보임.,145,0,1,0,0.0,6.896551724137931,0.0
202211552,2,2020,2,운동과 건강,체육,축구 리프팅 향상울 위하여 교사의 시범올 보고 자세블 수정해 나가으미 무릎올 팬 상태에서 발등에 맞 추는 연습올 실시하여 일정한 높이로 리프팅 하는 모습올 보임. 축구 경기하는 모습올 보다 상황에 따른 드리불과 볼올 소유 하는 능력올 관찰하여 드리블올 실시합. 음악: 보에니우스  피타고라스 등 다양한 철학자늘이 음악적관점에 대해 음악과 과학올 움합하여 발표함. 우출렉레블 능숙하 게 연주 할 때까지 성실하게 연습하여 '제주도 푸튼밤' 올 칼립소 리듬과 함께 정확한 음정과 리듬 및 알맞은 음량으로 연주물 미술 레오나르도 다반치블 주제로 인포그래괴스 형식으로 담구함,316,1,0,0,3.1645569620253164,0.0,0.0
202310098,2,2021,1,과학과제 연구,기타,"물 이외에도 다른 용액올 주없올 때 식물이 잘 자라는지 궁금해서 다양한 액체에 따른 강남공 성장 비 교 실험올 설계하고 실험올 수행함.  실험 결과 순수한 물울 주없올 때 가장 성장이 잘 되울 확인하없고 , 식물 성장에 영향울 주는 다른 요인들에 관해 담구하고 싶어 함.",151,1,0,1,6.622516556291391,0.0,6.622516556291391
202310098,2,2021,2,과학과제 연구,기타,"금속 항군제에 대해서 선행연구름 찾아보고 요약하없으며, 이름 바탕으로 실험올 설계해 보고 잠재적 인 결론올 도출함 . 항군 필름의 효과에 대한 연구라는 주제로 실험올 수행하고 이루 종합하여 남구활동 결과물올 작성 및 제출 하고 결과루 발표함, <체육 . 예술> 학기 교과 과목 단위수 성취도 체육 체육 예술 미술 체육 체육 예술 미술 이수단위 합계 과목 세 부 능력 및 특기 사 항 체육: 타바타 체력운동에 적극적으로 참여하다 자신에계 부족한 건강 체력이 무엇인지 파악하고 자신의 심페지구력과 근력올 항상함   체력 증진의 과학적 원리 , 운동 내용 , 관리 방법올 이해하고   자신에계 적합한 체력 증진 프로그램올 계획하고 자신 의 체력올 향상하기 위해서 노력함. 오른손 드리블 뿐만 아니라 왼손 드리불까지 능숙하게 구사하여 지그재그 드리블올 빠르 고 능숙하게 수행함 . 농구의 패스 기본 동작올 익히고  이틀 응용하여 정확하게 우리 팀에게 패스하는 모습올 보임 , 농구의 공격과 수비 전술울 정확히 이해하고 연습하여 이률 경기에 적용하려 노력하는 모습올 보임. 탁구 경기 규칙에 대해 정확히 이해하고   실점 상황과 켓 상황의 차이점올 구별함 . 탁구 수업에서 안정직인 시비스클 구사하다   허리의 회전올 이용하여 정 확하고 강한 프핸드 스트로크름 함. 스포츠 인종차별올 받고 있는 선수의 감정에 공감하는 태도름 갖고 있으머, 다른 피부름 지난 사람울 존중하고 배려하는 태도풀 지념. 미술: 인포그래픽 제작 활동에서 본인이 이야기하고자 하는 주제률 도식화 시켜 전달함. 에코 넘불러 디자인 활동에서 환경 오염에 대해 심도 앞게 생각하여 본인이 전달하고자 하늘 메시지블 정확하게 이미지화 시켜으며 온도에 따라 색이 변하는 엉 크룹 적재적소에 사용하이 그림의 완성도름 높임 . 북아트 디자인 활동에서 오일 파스템올 사용하이 여러 표현 기법을 익히고 본인이 전달하고자 하는 주제에 맞게 화면울 구성함. 서양미술사의 시대별 조형물에 대한 특징과 상징적 내용에 대해 높은 학 습 수준올 보이며 조형원리에 대한 이해가 깊고 이틀 응용하여 사고하는 능력이 매우 우수함 .",1042,3,0,6,2.8790786948176583,0.0,5.758157389635317
202310102,1,2020,1,수학,수학,"'세상의 모든 공식 (존 M 핸소)' 중에서 물체의 밀도 , 군중가모추산   지능지수 산출  용의 법칙 3가지 공식을 선  --- Page 11 --- 정부24 과목 세 부 능력 및 특기사 항 택하여 공식과 각 문자의 의미에 대해서 조사하여 발표함. 또 , '사랑의 물리학 (김인유) '올 농해 만유인력의 법칙올 첫사랑과 연관 지어 시로 표현한 작품올 감상하고 소감문올 솜 . '흥미 있는 수학 이야기 (이만근 , 오은영) ' 중에서 방징식의 근의 공식올 발견하는 과정에 대한 방정식의 역사률 위고 내용올 요약함. <방정식과 부등식> 단원 올 학습한 후 주요 개념과 공식올 마인 드맵으로 나타내며 정리합.",338,2,0,2,5.9171597633136095,0.0,5.9171597633136095
202310102,1,2020,1,통합사회,사회,자연환경과 인간 단원과 관련하여 환경보호등 위해 가까운 거리논 걸어다니객다는 실천 의지블 표현함.,54,0,0,1,0.0,0.0,18.51851851851852
202310102,1,2020,2,통합사회,사회,"남북 분단을 학습한 후 , 북한의 정치 체제에 관심을 갖고 북한의 주체사상과 정치 체제 그리고 북한 인민의 북한 정치 체제에 대한 인식 변화에 대해 자료 조사함. 남북통일올 위해서는 북한의 정치 시스템에 대한 분석 및 북한 정치 의 체제 전환올 위한 정비 방안올 제시한 짚이 돈보임 , 수업에 참여하는 자세가 바르고  교사의 발문에 적극적으로 반응하다 수업 시간에서의 활동 참여도 적극적임 . 휴대돈 자유 사용에 대한 찬반도론에서도 질문올 하고   토론 내용에 경청하면서 자신과 상대방 간의 의견의 차이가 무엇인지틀 파악하고 자 하는 등 토론 과정에 적극적으로 참여함. 통합과학: 역사적으로 신소재의 발달 과정 , 20세기에 발전된 다양한 신소재와 그래편 , 단소나노튜보와 같은 척단 신소재의 개발 사례에 관한 영상물올 보고 신소재의 발달과 플라스틱의 역습 같은 환경 문제에 대한 자기의 생각울 정리하여 소감문올 작성하는 시간을 가져음.  3월에 폐임램에 대해 안내하여 8개월간 준비과정올 기처 학급 학생들 앞에서 3분씩 발표루 하여고 동료상호평가와 진행 및 발표 평가루 실시한 바 , 방사능올 주제로 정하고 방사능의 의미 , 액스 레이 촬영이나 방사선 치료와 같은 방사선올 이용하는 예와 히로시마의 원자""단이나 채르노빌 같이 인체가 피쪽되는 정도에 따른 인체에 미치는 영향 등 올 설명 보조 자료름 준비하여 발표함. 팀올 구성하여 생태계의 구성 요소름 토의하고   직접 교정올 담구하여 생태지도름 완 성함 . 이틀 봉해 과학적 의사소봉 능력과 남구능력이 향상팀 . 알걀리 금속과 물의 반응 실험 동영상울 보고 알걀리 금속의 공  --- Page 12 --- 정부24 과목 세 부 능력 및 특기사 항 통적인 성질올 원자가 전자 수로 설명합. 산화 환원 반응과 관련된 여러 가지 동영상을 보고 반응의 원리블 산소가 관여하는 것과 전자의 이동으로 설명함 . 일상에서 볼 수 있는 여러 가지 현상 중에서 산화 환원 반용올 찾음. 과학담구실험 : 조선시대 과학기술 유산에 적용된 과학적 원리지 조사하고 홍보하는 자료틀 만드는 활동에서 수집된 자료틀 체계적으로 정리하고 알기 쉽게 풀이하여 정리함.색이 변하는 용액 만들기 . 산성화된 토양 중화하기 , 식품 침가물 실험   태양 전지 실험올 하면서 실험 계획 , 실행 , 실험 결과 예측과 해석올 과학적으로 수행하는 등 담구에 필요한 기본적인 능력올 갖 춤 . 한반도 기후변화 경향성올 나타내는 자료틀 조직화하여 온난화의 심각성올 홍보하는 인포 그래픽올 제작함 . 지속가능한 친환경 도시에 적용본 침단 기술울 조사후 계획올 수립하고 과학기술올 적용하여 친환경 도시물 설계함. 기술 . 가정: 낙태벌 처벌조항 폐지 (형법 269조 1항,  270조 1항)에 대한 찬 반족 주장에서 양족에서 주장하는 긍정적인 축면 과 부정적인 즉면올 명확하게 알고 있으며, 양족 주장에서의 문제점올 해결할 수 있는 대안까지도 정확하게 이해해서 낙태죄 처벌조항 폐지풀 앞눈 시점에서 앞으로 예상되는 사회적 문제점까지도 잘 이해하고 있음. 정보: 온라인 수업에서 모르는 부분올 선생님께 전화로 질문해서 해결하러는 의지가 있는 학생임. 위드프로세서 실기 수업에 서 문서 작성 및 편집 능력이 뛰어난 학생으로 수업에 충실하고 과제늘 성실히 제출하는 학생임. 한글과 영문올 매우 빠르고 정확하게 타이평함 . <진로 선택 과목> 성취도 성취도별 학기 교과 과목 단위수 원점수 / 과목평균 비고 (수강자수) 분포비율 이수단위 합게 과목 세 부 능력 및 특기사 항 해당 사랑 없음 <체육 예술> 학기 교과 과목 단위수 성취도 비고 체육 체육 예술 미술 체육 체육 예술 미술 이수단위 합계 세 부 능력 및 특기사 항 해당 사랑 없음  --- Page 13 --- 정부24",1834,4,3,6,2.1810250817884405,1.6357688113413305,3.271537622682661
202310102,2,2021,1,문학,국어,'내가 좋아하는 시 암송 및 감상 발표' 수행평가에서 박목월의 '산이 날 에위싸고' 틀 발표하없음 시의 내용올 분 석하고 할아버지와의 추억과 연관지어 잘 발표함. 급우들의 시 발표름 듣고 발표 내용올 요약하고 자신의 감상을 정리하여 시 선집올 만드는 활동에서도 들은 내용올 자신의 언어로 정리하는 능력올 보임. 또한 자신의 감상울 덧붙일 때에도 시물 이해하 논 능력과 이름 표현하는 능력이 있음  --- Page 14 --- 정부24 과목 세부 능력 및 특기 사항,259,0,0,0,0.0,0.0,0.0
202310102,2,2021,2,문학,국어,"'함께 임고 감상하기' 수행평가에서 모든원 늘과 '차이나는 플라스 국제정치 편 (JTBC 차이나는 플라스 제작팀) ' 올 선정하고 '초불학명올 통해 한국의 높은 민주주의의 수준올 보여짚다고 할 수 있는가? , '민주주의 실현의 독일 68세대 속 에서 우리나라가 배율 점은 무엇인가?' , '안중근이 이도루 살해하지 않앗다면   우리나라에게 어떤 영향울 미처올까? 에 대해 토의하고 감상문올 작성함. 모든원들과 책올 선정하고 문제물 선별하는 과정에서 의견올 제시하고 조율하는 데 적극적으로 참여함 . 책울 위고 우리나라 와 국제사 회의 정치에 대해 좀 더 깊이 생각할 수 있는 문제들올 잘 선정하여 자신의 생각올 짜임새 있는 글과 바른 문장으로 논리적이고 정확하게 표현하는 능력이 있음 수학 I : 수업시간에 교사의 설명에 진지한 자세와 바른 태도로 임하없으다  교사의 발문에 매우 성실하게 대답함 . 수차례 자 발적으로 칠판에 나와 본인의 문제 풀이률 설명하고 질문올 반눈 등 발표하기플 좋아하고 적극적으로 수업에 참여하는 학생 임. 학습 환동지름 꼼꼼하게 작성하고 관리하는 등 최선올 다하는 모습이 인상적임.  지수법칙올 이해한 후 다양한 식올 간단 히 나타t으로씨 지수타위수비대 활동에 적극적으로 참여함. 짓대 높이 구하기 활동에서 짓대의 믿기둥올 이용하 독창적인 방법으로 짓대의 높이름 구함. 자연수의 거듭제급의 합율 학습한 후 대수적 방법으로 구하엿단 세제급의 합 공식올 활동지틀 통해 사각형 안에 색칠하는 기하학적 방법으로 매우 엄밀하게 증명해 냄. 수열 단원올 학습한 후 '교과서에 나오는 등차   등 비수열 이외의 수얼에는 무엇이 있올까?' 에 관심올 가지게 되어 다양한 수열올 찾아보는 담구블 진행함. 그 중 개미 수얼에 흥미름 갖고 내용올 구성하이 제작하없으미  학급 친구들에게 발표하는 열의름 보임  주어진 학습과제름 꼼꼼하게 정리하여 3회에 결처 포트플리오로 제출하는 성실성울 보/으다 , 온라인 수업 후 교과서 인중에서도 교사의 지도예 호응하여 노력하는 모습올 보임 수학 I : 문제해결 및 창의 . 움합, 의사소통 역량이 우수함 . 평소 교사의 말을 경청하는 학생으로 계산속도가 빠르고 정확합. 칠판에 나와 학급 친구들에게 본인의 문제풀이률 설명하고 질문올 받는 등 남구하고 발표하는 열의률 보임. 온라인 수업에서 도 성실하게 수업올 듣고 과제늘 수행하여 제출하는 자기주도직인 자세블 갖추고 있음. 기하 컴퓨터 프로그램올 이용하여 다 항학수의 부정적분의 그래프름 그리논 모퉁활동에 참여함 .  검색하이 기하 컴퓨터 프로그램업올 직집 다운받아 설치하없으다 , 프로그램 입력창에 n차 함수   적분올 입력한 후 그래프로 정확하게 구현시키는 데 성공함 . 슬라이더클 움직여 차수름 변화 시켜올 때 적분 그래프의 변화틀 비교 . 확인하고  모든환동 후 환동지름 꼼꼼하게 작성하는 등 자기에게 주어진 역할에 최선 울 다함. '수학도서 프로직트' 에서 '수학의 눈으로 보면 다른 세상이 열린다' 률 임고 메리카토르 도법의 원리출 소개하없으며 수학적 관점으로 바라본 지도 제작법올 통해 수학과 사회의 만남을 보여준 점이 훌륭하없음 . 수업필기와 학습과제틀 확인하 눈 수학2 포트풀리오 검사에서 2회 모두 제출하엿으다 , 매우 성실하고 모범적인 결과물올 확인할 수 있없음. 영어 I : 수업시간에 다른 친구들올 대신하여 학습한 내용올 여러 차례 소리내어 읽거나 연습문제들올 풀면서 학습의 효과롭 스스로 최대화하고 수업 시간에 제시되는 과제 (어뭐 영영으로 이해하기) 틀 학급의 다른 친구들과 함께 적극 남구하고 발표하 논 과정올 통하이 수업 내용의 학습음 스스로 강화하고 문제 해결능력올 향상시귀  국제 공용어로서의 영어라는 언어의 의미와 중요성올 인식하고 있으며 높은 관심울 가지고 영어 수업활동에 적극적으로 참여 하고 실력 향상울 위한 집중적인 노력올 기울이는 점이 훌륭한 학생임 . 특히 위기, 쓰기, 듣기 뿐 아니라 말하기 활동에도 열 심히 참여하여 자신의 주장과 의건올 급우들과 함께 나누기률 즐기는 모습이 특별함.  위기 수업활동의 내용올 기반으로 한 주 제 확장 영작문 작성 활동에서는 'Faminein the 218t Century' 라는 제목으로 수업 주제와 연계하여 자신의 주장과 의견 올 한 문단으로 작성하는 쓰기 실력올 보여중 . 영어과 수업 도우미로 자원하여 수업 전에 수업 기자재름 준비하고 수업활동에 대비하는 등 활기찬 수업 분위기블 조성하여 급우늘에게 근 도움올 주없음. 영어 II : 수업시간에 학습한 내용올 여러 차례 소리내어 읽어 학습의 효과루 스스로 최대화함. 영어II 교과서의 'New Trendg of Urban Renewal' Why We Cry 'Beeg Are Dying '이라는 제목의 글을 읽으면서 글 대의와 세부정보 파악 ,  필수 어휘 및 어법과 관련된 다양한 개인별 또는 모퉁별 활동에 참여하여 교육 과정올 충실히 이수  --- Page 15 --- 정부24 과목 세 부 능력 및 특기사 항 함 . 자신이 좋아하는 노래물 소개하는 영어 말하기 수업활동의 일환으로 'Can't Stop'이라는 노래물 선택하여 정확하고 유 창한 영어로 노래의 내용과 가사을 설명하고 감동올 주는 이유름 설득력 앞게 발표하여 친구들의 근 호응올 받음. 영어 수업 에 임하는 태도가 진지하고 성실하여 수업 목표 이상울 성취해 내는 모습이 대건하여 앞으로 많은 발전이 기대되는 훌륭한 학 생임",2648,1,1,10,0.3776435045317221,0.3776435045317221,3.776435045317221
202310102,2,2021,1,세계지리,사회,수업에 집중하고 교사도 생각치 못한 유의미한 질문으로 심화자료블 찾아 함께 의견올 나누머 지식울 넓혀 나감 . 이스라엘과 팔레스타인의 분쟁에 대한 일반적인 인식이 한국과 일본의 독도분쟁올 바라보는 제3국의 시선과 닮아 있다 고 연계시켜 교사와 학생울 설득한 점이 매우 훌륭함. 이-팔 분쟁의 역사률 정리하여 피해국과 가해 국의 들에 갇히 인식올 바꾸고사 노력합,201,0,0,2,0.0,0.0,9.950248756218905
202310102,2,2021,2,세계지리,사회,"세계의 도시재생에 관심을 갖고 서울의 도시재생올 다른 기사름 소개함. 서울의 도시정책 문제점올 설명하 고 효과적인 도시재생올 위해서논 주민들의 요구사항올 우선으로 하고 , 특색 있는 인프라 조성이 필요하다는 의견올 두바이 의 도시 계획올 통해 설명함 . 자기주도적 심화 활동으로 주변 행정동의 지역연구름 실시하이 발표함. 주민들에게 설문음 실 시하여 주민간의 갈등의 존재률 파악하고 실거주민 시각에서 도시재생 실패의 원인올 분석함 . 마을관리협동조합 설치로 주민 간의 화합부터 일자리와 수의까지 창출하고 영세자영업이 분포한 골목올 전통시장과 동등한 상권으로 지정하여 지여경제틀 즉진하는 해결책올 제안함 . 수업 중 배운 내용올 주변 지역에 적용하여 관찰하고 해결책올 고안하면서 지식올 구체화하는 등 담구력이 매우 뛰어남. 정치와 법: 한국사회에서 나타나는 다양한 정치와 법 현상과 관련된 배경 지식과 경험이 맘고 학습에 대한 흥미와 열정이 잎 어 학습 활동 중에 자신의 생각이나 궁금한 점을 적극적으로 표현하이 학습 성과름 극대화 하고 이런 능동적 부분이 자신은 물론 급우들의 학습의 이해와 성장울 눕눈데 기여함. 다양한 정치적  법적 쟁점에 대한 구체적인 사례 , 통계 , 도표 등올 연구 방법이나 관련 개념 , 이론에 정확하게 연계하여 표현할 수 있으미 개인적인 주면과 사회 구조적인 주면에서 정치 및 법 현상 올 엄밀하게 분석하고 평가할 수 있음. 사법권의 독립과 대통령의 사면권은 충돌하눈가라는 자기 주도 담구 활동에서 사법권 의 독립의 의미블 민주정부의 삼권 분립의 원리물 적용   분석하여 자신의 주장올 뒷받침 할 수 있는 근거블 제시하엿고 대통령 사면권의 긍정적 축면과 부정적 흑면올 균형 있는 시각에서 접근하는 등 종합적 사고 능력과 고차 사고 능력이 돈보임. 형사 미성년자의 연령에 대한 법적 논쟁에 대한 자기주도 주제 밤구 보고서 작성 활동에서 구체적인 사례 및 대안올 분석적으로 제 시하여 보고서가 한눈에 들어오도록 체계적이고 일목요연하게 구성하여 제출함. 담구 과제 해결 상황에서 반성직 담구 능력이 돌보임",1023,4,0,5,3.9100684261974585,0.0,4.887585532746823
202310102,2,2021,1,일본어 1,기타,한지와 가타가나로 이름올 씨 보고  아름다운 빛이라는 이름의 의미름 새기봄 일본 노래인 '날개플 주세요 '물 일분이로 익히면서   감정이입이 되엇고 문화적 교류로 서로물 이해할 수엇기루 바라다는 감상 평을 제출함.,119,0,0,0,0.0,0.0,0.0
202310102,2,2021,2,일본어 [,기타,"수업에 열심히 참여햇으며 일분어률 잘 위고 과제 수행에 대해 적극적임. 일본의 4대 섬의 지리와 지리 특성에 따른 문화 발전올 조사하고 발표함. 일본 지리블 조사하면서 일본의 사회환경과 문화틀 이해하게 뇌있다고 발표함 아깝어 I 아랍어 자음음 정확하기 쓸 수 있고   정확한 발음으로 아깝어 문장올 읽음 수 있음 꾸준한 예습과 복습올 통해 아 탑어 눈법 능력이 뛰어남. 강의식 수업 , 영상 자료 시청 . 아랍이 말하기 연습 등 모든 시간에 적극적으로 참여하는 학습 태도 에 담당 교사의 감단올 자아념 . 문제해 걸력이 뛰어나 문제풀이 시간에 해당 단원에 대한 전반적 이해틀 토대로 빠르고 정확하 게 해결하는 등 아랍어 능력이 매우 돈보임. 의문이 생긴 부분에 대해서 즉각적으로 질문하거나 다각적인 관점에서 문제률 바 라보는 등 수업에 임하는 자세가 깊이 잇고 적극적임. 이러한 학습 습관과 높은 언어 능력이 바탕이 되어 1, 2학기 아랍어 말 하기와 단어 수행평가에서 모두 만점올 획득함 . 아랍어에 관심과 흥미가 많아 관련 도서름 탈독하는 등 아람 문화에 대한 폭 넓은 지식울 쌍기 위해 노력하없음. 1학기 '아람 국가 조사 레포트 '에서 아갑에미리트물 주제로 선택해 국가 개요, 사막화 문 특히  --- Page 16 --- 정부24 과목 세 부 능력 및 특기사 항 제 , 대표 관광지 ,  전동음식 , 한국과의 교류관계 등울 밤구함. 2학기 '아람 문화 레포트 '에서는 사막기후에 속하는 아람 대도 시(카이로 , 리아드 , 아부다비 , 알제) 틀 조사하여 각 도시의 역사틀 새롭계 알게 팀. '나도 넥데이터 전문가' (2022.01.17.-2022.01.19./9시간) 특강에 참석하여 인공지능과 넥데이터 개념   파이씬 기초 , 파이 선올 활용한 온라인 스트리망 서비스 영화 소개 , 덥러님올 활용하 이미지 분류 모델 경험 , 넥데이터 기술을 활용한 폐르소나 문제 해결 서비스 기획 등에 대한 강의블 듣고 입 제작 실습 및 발표 활동올 수행함. <진로 선택 과목> 성취도 성취노별 학기 교과 과목 단위수 원점수 / 과목평균 비고 (수강자수) 분포비율 영어 실용 영어 82/60,6 A(81) A(27,2) B(33.3) C(39.5) 과학 생활과 과학 91/78 A(175) A(56. 6) B(29.1) C(14.3) 영어 실용 영어 74/56.9 B(79) A(22.8) B(31.6) C(45,6) 과학 생활과 과학 85/76.9 A(171) A(47.4) B(37.4) C(15. 2) 이수단위 합계 12 과목 세 부 능력 및 특기사 항 실용 영어: '2형식 깨우치기' 활동에서 표 속에 상태유지, 상태변화   감각 , 외견 ,  외양에 해당하는 동사들올 적고 주격보어로 형용사   현재분사 및 과거분사가 따라음올 주지하고 본문 속의 감각동사관련 문장올 직접 찾아 적어보다 이해블 고취함. 주 어진 학습지의 문장들올 보고 공통점올 적고 그 공통점이 '병렬구조'임올 확인하고 접속사가 병렬구조의 주요소이미 단어, 그리고 문장 단위별로 병렬구조가 존재함울 구별하게 팀. 'Learning 활동에서 영어 능력향상울 위해 미니 카드 23면 에 어위, 관용구 및 주요 어법올 정리함 .  '타이포그라피' 활동에서 단어 자신의 진로와도 관련 깊은 'geography'가 갖는 '지 리학'이라는 의미블 나타내기 위하여 A4용지의 절반은 육지로 나머지 절반은 바다로 나타내고 바다와 육지가 만나는 지평선 에 세 글자 'GEO'틀 면으로 둥글등글하게 표현하여 지리학과 연관된 지구블 표현하는 창의성올 선보임. 영어로 말하는 진로 발표에서 지리는 전쟁과 관련되며 종교적으로도 유용하다 지리에 대한 해박한 지식으로 외교 활동도 수월함도 주장함. 특 히  2018년도에 우리 외교부 장관이 저지루 실수금 말하다 우리 삶에 필수적인 지리학올 전공하여 사람들이 쉽게 지리루 공 부하도록 돕고자 함을 발표함. 생활과 과학: '교통의 과학' 단원올 학습한 후 , '신호등 없는 기리'에 대해 추가 조사하고 , 그것올 본인의 동네에 도입 가능한 지에 대해 아파트 입주민 온라인 설문올 통해 파악한 주민들의 의견 , 아파트 주변의 지리적인 특성   기대 효과 등에 대해 연 구하여 발표햇으다 그 과정에서 동네의 교통상황 및 문제점 등올 파악하고 지리적인 지식과 시아들 높임.  진정한 아름다움이 칸 훌륭한 마음씨에서 나오는 것이라는 내용의 홍보물올 제작하여 미용의 올바른 가치에 대한 균형 잡히 시각을 보여중 . 다리 의 종류 중 하나인 '트러스교' 의 일반적 특징 , 과학적 원리, 대표적인 다리 능에 대해 조사하는 심화 과제풀 수행함. '다리 만 들기' 모든 활동올 통해 놀이터틀 주제로 다양한 놀이 기구와 다리블 결합시권 작품올 완성햇으머 수업 시간에 배운 과학적 원리롬 적용하여 건고하고 미적으로 뛰어난 다리블 만들어 학생들이 뽑은 최고의 작품에 선정빛고 이 과정에서 힘동 의식과 공동체 의식올 보여중. <체육 예술> Log'  --- Page 17 --- 정부24 교과 과목 단위수 성취도 비고 체육 운동과 건강 예술 음악 체육 운동과 건강 예술 음악 이수단위 합계 과목 세 부 능력 및 특기사 항",2514,3,2,8,1.1933174224343677,0.7955449482895784,3.182179793158314
202310102,2,2021,1,운동과 건강,체육,"학급 체육도우미블 맡아 수업의 원활한 진행올 위해 수업시간 전에 미리 수업 기구률 준비하고 , 수업 종 료 후에는 기구의 손실이 발생하지 않도록 정리합 . 넷볼 학급 리그전에 참여하면서 수비수로시 상대의 공격올 차단하기 위해 노력하고 경기결과에 연연하지 암고 매 경기 최선올 다하는 모습올 보여 학급 학생들이 뽑은 오늘의 베스트플레이어에 선발 팀. 자신의 생활습관올 분석하고 개선방안올 계획하여 지속적으로 실천하다 개인 건강관리블 위해 노력함.",248,2,0,3,8.064516129032258,0.0,12.096774193548386
202310102,2,2021,2,운동과 긴강,기타,예체능 부장으로서 각종 체육 교구름 준비하는 데도 적극적으로 임하는 등 타인올 배러하는 마음이 돈 보임,57,0,0,0,0.0,0.0,0.0
202310102,2,2021,1,음악,예술,"'아리랑' 올 감상하고 , 우리 민족의 '한'의 정서에 공감하없으며   SNS에서 화제가 된 중국의 '문화공정'에 대하여 조사하엿고 , 아리랑도 문화공정에 속한다는 사실올 알게 되없으머. 그 사례들올 조사하엿고  국가에서 적극적으로 대응하여 야 한다고 생각함.",145,1,0,1,6.896551724137931,0.0,6.896551724137931
202310102,2,2021,2,음악,예술,"유렵의 음악이 아람으로부터 유래한 것이라는 갈럽올 임고 이에 대한 근거 자료플 찾아 , 아람 음악의 지리적 전파경로에 따라 4가지 유형으로 정리하여 , 논리적으로 설득함",94,0,0,0,0.0,0.0,0.0
202310767,1,2020,1,국어,국어,"1학기 국어활동부장으로 국어 활동수업에 도움올 주머 , 능동적으로 활동수업에 참여하고 이끌어 가능 모습올 보임 자신이 학습한 문법 지식울 실제 생활에 적용해 보면서 원리와 변통현상울 도출할 줄 아는 논리적 분석 능력이 있음. 언어 사 용에서 잘못된 부분올 찾아 올바르게 표현하고자 노력하는 모습올 보이미  실수하기 쉬운 부분올 찾아서 발표하면서 내용올 심게 전날하없음 서정 갈래이 개념과 특징올 이해하여 설명할 수 있음. 우리 신조들이 남긴 옛 노래 세 편올 감상하는 활동에 참여하여 향가와 시조 두 편의 시어와 시구름 정리한 후 활동지에 항가와 시조의 형식적 특징올 정화하게 비교하여 설명하는 모습올 보임.",340,1,0,2,2.941176470588235,0.0,5.88235294117647
202310767,1,2020,2,국어,국어,"중세국이의 특징올 다양한 자료흘 농해서 정리하면서 학습함. 훈민정음올 농해서 중세국이의 이휘 변동 양상울 살펴보머   중세국어의 음운론적 특징올 바탕으로 현대 국어의 차이점올 찾아봄. '축고싶지만 떡볶이논 먹고 싶어' 률 엎으며 자신의 느낌점올 자신만의 언어표현으로 구체적이고 상세히 기술하다 내면화함. 수학: 복소수가 프렉달 구조름 프로그래망으로 구현 . 기체와 액체의 흐름에 관한 항공분야 , 애니매이선의 그래되에 쓰이는 활용올 남구한 보고서물 작성하다 교과서 속 지식이 일상생활에 밀접하게 활용되고 있음울 파악하고 지식의 가치와 의미블 인식하는 학습 태도틀 키움. 영어: 실시간 화상수업 시 발표에 적극적으로 참여하고자 노력하는 학생임 업사이클림 제품 제작 설명서름 쓰기 전 학생들이 3개의 샌풀 라이팅올 읽고   직접 평가 기준을 정해 보는 환동에서 각 글의  --- Page 9 --- 정부24 과목 세 부 능력 및 특기사 항 장단점올 구체적으로 파악하고  보완할 점을 기술하는 등 세부내용올 주어진 시간에 파악할 수 있음올 수업활동 시 확인함. 그 후 학생들이 정한 평가 기준올 바탕으로 동료들의 글울 평가하는 과정 중에 내용상 보충할 부분올 알려주어 동료가 글울 수정 및 보완할 수 있도록 독러합. 한국사: 구석기 시대 일상적인 구석기인의 삶올 가상일기로 설명함. 교과서 내용과 자신의 상상력올 발휘하여 따뜻하 동글에 서 잠자고 배부르게 먹고 싶다는 인간의 본능적인 면분만 아니라 불을 이용해 고기름 구위 먹으니 소화가 잘되고 배달이 나지 않듣다는 현대인이라면 알고 있는 상식올 구식기인으로 감정 이입하여 새로운 것울 발견하는 놀라움올 재미핑게 재구성하여 구석기의 사회상올 표현함. 봉합사회 : 수업 내용올 암기하려고 하기보다는 이해하려는 태도가 돌보이는 학생으로 , 학생늘의 반응이 없는 수업 분위기 속 에서도 교사의 질문에 적극적으로 대답함 . 국내 미세먼지 문제가 약화되는 원인과 대기오염으로 인한 국내의 경제적 . 사회적 영향올 잘 파악하고 있으녀  이률 해결하기 위해서는 정부와 기업 뿐만 아니라 개인의 노력 또한 중요하다고 주장함. 통합과학: 무한대하우스 만들기 활동올 통해서 독립적으로 생존할 수 있는 공간을 설계하고 발표해복으로써 세포 구조와 소 기관의 역할에 대해서 스스로 고민해블 수 있는 계기가 팀 우리 몸울 구성하는 세포의 구조와 기능울 연결지어 생각하고 생명 시스템의 상호작용에 대해 고민함 . 가상 생명치의 화석올 관찰하고 특징에 따라 체계적으로 분류해보면서 진화와 멸종 과정 에 대한 자신의 생각울 밝히고 토론함. 시간의 변화에 따라서 개체가 어떻게 진화해 나가는지의 과정올 유주할 때 논리적으로 사고하는 모습이 인상적임. 구리의 성질 및 용도볼 성실히 조사하고 핵심적인 내용올 시각화하여 원소 포스터로 잘 표현함. 과학도서 서핑쓰기 활동에서 '리듬 의사가 꼭 알아야 할 의학 이야기' 틀 읽고 골레라군과 같은 눈에 보이지 않는 미생물에 의 한 전옆병처럼 코로나19도 전염명임울 알고 사회적 거리두기의 의미블 제대로 이해하게 되있다는 내용의 활동지루 작성하여 제출함 . 과학밤구실험: 주제 담구 보고서 활동으로 '한혹에 대한 구조 제대로 알기' 틀 담구 주제로 선정함 . 인터넷 검색올 통해 자료 틀 수집하고 정리함 . 한욕의 구조름 기단   주춧돌 , 가구식 결구  기둥   대들보로 분류하고 내용 요소름 손글씨로 정리하여 보 고서률 완성함 다른 학생의 발표 수업에 조전도체의 작동 원리에 대해 질문올 하는 등 적극적인 경청이 인상적임. 기술 . 가정: 특히 제도가 국가 발전에 기여하는 비름 이해함 . 더불어 표준화틀 위해 고러할 기준과 국제 표준 ,  한국 산업 표준 의 차이점올 인식함. 직정기술에 대해 이해하고, 단순히 기술 학신올 통해서 국가 경쟁력올 높이는 현상에 대해 의문올 가짐. 개발도상국 및 기술 력이 부족한 국가에 맞는 기술을 제공해 주는 것이 올바른 인류사회 구현임올 알고 개인적으로 실천할 수 있는 방안에 대해 고민함. 정보: 제시된 자료형에 적합한 변수률 정의하고 이루 활용하 프로그램올 작성활 수 있음. 자료형의 종류와 변수의 특징울 이 해한 후 두 변수에 저장된 값을 교환하는 알고리롬올 작성하여 제출함 . 또한 반복구조클 이해한 후 일상생활 속에서 볼 수 잎 눈 사례 중 하나름 정하여 적절한 조건올 지정하고 알고리주올 계획하없음 정보과학 분아의 직업 특성울 자신의 진로 선택과 관련지어 설명할 수 있음.  '정보과학과 진로' 풀 주제로 인포그래픽 제작 활 동 후 직업 환경의 변화에 대하여 알게 되없으며 새롭계 생겨날 직업은 조사하이 발표함 <진로 선택 과목>  --- Page 10 --- 정부24 성취도 성취도별 교과 과목 단위수 원점수 / 과목평균 비고 (수강자수) 분포비율 이수단위 합계 과목 세 부능력 및 특기사 항 해당 사랑 없음 <체육 예술> 학기 교과 과목 단위수 성취도 비고 체육 체육 예술 미술 체육 체육 예술 음악 이수단위 합계 세 부 능력 및 특 기사 항 미술: 체험 영역에서 종이 입체 창작 환동올 실시함 . 머리름 감는 자신의 모습올 시각화 함. 사위기 헤드에서 물이 나오는 모 습울 종이률 잘라 들어 올려 입체적으로 나타내고 사위기 헤드물 잡고 있는 손은 실제 손율 활용하여 종이률 뚫어 표현의 강 조클 나타님 . 활동올 통해 자신의 내면세계와 외부세계의 조화틀 이불 수 있는 방안울 주도적으로 경험함. 표현 영역에서 민화름 학습하고 현대식 문자도름 개성적으로 창작함 . 전통 민화에서 장수 , 출세 등올 상징하는 사물들의 의 미풀 학습하고 조개 , 거북  연꽃 사슴 등 소재물 자유롭게 한자 이름 안에 구성함. 특히 ,  중앙에 연끗의 모습울 자연스럽고 크게 표현하여 작품의 개성올 드러님. 새의 입체적인 효과루 주기위해 그라데이선 표현인 동양미술의 바림기법올 활용하여 효과적으로 나타님",2849,6,4,6,2.106002106002106,1.404001404001404,2.106002106002106
202310767,2,2021,1,사회 . 문화,기타,사회적 쟁점올 바라보는 관점 비교하기 활동에서 '주택정책' 올 주제틀 선정하여 각각의 신문 사설 내용올 기능문과 갈등로으로 구분하여 서술해 봄으로써 사회문화 현상올 바라보는 관접은 이해함 . 역할갈등 해결하기 활동에서 본 인의 구체적 사례플 들어 사회적 지위와 역할의 의미블 설명하고 역할갈등의 원인 및 해결방안올 제시함 . 수업 주제 발표에서 '문화의 속성 5가지' 틀 예름 들어 잘 발표함.,220,0,0,0,0.0,0.0,0.0
202310767,2,2021,2,사회 . 문화,기타,"우리나라 복지제도 찾아보기 활동에서 실업굽어에 대한 신문기사루 찾아 요약하고 기사름 분석하여 해당 복지 제도의 유형 , 사업 목적 , 지원 대상   지원 내용에 대해 서술함 . 문화 변동의 양상 표현하기 활동에서 문화 동화 , 문화 공존 , 문화 움합의 의미블 서술하고 비주얼 생항으로 표현하엿으미 적합한 문화 변동 사례름 서술함 . 자율 주제 발표에서 통  --- Page 13 --- 정부24 과목 세 부 능력 및 특기사 항 계학과 진학올 희망하여 저출산과 고렇화 현화 통계에 대해 자발적으로 조사하여 발표함. 해결방안으로 아동복지   실버산업 , 여성의 경제적 활동 지원 ,  유아 휴직 확대물 언급함 운리와 사상: 공감 원리큼 중시한 데이비드 흉의 경험?에 가장 많은 관심올 보이고 예전에 태안 기름 유출 사고나 진로 선택 동기 등의 문제에 공감 원리가 폭넓게 작용하다는 당찬 발표루 진행함 . 사람들이 공감을 바탕으로 공평한 관찰자로서 자기 자신 , 타인 , 사회의 이익이나 쾌각올 증진할 수 있다는 생각올 건지하다 사회적 차원올 감정 , 보편적 인류애에 대한 생각올 정리하기도 함. 정확한 논리와 타당한 논기블 통해 논술 수행평가을 우수하게 진행하고 동서양과 한국 사상의 전개도틀 완성하는 과제도 성 실하게 수행함. 개인 발표 수행 평가 시간에 정명 사상을 강조한 공자의 사상을 통해 현대 사회에서 노분레스 오분리주의 실 천과 학생들의 교칙 준수 등의 실천 과제플 제시하는 당찬 발표루 진행함. 생명과학 I : 생명과학의 통합적 특성, 유전병의 종류와 특징   성염색체로 인한 유전적 다양성 부분에 관심이 많음. 특히 빚 데이터블 활용하 인공지능과 인간의 상호작용 , 유전병 및 유진자블 이용하 인간의 삶의 질 향상   생물 간의 상호작용과 그 과 정 안에서의 로봇의 역할 , 과학의 발전과 운리적 문제에 대해 심도 엇게 고민하고 다양한 질문올 함. 평소 매우 긍정적이고 낙천적인 성격으로 새로운 변화와 트랜드에 관심이 맘고 창의적임 . 포기하지 않눈 근성과 끈기가 눈에 띄미 실수록 바로 잡으 려는 의지력이 돌보이는 학생임.",1028,3,0,5,2.9182879377431905,0.0,4.863813229571985
202310767,2,2021,1,지구과학 I,과학,"해저 확장설올 학습하여 오래된 해양지각은 해구에서 섭입에 의해 소별되올 이해하고 이틀 연령이 많은 해양지각이 관찰되지 않는 증거로 제시하여 가설의 타당성음 입종함 . 지질 시대의 환경과 생물 발표 활동에서 신생대름 조사 하없으며 , 신생대의 생물 분포와 새로운 생물종의 출현올 중점적으로 발표함.",165,3,0,0,18.18181818181818,0.0,0.0
202310767,2,2021,2,지구과학 I,과학,지구의 기온 변화와 온실 기치의 농도 변화 그래프틀 분석하여 인간의 활동과 기후 변화 사이의 연관성 올 발견함. 이름 바탕으로 지구의 기온이 최근 크게 상승하고 있으미 이상기후 현상이 더 자주 발생할 것을 예상함 . 별빛이 스껴트럽으로 검출되는 과정에 호기심올 보이미 별의 온도와 스패트럭의 관계에 대해 질문함 . 이 과정에서 별의 온도가 높올 수록 짧은 파장의 빛이 많이 나오는 원리지 이해함.,221,2,0,3,9.04977375565611,0.0,13.574660633484163
202310767,2,2021,1,일본어 [,기타,"영화 평론 쓰기름 통해 우리나라의 동아리 활동 활성화틀 위해 교내에서만 활동하는 것이 아년 교육부 차 원에서 다양한 동아리 관련 경연을 개최하여 이러한 경연올 통해 비슷한 취미름 가진 학생들이 서로의 실력올 거취보고  인간 관계블 맺어가다 ,  동아리 활동에 대한 동기부여들 하자는 의견올 제시함.",166,0,0,0,0.0,0.0,0.0
202310767,2,2021,2,일본어 1,기타,"일본의 숫자표현   지명 , 고유명사 등 어리운 요미가 나름 배운 후 친구들과 귀즈   게임 등의 방법올 이용해 다채로운 언어학습의 경과물 보없으다 . 다양한 표현 속에 숨어있는 일본인의 특성올 알아보고 이률 자주 교사에게 질문하여 담구하는 등 수업에 직극적으로 참여함. '독서 서평 쓰기' 에서 수업 시간에 일본의 생활에 대해 학습한 내용올 바탕으로 '나만 의 비밀 '이리는 책올 위고 소설 속일 본 고등학교 모습에서 신발장의 위치 ,  체육대회와 축제의 규모 및 활동 등의 학교생활에 서의 특징울 발견하여 한국학교와의 차이에 대해 분석하여 일본 학교의 특징에서 한국학교에서 보완할 부분에 대해 의견올 제시한 것이 인상적임. 학교자 올과정 음합독서활동 1덩에서 '너는 네가 되어야 한다'틀 입고 삶에 대한 종은 시각울 가지기 위해서는 사물이나 사건 올 다양한 시각으로 바라보야 하머 , 다양한 시각으로 보기 위해서는 상황에 따라 알맞은 시각울 갖는 훈련올 많이 해야 한다 고 발표함.  2 팀에서는 '나는 나로 살기로 햇다' 률 선정하여 독서 활동올 함. 타인의 기준에 맞취 살다 보면 지칠 수밖에 없고 언젠가는 자신에계 쫓지 않은 영향이 있을 수 있으므로 스스로홀 소중히 여길 때 행복에 더 가까워진다고 이야기합. <진로 선택 과목>  --- Page 14 --- 정부24 성취도 성취도별 교과 과목 단위수 원점수 / 과목평균 비고 (수강자수) 분포비율 수학 수학 과제 팀구 92/82.8 A(55) A(74.5) B(18.2) C(7. 3) 사회 (역사 / 도 고전과 운리 77/70.9 B(224) A(31. 3) B(51. 3) C(17 4) 덕포함) 영어 진로 영어 95/72.4 A(71) A(52,1) B(15, 5) C(32 사회 (역사 / 도 고전과 운리 81/71.4 A(226) A(45.1) B(29.6) C(25.2) 덕포함) 이수단위 합계 과목 세 부 능력 및 특기 사 항 수학과제 담구: 수학과제 담구에서 다루고 싶은 주제로 '로그의 역사' ,  '한복 속의 수학적 원리 , '독서가 청소년에게 미치는 영향'  '코로나 19시대 교육 걱차' 등올 찾아본 후 현재 겨고 있는 코로나 19로 인한 교육격차에 대해 알아보고자 '코로나 19 시대 원격수업에 따른 교육격차 양상 담구'라는 주제름 선정함 . 이름 담구하기 위해 통계청 , 학술자료 등에서 연구관련 자료 들올 수집한 후 거주 지역올 중심으로 학업 성취도 걱차와 학교 교육에 관한 내용올 정리하없고 , 이중 원격수업의 문제점과 수업개선의 노력에 대해 집중적으로 정리함 . 이틀 바탕으로 발표자료틀 제작하여 조원과 서로 번갈아가다 담구한 내용에 대 해 발표름 진행함. 기존 통계 자료들올 활용하여 현상울 분석하기 위해 노력하는 모습울 볼 수 있있음. 진로 영어: 분석력   담구능력과 늘 성실한 태도가 특성인 학생으로   진로분야 담구활동올 위해 대학 신입생이 인식하고 있는 컴퓨딩 사고력주제의 영어자료률 잎고 학술연구에서의 통계의 의의 , 교육과정 구상 절차에서 각종 학계의 연계 및 지식의 구 조화 등올 시사점과 느낌적으로 급고. 이로부터 컴퓨딩 사고력의 의미 , ssPS 프로그램의 활용  t 김정   Borich의 요구도 공 식 The Locug for Focug 모델, 통계름 활용한 사례연구의 실재 , 데이터 분석과 해석의 중요성 ,  소프트웨어 교육 및 4차 산업히명 시대의 핵심역량울 학습하여 영어 및 전공 역량울 향상시김. 고전과 운리: 정의로운 사회에 대해 조사함. 공동체는 공정한 분배가 이루어질 수 있는 기준올 마련하여 자유, 소득 , 기회 , 지위 등과 같은 사회적 자원올 공정하게 분배해야 하머 이 기준이 공정하게 작용하면 구성원들은 사회블 신회하고 결과에 복하지만   불공정하게 작용하면 갈등과 분쟁이 발생하게 월 것이라고 주장함. <체육 예술> 학기 교과 과목 단위수 성취도 비고 1 체육 운동과 긴강 2 체육 운동과 건강 이수단위 합계 과목 세 부 능력 및 특기사 항 운동과 건강: 비대면으로 진행된 훔드레이님 수업에서 울통불통 웅친 좋아리 근육 매끄럽기 만들기름 목표로 나만의 흉드레 이냥 계획울 수립함 스트레칭 위주의 운동으로 구성하여 국곡 없이 매끄럽게 균형 잡히 체형올 만늘고자 함. 푸시 카프 스트 레치, 포위드 샌드 , 샌드 니 마운단 포즈클 30초씩 2세트 매일 실천함으로써 다리 살이 빠지고 근육이 고르게 발달하여 매끄 러운 좋아리 라인올 기대함.  --- Page 15 --- 정부24",2190,5,3,6,2.28310502283105,1.36986301369863,2.73972602739726
202310941,1,2020,1,국어,국어,논제에 따라 필수 생점올 선정하고 생점별로 주장과 이유 및 근거률 갖춘 논중올 구성하다 자신의 의견올 주장 하는 입혼 과정올 수행함.,74,0,0,1,0.0,0.0,13.513513513513514
202310941,1,2020,2,국어,국어,언어 공동체의 담화 관습을 성찰하고 바람직한 의사소통 문화 발전에 적극적으로 참여함 . 자신의 경험올 성찰 하고 정서률 개성 앞게 표현하는 글울 작성함.,85,0,0,3,0.0,0.0,35.294117647058826
202310941,1,2020,1,수학,수학,수학에 점점 흥미름 느끼게 되어 기초개넘부터 터늑하러 노력하없으머 이에 여러 문제름 해결함 . 인수분해 단 원에 대한 이해가 힘들없으나 급심공식올 명확히 하머 인수분해에 대한 이해가 조금씩 생기게 되엇고 직선의 방정식에서논 어리운 문제도 어려움 없이 풀어님,143,0,0,2,0.0,0.0,13.986013986013987
202310941,1,2020,2,수학,수학,"수업 태도가 바르벼 문제률 풀이할 때 질문하거나 해설지의 내용올 이해하려 노력하없으며 배운 공식올 단순히 외우고 문제만 푸는 것이 아난  공식이 나오기까지의 과정올 이해하고자 노력합. 수학 노트틀 작성하여 오답 체크와 반복 학 숨음 꾸준히 하여고 수학적으로 표현하는 능력 및 사고력올 키우는 수학에 대한 많은 흥미와 열정이 있음  --- Page 7 --- 정부24 과목 세 부 능력 및 특기사 항 영어: '프로그래망' 이라는 주제름 선백한 후 ""Computer Programming and Program""이라는 제목의 영어 기사름 작성 함. 이 기사에서 프로그램과 프로그래망의 역사와 의미에 대하여 폭넓게 다툼. 또한 , 대표적인 프로그래망 언어인 C언어의 역사틀 구체직으로 다뒷으머 C언어가 쓰이는 방향과 예시 등올 구체적으로 작성합. 영어 문법 공부에 집중하고 끊어위기 . 문법 개념 정리 , 문제 풀이 등올 실천하고자 노력함. 밝고 적극적이면서도 성실하게 수업에 참여하고 발표하여 수업분위기틀 증계 유지하는데 기여함. 실수에 대한 두려움이 없어 외국어 학습에  적합한 성격올 가지고 있음 영어에 대한 학습 능력이 뛰어나머 늘 최선올 다하는 모습올 가진 학생임. 리더심과 공감하는 능력이 뛰어나 주 변 친구들과도 잘 조화하다 모든활동올 잘 이끌어 감.",647,0,0,8,0.0,0.0,12.364760432766614
202310941,1,2020,1,한국사,사회,홍선대원군의 개력 정책과 경복궁 중건 사업에 대한 내용올 정확히 이해하고 있으미 이름 바탕으로 역사일기 풀 작성함. 민생올 위한 일런의 개사이 무리한 경복공 중건으로 수포로 돌아가는 모습에 주복하고 진정한 국가의 역할에 대해 질문하는 날카로운 역사의식올 보이중,145,0,0,0,0.0,0.0,0.0
202310941,1,2020,2,한국사,사회,"역사에 대한 도서률 선정하여 밤구하는 활동에서 '트라이생글 세계사 률 읽음 포에니 전쟁에 대해 설명하는 부분이 가장 인상적이없으며 , 동양과 서양의 차이점에 대한 역사블 담구하는 계획올 세움. 농합사회: '존엄사' 률 주제로 한 친성 , 반대 활동에서 '존엄사' 찬성 입장만 아니라 반대의 입장도 분석하고 고려물 하면서 생명과 관련하여 다양한 자료와 의견올 제시하고 자신의 입장을 논리적으로 잘 표현함 . '저출산 고렇화 의 문제로 나타나는 사회문제률 인식하고 원인과 이루 해결할 수 있는 방안올 경제적 , 노동적 , 사회복지 즉면에서 논리적으로 제시함.",310,1,0,0,3.225806451612903,0.0,0.0
202310941,1,2020,1,통합과학,과학,일상 생활에서 안전사고 예방은 위한 안전장치 고안하기 환동에서 버스름 타고 가다가 규정거 시 버스 요 금통 같은 단단한 부분에 부딪혀 다칠 수 있으므로 요금통 주변올 스편지 같은 것으로 둘러싸 충돌 시 충돌 시간율 늘려중으 로써 충격력의 크기틀 최소화하여 부상울 방지할 수 있다는 아이디어름 보고서로 작성함.,172,0,0,0,0.0,0.0,0.0
202310941,1,2020,2,통합과학,과학,적정기술올 적용한 장치 고안하기 활동에서 라이프 스트로우와 @드럭의 사례 분식올 통해 적정기술이란 무엇인지 이해하고 유도고일 기술울 활용하여 신발 안에서 발진이 가능한 자가 발전 운동화물 고안함 . 이틀 통해 길을 때 버 러지는 에너지름 수집하이 전기에너지름 생산하고 전기가 공급되지 암는 환경에서 저장된 전기에너지름 유용하기 사용함 수 있울 것이라는 의견올 발표함. 과학담구실험 : '산성화된 토양과 호수름 중화하는 방법 고안하기' 활동에서 중화반용올 무선 MBL 실험장치름 이용하여 온도 및 전기 전도도   pH의 변화물 수집   분석하고 그래프로 나타냄으로씨 중화반응에 대해 이해함. 또한 토양과 호수가 산성화 되는 과정과 이로 인한 피해름 과학적 근기름 들어 설명하고 산성화된 토양과 호수름 중화시길 수 있는 방법올 고안하는 과정 올 통해 과학적 사고력이 향상팀 . '초발수' 실험올 통해 생체 모방 기술과 초발수 기술에 대한 개념울 이해하없으벼 응용할 수 있는 실험올 설계하고 구현함으로씨 과학적 소양을 함양함.,515,3,0,3,5.825242718446602,0.0,5.825242718446602
202310941,1,2020,1,기술 . 가정,기술·가정,세계 여러나라의 결혼 풍습에서 우주베키스틱의 전통 결혼식에 대해 자세히 조사하고 보고서클 작성함.,54,1,0,0,18.51851851851852,0.0,0.0
202310941,1,2020,2,기술 . 가정,기술·가정,"가정생활 문화의 창조와 실천 단원에서 영국의 의식주 생활문화에 관심올 가지고 조사한 후 보고서클 제 출함. <진로 선택 과목> 성취도 성취도별 학기 교과 과목 단위수 원점수 / 과목평균 (수강자수) 분포비율 이수단위 합계  --- Page 8 --- 정부24 과목 세 부 능력 및 특기사 항 해당 사랑 없음 <체육 예술> 학기 교과 과목 단위수 성취도 체육 체육 예술 미술 체육 체육 예술 음악 이수단위 합계 과목 세 부 능력 및 특 기 사 항 체육: 평소 운동에 관심이 맘으  특히 맨봄 근력 운동올 집에서 꾸준히 함르로써 자신의 근력올 향상시키기 위해 부단히 노 력합 . 턱걸이 , 팔급혀퍼기 , 스템트 등 기본적인 근력 운동변만 아니라 교과 교사와 매체등올 찾아보며 자신에 맞는 운동 방법 올 찾는 모습음 보임 .  성실함과 인내심이 좋아 자신이 목표한 과제름 완수하기 위해 묵국히 연습하다 부단히 노력함. 농구 드 리블 능력이 뛰어나머 농구 경기 중 수비수 한명 정도물 가볍게 놀파하는 모습올 자주 보임. 음악: 교가의 선율올 들으면서 그 선율에 해당하는 코드들올 연주하는 수행평가에서 코드물 바르게 익혀 맞는 연주률 하없으 며 신물연주 수행평가에서 드럭의 리듬에 방해 받지 암고 피아노 입으로 교가 선울올 안정되게 연주함 .  감상과 논술로 이루어 진 이론영억올 배우고 서양음악과 전통음악에 대한 형태름 알기 팀 미술: 특징 단체가 가지고 있는 이미지름 주어진 표현매체틀 이용해 시각적으로 단일화하여 심벌 및 입늘럼 디자인올 하뒷고 '학교폭력 예방' 의 주제률 가지고 학교폭력에 대한 경각심의 메세지루 담아 그라피티와 퍽로그램올 표현함.",809,2,0,2,2.472187886279357,0.0,2.472187886279357
202310941,2,2021,1,지구과학 I,과학,"한반도의 대표직인 지형올 심미적인 관점에서 그림과 글로 표현하없으며 , 한반도 지형의 아름다움과 지 질학적인 가치에 대해서 탄색해 봄",74,0,0,0,0.0,0.0,0.0
202310941,2,2021,2,지구과학 I,과학,"양부일구 모형 제작올 통하여 계절볕 태양의 좌표 변화에 따른 태양의 운동 및 해시계의 제작 원리블 이 해하여으미 선조들이 제작한 천문 도구의 우수함올 인식함.  --- Page 11 --- 정부24 과목 세 부 능력 및 특기사 항 대중가요 가사 속에 반영원 지구과학적 현상의 원리큼 분석해보고 예술이나 문학 등에도 과학적 현상 및 이론이 적용월 수 잎 나는 것울 인식하게 팀. 프로그래망올 통하여 별올 종류별로 분류할 수 있다는 아이디어름 제시하는 등 수업시간에 배운 지구과학의 여러 과학적 내 용이 본인의 진로에 어떻게 적용되 수 있는지름 담색해 봄. 일본어 I : 일본의 교통문화름 조사하여 다채로운 사진과 함께 계시판올 제작하이 발표함. 버스 타고 내리는 법 , 대중교통 이 용시 매너 , 교통표지판 등 현실감 있는 자료로 일본에 대한 흥미률 높임. 온라인 수업 기간 중 성실히 수업에 참여하고 해당 수업시간의 쓰기 과제틀 매시간 업로드하다 기본 어휘와 일상 회화 , 한자 쓰기 언습올 누적함 . 일본 문자인 허라가나름 익혀 일상적인 인사말을 하고. 상당수의 단어름 이용하여 위치관계 . 가족소개 에 관한 다양한 문장울 쓰고 읽울 수 있음. 칭찬 ,  거절 , 배려 , 의사 전달 등 나양한 의사소통 표현올 익험. 형용사와 동사 기 본형올 다양한 형태로 활용할 수 있음. 컴퓨터와 스마트풀에 일분어름 입력하여 문서름 작성하고 ,  일본 포털사이트에서 일본 어률 입력하여 검색하여 원하는 정보률 찾아 번역하여 정보률 수집활 수 있음 자신의 신넘이나 의지 , 가치 등올 표현하는 '미'아웃(meaning out) '에 대한 의미블 찾아본 후 한일 역사 문제 , 무역마찰로 '인한 불매운동   한일 양국의 관계 개선에 대한 자신의 의견올 발표함. 위안부 피해자름 돕기 위한 상품 구매와 같은 구체적 사례물 제시하고   일상의 실천으로 사회 변화물 이끌어가자는 의견올 제시하여 근 공감울 얻음. <진로 선택 과목> 성취도 성취노별 학기 교과 과목 단위수 원점수 과목평균 (수강자수) 분포비율 과학 과학과제 연구 79/90.1 B(79) A(86.1) B(IO. 1) C(3.8) 예술 미술 창작 70/77.8 B(120) A(45.8) B(53.3) C(0.8) 과학 과학과제 인구 74/73,5 B(78) A(37.2) B(46.2) C(16.7) 예술 미술 창작 78/83.4 B(119) A(68.9) B(29.4) C(1 7) 이수단위 합계 과목 세 부 능력 및 특기사 항 과학과제 연구: 실생활 속에서의 불편한 점을 컴퓨터 프로그램을 활용하여 개선할 수 있는 '실생활 보조 프로그램 제작' 올 주 제로 프로적트록 진행하없음. 프로그램에 대한 부족한 지식울 확장시키기 위해 영상   인터넷 오른 소스 , 논문 등울 농해 코딩 에 관한 자료틀 수집하고 정리하없음  특히 if문 , 반복문   함수 선언 , loop문의 역할 , main문의 역할 등에 대해 팀원들과 함 끼 남구하여 정리한 후 공유한 점이 돈보 없음  불무투스 모물올 연결하는 과정에서 연결의 문제점올 해결하기 위해 팀원들과 함께 불루투스 모물의 연결 방식올 바뀌보기도 하고 불루투스 모물올 연결하기 위한 코딩식올 바뀌보기도 하는 등 문제 해결 올 위해 다양한 방법올 시도하없으미 이 과정에서 보드레이트와 코딩식에 문제가 있음올 알고 해결해 l무투스 모둘 연결을 성공시키는 성취의 기쁨울 맛보기도 하없음. 그동안의 연구 과정올 동기 , 목적 , 이론적 배경 ,. 실험 과정   결과 ,  고찰 등울 정 리하여 포스터와 ppt로 작성하여 발표하없음. 프로적트틀 진행하면서 문제 해결에 대한 열정과 의사소통 능력 등이 향상되 없음올 느낌점으로 발표하없음.",1802,5,3,10,2.774694783573807,1.664816870144284,5.549389567147614
202310941,2,2021,1,미술 창작,예술,"'환상'과 '꿈' , '무의식'올 소재로 표현하는 초현실주의 표현 작품올 응용하여 창의적으로 표현하여 제출 함. '콜라주' 률 표현하면서 다양한 재료물 탄색하여 오브제률 붙이고 결합하는 내용의 미술 표현 방법울 이해함. 현대미술사의 이론 수업올 통해 미술 작품의 시대적 배경과 예술가에 대해서 이해하여 글을 작성함.  --- Page 12 --- 정부24 과목 세 부 능력 및 특기사 항",216,0,0,0,0.0,0.0,0.0
202310941,2,2021,2,미술 창작,예술,사물에 대한 관찰력이 있으머 연필올 사용하여 드로님올 표현하는 수업 시간에 선으로 표현하다 노력함. 평면 그림울 입체로 표현하여 나타내는 협동 수업 시간에 모든원의 의건올 존중하고 힘동하여 각자 맡은 역할 분담올 농해 미 작품올 창의적으로 완성하여 교내 미술 전시름 진행함. (체육 . 예술> 학기 교과 과목 단위수 성취도 체육 운동과 건강 체육 운동과 건강 이수단위 합계 과목 세 부 능력 및 특기 사 항 운동과 건강: 경쟁 영역에서 네트형 경쟁스포츠의 종류와 배구 경기의 특성 및 규칙울 이해하고 자신이 경험한 경쟁 스포츠 와의 차이점올 비교할 수 있음 운동 능력이 뛰어나지는 않으나 수업시간 배구 경기 기능 연습올 꾸준히 실시하여 경기 수행 에 필요한 서브와 리시브의 기능 수행능력이 우수함. 모퉁별 경기에서 모퉁의 경기력 향상울 위해 창의적 전락올 제시하고 모 둘의 친구들과 협력하여 다양한 전술언습올 실시하여 팀의 승리에 기여함 . 경기에서 심판으로서의 참여하여 자신의 역할을 성실히 수행함.,504,4,0,5,7.936507936507936,0.0,9.920634920634921
202311093,2,2020,1,중국어 1,기타,"중국어에 대한 흥미블 가지고 수업에 참여하여 앞으로 많은 향상이 기대션 '중국어 이름 찾기' 활동에서 이 틈의 간체자 번체자, 한어병 음올 조사해 봄으로써 인터넷상에서 중국어 활용 능력올 갖춤 '중국 유명 인물 소개하기' 활동에서 자신이 소개하고 싶은 인물올 조사하여 인물의 업적 , 선택한 이유 및 느낌 점울 성실하게 작성함 '자기소개하기' 활동에서 간 체자와 한어병음으로 원고틀 작성하고 발표함 물봇 쓰기 전지공예틀 통한 중국문화 체험 수업올 즐겁게 참여합.",258,2,1,2,7.751937984496124,3.875968992248062,7.751937984496124
202311093,2,2020,2,중국어 1,기타,"중국어의 말하기, 듣기, 쓰기 , 위기의 4대 영역올 균형 앞게 학습하고 식(쇼) 문화  공연 예술 문화 등 중 국의 주제별 문화 권R츠 수업에 흥미물 가지고 참여함. 또한 본인의 학습 상의 난점올 극복하기 위하여 노력하는 모습이 인 상적임. <진로 선택 과목> 성취노 성취노별 학기 교과 과목 단위수 원점수 / 과목평균 비고 (수강자수) 분포비율 과학 정보과학 74/85.4 B(22) A(81.8) B(18.2) C(0 0) 공동 체육 체육 담구 78/87.2 B(404) A(83.4) B(16. 3) C(0. 2) 예술 연극의 이해 84/84, 2 A(404) A(73.0) B(26.0) C(L0) 체육 체육 담구 81/88.0 A(401) A(86. 3) B(13. 5) C(0. 2) 예술 연극의 이해 93/82,5 A(401) A(65.6) B(30.2) C(4,2) 이수단위 합계 과목 세 부 능력 및 특 기사 항 정보과학: 알고리롬 및 피지길 컴퓨갈올 활용하 문제 해결 프로적트 '씨티 세이퍼' 에서 주어진 문제들 분석하여 발표하워음 미선올 해결하는 과정에서 발생한 다양한 오류들올 해결하는 과정에 흥미름 보이미 주어진 시간 안에 최선올 다하는 모습올 보여 주없음: 나양한 문제 해결 활동으로 프로그램이 일상생활에 어떻게 활용되고 있논지루 체험함으로씨 정보과하과 우리  --- Page 12 --- 정부24 과보 세 부 능력 및 특 기 사 항 생활과의 밀접한 관련성이 있음올 깨단고 정보과학에 대한 흥미와 관심이 많아짐. 체육 담구: 수업시간에 항상 밝은 표정으로 임하없고, 교사의 수업에 경청하는 자세름 보/음   가정에서 할 수 있는 근력운동 의 과제록 성실하게 수행하여 본인의 체력향상이 눈에 띄없음 <체육 예술> 학기 교과 과목 난위수 성취도 비고 예술 음악 음악 이수단위 합계 과목 세 부 능력 및 특기사 항 약: 음악부장울 맡아 급우들올 음악실로 인술하고 음악실 뒷정리물 도맡아 하는 등 타의 모범올 보임 열정적이고 적극적으 로 음악수업에 참여하여 5번의 수행평가에서 준수한 성적올 기듭. 코로나19로 부득이하게 온라인 수업이 진행월 때에도 곁 석하지 암고 성실하게 참여함 . 겁다 수업 때에도 열심히 참여하여 익히고 미혼한 친구름 도와주는 등 배러하는 모습올 보임 수업에 집중하고 수업목표물 성실히 달성해 내는 모습올 보이다 음악에 흥미가 있고 관심이 높아 교사의 수업진행울 잘 따르 고 즐겁게 참여함",1193,2,1,8,1.6764459346186085,0.8382229673093042,6.705783738474434
202315049,1,2019,1,통합사회,사회,"남아메리카 대륙에 대한 자료름 조사하이 발표함, 남아메리카 대륙에 위치한 각 국가들의 특징과 생활모  --- Page 8 --- 정부24 과목 세 부 능력 및 특기사 항 숨 , 기후별 차이름 중점으로 자료름 조사하고 정리하는 과정올 통해 타 대륙과 구분되는 남아메리카 대륙만의 특징과 문화름 일게 팀. PPT률 활용하여 사진과 내용올 제시하고 이률 토대로 내용올 정확하게 설명하고 전달하는 모습올 보임",224,2,0,1,8.928571428571429,0.0,4.464285714285714
202315049,1,2019,2,통합사회,사회,"평소 무대 연출 등에 관심이 많아서 나의 드림 두어 프로제트의 대상 여행지로 런단올 곱음. 런던의 유지길 문화름 체험하고 더불어 다양한 영국 문화름 경험할 수 있는 계회올 수립함. 영국 유지걸울 대표하는 세 공연올 관광할 계회 올 세우고 박물관 , 서머셋 하우스   빚 벤 및 애비 로드 등올 방문할 계획올 세움. 관광 장소 뿐 아니라 교통편   식당 및 주택 공유 서비스 이용까지 꼼꼼한 계획이 돌보이미 풍부한 이미지 자료가 포함된 프리센테이선으로 돌보이논 발표틀 선보임",264,2,0,1,7.575757575757576,0.0,3.787878787878788
202315049,1,2019,1,프로그래망,기타,"로봇 BV3틀 활용하 자율주행 프로그램에서 문제해결올 위한 정확한 프로그램올 작성하여 컬러센서와 모터의 제어 ,  컬러값에 따른 방향 전환 등 자율주행 프로그램   4단계의 최종까지 미선올 완벽히 수행함. 프로그래망에 대한 어렵고 두려운 마음이 있지만 본인의 미래 진로에 대한 선택의 폭울 넓히기 위해 수업시간에 열심히 배우고 옳은 실행결과가 나올 때까지 프로그래망의 오류름 찾아 수정하는 모습올 보여중.",226,0,0,0,0.0,0.0,0.0
202315049,1,2019,2,프로그래망,기타,"2인 팀별 수행평가에서 C언어로 햄버거 추천 프로그램올 만큼 . 코딩올 담당하여 정확한 문제 분석올 토 대로 순서도볼 꼼꼼하게 작성하엿으며 마지막 논리적 오류블 해결하고자 최신올 다해 노력함. 수업시간마다 응용 프로그램 작성 시 적극적으로 코딩하여 자신앗기 발표함, <진로 선택 과목> 성취도 성취도별 학기 교과 과목 단위수 원점수 / 과목평균 (수강자수) 분포비율 이수단위 합계 과복 세 부 능력 및 특기 사 항 해당 사랑 없음 <체육 . 예술> 학기 교과 과목 단위수 성취도 체육 체육 예술 음악 체육 체육 예술 연극 이수단위 합계 10 과목 세 부 능력 및 특기사 항 음악: 악보물 읽어내는 능력과 음악적 표현 능력이 뛰어날 뿐 아니라 피아노 연주 실력이 좋아 학급에서 반주자의 역할올 성 실하게 수행함. 리듬감과 음악성이 우수하여 기약 수업에도 높은 관심을 보없으미 , 다양한 기타 코드틀 익히고 연주회에 참 여하는 기타 연주 수업에 적극적으로 참여하없음 연극: 수업에 임하는 태도가 종고 연극 관련 전공 도서름 찾아 스스로 학습하없으며 모르는 부분이 있으면 교사에게 적극적  --- Page 9 --- 정부24 과목 세 부 능력 및 특기사 항 으로 질문하여 궁금증올 해결하는 등 담구력이 뛰어난 학생임 . 장면분석 표와 인물분석 표름 작성하는 데 있어 남들과는 다른 시선으로 작가의 의도물 분석하여 재창조함. 연극 발표 회에서논 조명과 음향감독 역할울 맡아 책임감 앞게 임무물 수행하옆 고 완성도 높은 작품올 만드는 데 크게 이바지합 . 자신의 주장만 내세우지 암고 다른 사람들의 의견올 잘 수용하는 등 연극올 제작하는 과정에서 교우들에계 본보기가 팀 . 매사에 진중하고 성실한 자세로 임하여 또래보다 싱숙한 모습으로 진지한 수업 분위기 조성에 크게 이바지합 . [2하년] 원점수  과목평균 성취도 학기 꼬과 과목 단위수 식차등급 (표준편차) (수강자수) 국어 분학 91/74. 3(15. 2) (316) 수학 수학 41/45.5(25. 2) (316) 영어 영어 98/62.6(20.3) (316) 사회 (역사 / 도덕포함) 경제 80/70.2(15.0) (174) 과학 통합과학 85/69.9(17.5) (316) 기술 . 가정 / 제2외국 중국어 [ 79/72..2(19.5) 68) 어 /한문 / 교양 회계 정보 처리 시스 경영 . 금움 69/60.0(17.9) (99) 디자인 . 문화 관렌즈 영화 관렌즈 제작 91/83.6(9.9) A(99) 정보 . 통신 정보 처리와 관리 88/75.5(15. 2) B(99) 정보 . 통신 컴퓨터 시스템 일반 86/73.2(16.6) B(99) 용용 프로그래망 개 정보 . 통신 93/78.6(14.2) A(99) 국어 문학 88/71.1(17.6) (312) 수학 수학 45/45.7(24,1) (312) 영어 영어 I 97/60.0(20.9) (312) 사회 (역사 / 도덕포함) 경제 93/58.9(23,6) (172) 과학 통합과학 81/64.6(16.7) (312) 기술 . 가정 / 제2외국 중국어 [ 79/76.8(18.8) 68) 어 /한문 교양 회계 정보 처리 시스 경영 . 금움 45/58.3(20.7) E(97) 디자인 . 문화 공렌츠 영화 공렌츠 제작 74/80.1(18.9) C(73)  --- Page 10 --- 정부24 원점수 / 과목평균 성취도 학기 교과 과목 단위수 석차등급 (표준편차) (수강자수) 정보 . 통신 정보 처리와 관리 87/78.2(16.7) B(73) 정보 . 통신 컴퓨터 시스템 일반 71/58.5(21,1) C(97) 응용 프로그래망 개 정보 . 통신 62/66. 2121.0) D(73) 발 이수단위 합계 58 과목 세 부 능력 및 특 기사 항 문학: 수업시간에 배운 수오재기름 통해 이런 문제점들올 해결합 수 있는 계기름 마련함 . 본질적 자아와 현상적 자아의 개념 과 차이률 분명히 인식하면서 과거의 삶에 대한 반성으로 시작한 깨달음올 앞으로 실천하려는 작가의 모습올 보면서 본질적 자아의 중요성올 인식함 수학 I : 1학기 교육과정올 통해 거듭제 급근과 지수법칙 , 로그의 뜻과 성질 , 지수함수와 로그함수 , 삼각합수와 그래프에 대해 학습함 . 학기말 교과시간을 통해 수학자 아르키메데스의 업적에 대하여 조사하고 그 내용올 정리하여 제출함 . 2학기 교육과 정울 통해 호도법 , 삼각함수 , 수열 , 수학적 귀드냄에 대해 배우고 익힘. 등차수얼 , 등비수열의 일반항울 구활수 있고 합의 공 식울 문제 해결에 적용할 수 있음. 실시간 인격수업에서 주어진 과제름 풀어 매시간 사진으로 제출하려 노력한 학생임 . 사인 법칙올 활용하여 삼각형의 주어지지 암은 한변의 길이와 외접원의 반지름올 구할 수 있음. 영어 I : 영어름 도구로 한 자유주제 발표 시간에 '영어 공인인증시험제도 '틀 소재로 선정함 . 영어 공인인증시험의 세가지 종 류 즉 토의 , 토풀 , 텍스의 시험 구성 , 각각의 시험 응시생에게 요구되어지는 어학 능력 , 공인인증시험별 활용영역울 일목요 연하게 발표하다 영어공부의 필요성올 역설한 점이 인상깊음 영어 I : 듣기 , 말하기 , 쓰기, 위기 모든 영역의 성적이 우수한 학생임. 특히 , 영어구문에 대한 이해도가 우수하고 수업시간에 강조하는 부분올 복습한 후 , 의문이 생기는 부분에 대해서는 다양한 문장올 통해 스스로 담구한 후 교사와 확인해 가능 모범 적인 학습태도 가지고 있음. 수업 내용올 확인하는 영작 및 독해 팀별 킬레이 경기에서 우수한 실력올 인정받아 팀의 해결 사 역할올 하여으며 팀의 우승에 기여합. 타인올 도운 경험올 소재로 한 영어글쓰기 수행평가에서도 서론  본론   결론의 완벽 한 글을 작성해 우수한 성적올 얻음. 수업 내용올 확인하는 영작 및 독해 팀별 길레이 경기에서 좋은 싱과름 얻기 위해 팀원 늘과 파드루 나누고 모르는 부분은 서로 알려주다 공부하여 팀 우승에 기여함.",2874,3,1,5,1.04384133611691,0.3479471120389701,1.7397355601948503
202315049,1,2019,1,경제,사회,"게임기에 관한 뉴스 기사루 제시하여 샌드왜건 개념울 설명하고 경제 문제의 긍정적인 면과 부정적인 면에 대 한 의견올 논술형 평가을 통해 논리적으로 작성함. 각 경제 주체의 역할에 대한 개념올 이해하고 가계의 질 높은 노동력 제 공 , 기업의 일자리 창출과 감은 역할에 대해 글쓰기로 제시함.",162,0,0,0,0.0,0.0,0.0
202315049,1,2019,2,경제,사회,"한국 경제의 문제점이 저출산에 있다고 보고 해결울 위해 출산 전후 비용에 대한 지원 및 다양한 복지혜택울 늘 려야 함을 의견으로 제시함 . 한국 경제의 미래 예측은 이키머스에 증가와 관련한 뉴스 기사름 통해 택배 기사의 노동 시간 증 가와 소상공인의 어려움 등 다양한 문제가 발생할 것이라는 의견올 제시함. 수업시간에 수요공급과 시장균형의 변동올 이해 하고 그래프블 이동시켜 결과늘 도출하없으다   불가의 정의블 발표하고 충수요와 총공급 변동에 따른 균형 변화물 그래프로 작성하여 성실히 과제 제출함. 통합과학: 성간 공간에서 분자와 간단한 화합물이 생성되며 현재 수소 분자가 가장 풍부함올 반응속도의 원리블 사용하이 설 명하고 지구 대기 형성에도 농일한 원리가 적용되올 연관 지어 정확히 설명함 .  별의 진화 과정에 흥미름 느끼고 핵움합 과정  --- Page 11 --- 정부24 과목 세 부 능력 및 특기사 항 과 별의 일생올 연결 지어 이해하고 이름 발표함 중국어 I : 평소 부지런하고 성실한 성격의 학생으로  특히 온라인 수업에서 높은 참여도와 집중력올 보여주없으며 매시간 제 공되는 과제에도 즐거운 마음으로 적극 참여하여 본인의 생각을 기술하없음  한국과 중국의 다른 문화에 대해 조사하는 과제 활동에서논 중국 학생들의 학교생활에 대해 비교 분석하엿으다 , 온라인상에서 실제로 중국어 간체자루 타이굉하다 기초적인 의사소통 표현들올 글로도 구사해닐 수 있음 회계 정보 처리 시스템: '재무회계와 관리회계의 차이점' 이런 글을 통해 재무회계는 외부 이해관계자의 의사결정에 유용하 정 보름 제공하기 위해 과거 지향적이고 객관성올 중시하는 반면 , 관리회계는 내부 이용자가 기업의 경영활동에 필요한 정보름 얻기 위해 미래 지향적이고 목적 적합성올 중시하는 특징울 지니고 있다고 기술함. 영화 관렌츠 제작: 개인 영상 만들기 수행평가에서 자신이 최근 취미로 하고어구스틱 기타물 이용하여 커버영상울 기획하고 제작함 . 커버영상에 있어서 필요한 녹음과 음향탤런스클 적절하게 활용하여 제작함 . 특히 프로그램에서 어려움올 느껴지만 다양한 매체름 활용하여 사용법올 익혀나감. 정보 처리와 관리: 고급 필터 기능을 이용하여 데이터 관리틀 잘 하여 , 부분합 기능을 이용하여 데이터 분석 능력이 뛰어나 며, IF 함수률 이용하 문제 해결 능력과 MAX, MIN, LARGE , sMALL 함수률 이용하 문제 해결 능력이 뛰어남 <진로 선택 과목> 성취도 성취도별 학기 교과 과목 단위수 원점수 / 과목평균 (수강자수) 분포비율 체육 스포츠 생환 96/92,1 A(316) A(93.4) B(5. 7) C(0.9) 2 이체유 스포츠 생활 100/92.4 A(312) A(88.8) B(9. 6) C(1. 6) 이수단위 합계 과목 세 부 능력 및 특 기사 항 스포츠 생활: 평소 체육시간에 친구들에계 배러심이 망고 봉사심이 강해 친구들에게 신망이 두터움   몸은 유인하나 약한 근 력울 보강하기 위해 집 주변올 아침마다 조강울 꾸준히 한 결과 지구력과 근력이 좋아짐. 탁구경기에 관심이 많아 반 시간율 통해 탁구운동올 자주함 . 다양한 구질의 스트로크름 구사 할 수 있으머 실력이 매우 우수함. <체육 . 예술> 학기 교과 가목 단위수 성취도 이수단위 합계 과무 세 부 능력 및 특기사 항 해당 사랑 없음  --- Page 12 --- 정부24",1643,2,2,7,1.2172854534388313,1.2172854534388313,4.260499087035909
202315049,3,2021,1,영어 독해와 작문,국어,성장적 마음가짐에 대한 글을 위고 학업에 있어서의 실패경험올 성장의 기회름 삼젯다는 내용의 자기 계발 계획서물 철자와 눈법의 오류가 거의 없는 100자 이상의 영문글로 작성함. 인공지능에 대한 글을 임고 쓰기 활동 에서 과학 기술의 발전이 의료 분야로 이어저 신체 스랜으로 긴강상태름 알 수 있는 컴퓨터 소프트웨어가 개발되기름 희망하 눈 글을 영작함.,196,0,0,2,0.0,0.0,10.204081632653061
202315049,3,2021,2,영어 독해와 작문,국어,미세플라스틱으로 인한 환경오염에 대한 글을 임고 쓰기활동에서 음식쓰레기 문제의 심각성과 해 결방안올 150자 이상의 영문글로 작성함 . 수업시간에 배운 원인과 결과의 표현올 매우 적절히 사용하엿으머 구체적인 사례 풀 봉해 설득력있는 글을 작성함.  --- Page 13 --- 정부24 과목 세 부 능력 및 특기사 항 상업 경제: 금용의 종류물 직접과 간접으로 나누고 각각의 특징울 잘 이해함. 성공적인 직업생활: 보건 관련 직업에 관심올 두고 있음   직업흥미검사 결과 현실형 (R) 으로 나타남 . 의사결정 유형 검사 곁 과 합리적 유형으로 나타남,308,0,0,2,0.0,0.0,6.493506493506494
202315049,3,2021,1,컴퓨터 그래픽,기타,유명 영상 공유 플렉품에서 코로나19로 인해 유행하는 비대면 데이트의 스튜리와 방영 중인 인기 드 라마의 등장인 물올 조합하여 새롭고 흥미로운 미디어 관렌즈틀 기획 및 섬네일 디자인올 진행하없음 타이포 서체틀 선정 및 배치하고 레이어 스타일 효과름 적용하는 부분에서 섬세함이 느껴저 인상적임 .,164,0,2,1,0.0,12.195121951219512,6.097560975609756
202315049,3,2021,2,컴퓨터 그래관,기타,"컴퓨터 그래관의 의미풀 이해하고 표현 방법울 분류할 수 있으며 시각 커유니웨이선의 전달 방법울 학습함 . 본인의 미래 모습올 그러보는 수행평가에서 간호사가 되어 해외 의료 봉사름 다니는 이미지틀 구상함. 영화 관렌츠 제작: [능력단위: 편집]조별 수행평가로 '키'라는 단편영화블 제작함 . 제작과정에서 시나리오 작성 , 배우 , 촬영 편집올 담당하여 성실하게 수행함 . 학교에 비밀스러운 문을 열기 위해 열쇠름 찾아 비밀문올 어는 공포영화름 제작함 . 촬영 경험이 부족하여 시나리오하 영상으로 표현하는데 어려움이 있없지만 조원들과 협력올 통하여 다양한 노력으로 극복함. 이번 단편영화 제작올 통하여 기획의 중요성올 인지함 애니메이선 관렌츠 제작: [능력단위: 스톱모선 애니메이선 제작] 창작 애니메이선 제작 프로직트 활동에서 소품과 배경 셋트 및 엔당그레덧 편집은 맡아 글레이 애니메이선 '그림 괴담' 올 제작함 . 글라이메이선 제작과정올 직접 경험하면서 애니메이선 한편올 제작하는데 수많은 사람들의 시간과 노력이 필요함올 알게 되없으다 , 팀원들이 각자 잘하는 분아에 서로 도움올 받아 갈등없이 작품올 제작하는 과정올 통해 나는의 중요성올 다시금 깨달음. 프로그래망: 프로그래망 실무 능력 향상울 위해 C언어와 자바인어 공부블 열심히 함 . 기본적인 프로그망올 실습올 하머 흥미 틀 느낌 , 구조적 질의어의 제어어 , 조작어름 능숙하게 설명한수 있음. 매시간 수입에 집중하미 성실히 임학. 자료 구조: 자료 구조에 대한 열의가 있고 의문이 생기면 해결하려는 태도가 모범적임. 이진 드리블 처음에는 어려워햇지만 이진 트리름 이해하기 위해서 방과 후에 잘하는 친구들에게 물어보다 이진 트리의 용어름 이해하고 구조에 대해서 배우기 위 해 노력함. 교과서에 있는 예제문제도 풀 수 핑게 되없으다 이러운 문제에 대해서는 친구늘과 서로 소통하다 풀어내려고 노력 함 <진로 선택 과목> 성취도 성취도별 학기 교과 과목 단위수 원점수 / 과목평균 (수강사수) 분포비율 체육 [체육 담구 72/85,3 B(311) A(74.0) B(23.8) C(2. 3) 기체육 체육 담구 100/70.5 A(309) A(50.8) B(17. 5) C(31.7) 이수단위 합계 과복 세 부 능력 및 특기사 항 체육 담구: 신체활동에 흥미름 느끼지 못하는 친구들올 이끌어 함께 운동올 하도록 하늘 배려심이 돈보이는 학생임. 깜스 종 목울 비롯하여 배드민터 , 탁구 등 모든 중목에도 관심올 기울임. 더위에 방역 수칙올 지키다 마스크름 착용하고 학생들에계  --- Page 14 --- 정부24 과목 세 부 능력 및 특기사 항 의욕올 주는 모습에서 함께 더불어 살아가는 인성이 바른 학생이라는 생각을 하게 팀. 운동올 마치고 친구들과 사용한 기구들 과 용품올 제자리에 정리하는 자세물 장찬함. <체육 . 예술> 학기 교과 과목 단위수 성취도 이수단위 합계 세 부능력 및 특기사 항 해당 사랑 없음 행동특성 및 종합의견 학년 행 동 특 성 및 종합 의 건 누구튼지 항상 부드러운 미소로 대하고 반듬없는 예의블 갖추며   언행에 기품이 느껴짐. 사람울 대할 때 항상 고운 말울 쓰고 자세물 흔드리지 않음으로씨 상대방도 똑같이 언행올 조심하게 만드는 묘한 힘울 가지고 있음. 심적으로 힘들어하거나 소외되는 친구가 있으면 망설임 없이 손율 내밀어 주엇고,  대화 시 상대의 말울 끝까지 경청하는 인내 풀 유지함 . 이리한 섬세함과 배려가 연극 동아리 활동으로 이어저 조명팀의 일원으로서 자신이 맡은 바에 성실히 임 하면서도 남울 도율 일이 없지 찾아다니는 수고클 마다하지 않음. 또한 학급자치회 회장으로서 남모르게 학급 일 울 처리하고 수시로 학급원들의 동태률 살펴 어려움이 없도록 힘씌으, 도움의 손길올 학교 밖으로까지 뻗어 지역 문화행사 지원 봉사활동울 동해 온정올 나늄 . 평소의 언어 습관율 기반으로 정확한 발음과 안정된 어조물 검비하여 말의 전달력이 좋으다   발군의 영어 구사 능력올 가지고 있음   기품 있는 언행 , 주변올 살놀히 살피는 배려, 상대물 감동시키는 이해심과 인내 ,  탁월한 어학 능력이 조화몸게 어우러적기에, 다양하 배경의 고객울 응대하고 어학능력올 갖추어야 하는 외항사 지상직 승무원으로 더할 나위 없이 적겪이라 확신함. 정시적으로 안정되어 있고 조용하고 차분하게 자신의 여할에 집중하는 학생임 품성이 순수하여 타인에계 친절하다 , 고통반고 상처받은 사람들올 기억하는 행동이나 실천올 지속적으로 하는 모습 이 관찰되없음. 코로나 19로 어려운 시기에도 사회적 약자틀 위해 활동하는 단체와 함께 봉사활동올 실천함. 영어 능력이 뛰어난 학생으로 기본적인 영어로 듣고 말하는 능력올 갖추고 있으미, 급우들에계는 영어 도우미 역할 올 하는 학생임 . 사회직 약자에 대한 관심이 키 간호사의 꿈을 키우고 있으미 , 학과 진로활동에선 중증외상센터와 관련된 도서 비평 올 통해 골튼아워의 중요성과 필요성올 피력함. 학급 자율 봉사활동인 1인 1 역에선 교실 뒤 게시판 관리틀 맡아 1년 동안 정리원 게시판이 유지함. 차분하고 사리깊은 성품올 가져고 사고가 논리적이미 꾸준히 담구하고 스스로 문제름 해결하리는 학습 태도름 가저 서 전교과 성적이 우수함. 맡은 일흘 책임감핑계 잘 처리하다 시간을 유익하게 활용하고 학교 생활 전반에 걸쳐 우수 함. 학업과 학교 생활 전반에서 항상 성실하게 임하는 긍정적인 태도로 학기 조부터 간호사라는 직업올 위해서 준비 해야 합 이러 요소들올 잘 이해하고 이름 위해 많은 노력올 다함 또한 자신의 의견올 피력하기 전에 항상 주변 여건  --- Page 15 --- 정부24 학년 행 동 특 성 및 종합 의 견 과 상황을 고리하여 합리적이고 공손한 자세로 의견올 제시하는 긍정적이고 고운 심성올 가져으미 밝고 명랑하다 행이 조심스럽고 예의가 바름 . 학업올 대하는 태도가 진지하고 협조적이어서 모든 환동 등에서 최선을 다하며 언제 나 상대방의 의견올 끝까지 듣고 자신의 의견올 말하는 경청하는 자세가 돈보이미 사리깊은 태도름 지니고 있음 급 우들과의 관계에 있어서도 자신의 권리와 주장올 내세우기 보다는 봉사하는 입장에 위치하고자 하여 상대방의 이야 기름 듣고 최대한 맛주러는 협력자로서의 훌륭한 모습올 보임  --- Page 16 --- 정부24 x장 = 위 사람의 학교생활기록부 (대입전형용) 사본임올 증명합니다. 안E",3098,5,1,10,1.6139444803098772,0.32278889606197547,3.2278889606197545
202315060,1,2018,1,통합사회,사회,"모든활동으로 주어진 창업 프로직트에 참여하여 포터 매니지만트 사업에 대해 제안함 . 히말라야와 같은 험 난한 산악지대에 안전하게 등반하기 위해서는 포터의 도움이 절실한데 ,  전문성 있는 포터들올 하나의 회사에 소속시켜 체계 적으로 관리하여 소비자들에게 포터 이용에의 접근성올 높이고자 함. 기존 사업의 문제점올 분석하고 , 아이템올 구체화할 때 의 상용화 가능성에 대해 생각해보고 창업 비용올 마련하기 위한 방법에 대해 조사하는 등 창업 절차의 복잡성올 알고 기업가 정신올 발휘해 보는 게기가 팀,",279,3,0,1,10.752688172043012,0.0,3.5842293906810037
202315060,1,2018,2,통합사회,사회,"국제 사회에서 나타나는 갈등과 협력의 사례블 봉해 국제 사회 행위 주체의 역할울 이해함 . 특히 모든별로 국제 분쟁올 알리는 뉴스 만들기 (구르드족 분쟁) 틀 진행하다 다양한 국제분쟁의 원인과 전개 과정 , 해결 방안 등에 대해 알기 팀. 지구촌 구성원으로서 평화의 중요성올 알고 외교적 관점에서 바람직한 국제 관계의 방향울 팀구하는 계기가 팀. 통합과학: 태양광발전기가 작은 공간에서 요간하게 쓰일 수 있음에도 불구하고 태양광발전기가 설치되어 있는 건물들이 많이 보이지 암논 것에 호기심울 가지게 팀. 어떤 이유에서 많이 활용되지 암논 것인지 알아보기 위하여 논문 '태양광발전 시스템 이 설치된 학교건 물의 신재생에너지 공급비율 증가방안에 관한 연구' 와 '건축물 신재생에너지원의 이용 현황 및 문제점 분석' 올 위고 보고서 '태양광 발전올 가장 효율적으로 하는 방법' 올 작성함. 이름 통해 태양광 발전올 더욱 효율적으로 만드는 방법 에 대해 알 수 있없고  그러한 발전에 있어 가장 좋은 태양광발전기 배치는 무엇일지에 대해 발표하없음. 이후 기존에 태양광 발전올 관리하는 시스템올 개선하여 태양광발전의 관리름 효율적으로 할 수 있도록 연구해보고 싶다는 생각올 함. 과학담구실험 : 일반적으로 물에 진한 커피 원액올 넣올 때 커피가 퍼지는 속도가 달컷던 기억이 생각나 키피 원액이 퍼지는 속도가 물의 온노에 따라 다른 짓인지 궁금해저 담구활동올 수행함 . 담구활동 과정올 통해 기체의 화산 속도는 매질이 기체일 때 가장 빠르고 액체 , 고체순으로 느리고   또한 온도가 높울수록 확산속도는 빨라진다는 조사 결과로 부터 동일한 매질인 액 체속에서 온도가 높음수록 퍼저나가는 확산 속도는 점점 빠르기 때문에 물의 온도가 높음수록 커피는 빠르게 퍼저나갈 것이 라는 사실울 알고, 이률 논리적으로 설명할 수 있는 학생임.  --- Page 13 --- 정부24 과목 세 부 능력 및특기사 항 진로와 직업: '나만의 선거 포스터 만들기' , '나름 객관적으로 알아보기 (직업 흥미 검사와 직업 적성 검사름 실시하여 각각의 결과에 따른 추천 직업들올 보고 그 중 마음에 드는 직업 세 개름 선택 이유와 같이 뽑아보는 활동)' , '감정울 봉해 보는 나' 등의 활동들올 통해 나름 전체적으로 이해할 수 핑게 되어 후의 활동들올 하는 데에 도움이 팀.",1142,6,0,6,5.253940455341506,0.0,5.253940455341506
202315060,1,2018,1,중국어 [,기타,"수업 내용올 경청하고 , 발표블 많이 하려고 노력합 . 중국어률 처음 배우는 것이라 많이 힘들어 할 것이라 논 예상과 달리 수업에 집중하여 중국어에 관한 지식올 넓히고 있음. 매 시간마다 바른 자세로 다른 학생들의 모범이 팀",125,1,0,2,8.0,0.0,16.0
202315060,1,2018,1,체육,체육,"동료학생들과 헬스모임올 만들어 파위고무번드 , 매트 및 아령등올 갖고 나와 상하체 및 복근 운동올 꾸준하게 하고 있으며 단단해 지고 건강해 지논 자신의 몸울 보고 매우 만족해 함.",100,0,0,0,0.0,0.0,0.0
202315060,1,2018,2,체육,체육,농구 골믿숫과 레이업 숲 성공물올 높이기 위해 부단한 연습올 하없으미 체력올 아끼지 암고 최선올 다해 경기 에 임하는 모습올 보임. 심패소생술올 연습하면서 심장의 압박위치 및 자세률 정화하게 할 수 있으L 잘 해념,119,0,0,0,0.0,0.0,0.0
202315060,1,2018,1,음악,예술,"음악 장르의 구분이 없이 여러 장르의 음악음 듣는 것이 음악음 이해하는 능력올 높인다고 생각하기 때문에 아 리스토 텔레스의 에토스 이론은 잘 못보것이라고 자신의 의견올 발표함 이 과정에서 타인에 의해 음악울 감상하는 것이 아난 자신이 직접 고른 음악울 듣고 생활할 수 있는 자유가 있어야 한다고 이야기 함. 교가 , 용원가루 정화한 박자와 음정으로 자신핑게 노래햇으며 이태리의 칸조네인 0 sole mio틀 원어로 노래할 수 있음: 모든활동인 '립다 만들기' 에서 음악 선정 , 리듬 창작 , 악보 제작 , 실제 연주까지의 모든 과정에 참여함. 이 모든 활동올 통해  --- Page 14 --- 정부24 과목 특 기사 항 현동심과 리듬감이 향상팀 학급단위 교내음악행사에서 리코더로 '상절리제' 물 연주함",394,1,0,2,2.5380710659898473,0.0,5.076142131979695
202315060,1,2018,2,음악,예술,"이 학생은 고등학생올 가르친다는 느낌보다는 대학생올 가르친다는 생각이 늙 음악직인 지식이 또래보다 풍부 하고 말을 할 때도 예의바르미 상대방의 말을 잘 경청하기 때문임 , 수업 시간에 늘 열심히 참여하다 모범적인 모습올 보임 음악적인 지식 뿐 아니라 음악사에 관심이 맘고 음악사흘 하여 그 시기의 우리나라 역사와 연관지어 폭넓게 이해하는 모습이 눈에 몇,",198,0,0,2,0.0,0.0,10.101010101010102
202315060,1,2018,1,미술,예술,"많아트 자화상 작품 제작 시, 인물얼굴의 비레에 있어 얼굴 좌우의 1:1의 법칙과 이마, 눈썹 , 코끝 , 턱 사이의 1 :1:1의 법칙에 대한 교사의 질문에 적극적인 발표력올 보임 (2018.03.16.) . 판아트의 작품특징에 대한 자신의 의견올 적극적 으로 발표하는 자기주도적 미술학습능력이 뛰어나며   판아드자화상 작품 제작 시. 판아트의 특징올 살려서 인물 눈의 홍채 , 동공 , 빛반사 되는 하이라이트 부분  코의 곳구멍과 곳망울올 잘 표현함 (2018,03, 23.) . 휴판 테누리의 틀올 벗어난 전통문 양울 조형미름 살려서 창의적으로 표현하없으며 , 상황에 따른 점토의 특성올 이해함으로씨 평면상의 형상울 입체적으로 조각 하는 테라고나 부조들 완성합 (2018.06.22.).",387,0,1,0,0.0,2.5839793281653747,0.0
202315060,1,2018,2,미술,예술,"사물공감 일러스트 작품계화서 작성 시   자신이 대신 목소리큼 내주고 싶은 사물올 선택하여 보는 사람으로 하 여금 공감울 일으키도록 사물의 사연울 창의적으로 상상하여 표현하엿고 , 도화지 화면에서 '사물'이 '목소리' 와 어울길 수 잎 도록 구도름 깊이 생각하고 배치하이 스레치함으로씨 작품제작올 꼼꼼히 계획함 (2018.09.07.) . 스트랑아트 제작 시, 실올 이용하여 자신만의 패m올 아름답게 만들어 감으로써 직관적인 사고름 창의적인 사고로 발전시김 (2018.12.14.).",270,0,0,2,0.0,0.0,7.407407407407407
202315060,2,2019,2,운동과 건강,체육,풀로어 불 조별 경기 시 본인이 직접 골을 넣는 것에 집착하지 암고 패스 플레이름 적극 필침으로씨 팀 웬들이 함께 경기블 즐기고 서로 협동할 수 있도록 술선수범한 학생임.,95,3,0,1,31.578947368421055,0.0,10.526315789473683
202315060,2,2019,1,미술,예술,"폐이피 레이어림 아트 작품 제작 시. 작품의 완성보다 작품올 완성해나가는 과정이 더 중요함올 깨닫고 , 차시별 로 스스로 진행계획올 세위서 높은 집중력으로 작품의 제작과정올 즐기는 자세틀 보여주엇고   작품의 구성 및 칼질 등의 과정 예상치 못한 어러운 상황이 탁처도 문제름 인식하고 스스로 고민하여 해결하러는 자기주노적인  진행 모습이 인상적이없 으며 입체조형능력 및 배색의 효과적 활용능력이 우수한 작품으로 완성하여 타의 모범이 팀. 풍경 점묘화 아이디어 선정에 있어 적극적으로 자기주장올 표현하면서도 다른 의견올 수렵하고 조율하여 다 함께 만족함 수 빗는 방법올 모색하려는 모습 이 인상적이없음. 작품 제작 시   풍경 사진올 토대로 대상울 추가하고 수정하는 편집 과정올 거처서 투시화법올 이용하여 화 면구성 능력이 돌보인 스레치틀 하없고 , 물감올 활용하여 면봉과 부으로 점올 찍어 색감올 다양하게 표현함으로씨 계절감올 잘 살림",467,1,0,2,2.1413276231263385,0.0,4.282655246252677
202315060,2,2019,2,미술,예술,"스템프화 작품 제작 시, 조각한 스템프 이미지에 어울리는 색의 엉크블 미적감각울 통해 선택하엿고   렌드지 위에 표현된 색들이 서로 상호작용올 함으로써 색상 대비가 다양하게 나타남 . 완성된 작품 안에 자신의 아이디어와 제작 의도 가 잘 구현되없음.",139,0,0,0,0.0,0.0,0.0
202410215,1,2020,1,수학,수학,"한걸같이 진지한 태도로 수업에 임하고 지속적인 질문과 연습으로 수학 학습에 대한 열의출 보임. 다항식의 사 칙 연산에 대한 성질 , 나머지 정리블 활용하 문제 해걸력이 매우 탁월하고 풀이 과정올 설득력 D게 잘 전달함 . 근과 계수와 의 관계름 이용하여 식의 값을 구하는 상황울 발표하다 다양한 해결방법올 제시함 .  이차방정식의 판별식울 이용하여 이차함 수의 그래프와 직선의 위치관계물 알아내는 방법올 다른 친구늘에게 자세히 설명하여 이해률 돕는 등 의사소봉 능력이 뛰어 남 한 학기 동안 학습한 내용올 정리하다 학습 의지름 다짐하는 내용의 수학 일기름 작성하다 자기주도학습에 적극적임.",329,0,0,3,0.0,0.0,9.11854103343465
202410215,1,2020,2,수학,수학,항상 성실하고 반듯한 자세로 수업에 참여햇으며 과제록 수행하는 데 있어 적극적인 모습과 끈기률 보여주없 어려운 도형의 방정식 문제에도 도전하여 문제해결올 위해 노력하엿고 그 풀이블 설명함 .  집합올 다양한 방식으로 표현 하고 관련된 기호름 정확하게 사용할 수 있음. 유리함수 및 무리함수의 그래프름 그리고 그 성질올 이용하여 문제름 해결하엿 으미 유리함수의 역학수 구하는 방법울 증명올 동해 유도해 봄. 또한 순얼과 조합울 이용하여 다양한 문제률 만들어보고 해결 하는 과정올 제시함.,271,0,0,4,0.0,0.0,14.760147601476014
202410215,1,2020,1,영어,영어,"작년에 다너온 수학여행에서의 인상깊없던 것에 대해 작성한 글을 약 180단어로 작성함. 시간의 순서에 따라 여정올 잘 기록햇으다 , 무엇울 보고 느껴는지 잘 드러나있음 . 관계대명사 , 분사 구문 등올 잘 환용햇으머 시제의 일관된 사용  --- Page 7 --- 정부24 과목 세 부 능력 및 특기사 항 으로 시제 사용이나 문법 등에 오휴가 거의 없음. 요즘 여성뿐 아니라 남성 화장품 시장도 커지고 있는 이 시대에 본인의 화 장품에 대한 관심과 화장품 연구원이 되고 싶다는 꿈을 피력하는 짧은 발표루 함.",284,1,0,1,3.5211267605633805,0.0,3.5211267605633805
202410215,1,2020,2,영어,영어,친숙한 일반적 주제에 관한 길고 복잡한 말이나 대화틀 듣고  대상이나 사건 등에 대한 세부 정보름 정확하게 파악할 수 있으머   사실과 맥각에 근거하여 주제 및 요지름 파악하는 능력이 뛰어님 . 길이가 길거나 복잡한 구문에 대해서도 이해력이 높아 전체적인 글의 흐름올 바탕으로 내용의 논리적 관계물 정확하게 파악하는 능력이 우수함. 바르고 적극적인 수 업태도로 영어학습지름 성실하게 작성하엿으미  일상적인 대화나 답화틀 듣고 반칸 채우기름 하거나 요지름 파악하는 훈련올 꾸준히 하는 등 자기 주도적으로 노력하는 모습이 돈보임.,294,0,0,2,0.0,0.0,6.802721088435374
202410215,1,2020,1,한국사,사회,수업 준비가 항상 잘 되어있고 차분하게 수업올 경청하는 태도가 돈보임 . 역사적 맥학울 잘 파악하여 이해하 눈 역량이 있어 수업 중 활동지물 적극적으로 잘 작성함. 1학기 논술형 시험에서 9개 제시문의 내용과 특징올 잘 파악하고 분류하는 능력이 뛰어나며  자신이 가진 여사적 지식올 활 용하여 생각올 잘 피력함 1학기 과정중심평가의 한 꼭지로 신민회에 관한 '한국사 미니북 만늘기' 활동에 적극적으로 참여하없으미   신민회 활동 내용 의 핵심올 잘 파악하여 소주제별로 짜임새 있는 가독성 높은 우수한 미니북올 제작함.,289,0,0,3,0.0,0.0,10.380622837370241
202410215,1,2020,2,한국사,사회,"매번 수업 준비가 잘 되어앗고 차분하게 수업울 경청하는 태도가 돌보임. 온라인수업에도 잘 참여하고   활동 지 등 과제름 수행하여 제 시간에 맛취 제출하는 성실성과 책임감 있는 우수한 학생임, 과정중심평가로 '6월 민주 항쟁' 에 관한 인포그래되스 제작활동올 함. 6월 민주 항쟁올 한 눈에 파악할 수 있도록 도식화하여 우수하게 잘 표현합. 논술형 문제로 출제된 '금 모으기 운동' 에 관해 제시문올 잘 파악하여 시각에 따른 분류름 잘함. 이 운동의 의의에 대해 제시 문울 활용하여 자신의 의견올 잘 피력하고 출제자의 의도물 파악하여 논술하는 역량이 논보임. 통합사회: 모르는 내용은 항상 정화하게 이해하고 넘어가려고 하며 질문올 통해 주어진 답만 알기보다 스스로 더 나은 다른 방뵙에 대해서도 생각해보는 적극적인 자세물 지념. 일하기 종은 환경올 만들기 위한 글쓰기에서 택배노동자의 열약하 삶올 다른 신문기사름 선택하이 안전하게 일합 권리와 건강권 침해름 문제점으로 지적함 . 빠른 배송에 대한 사람들의 근본적인 인 식 변화가 선행되어야 하머 현실적인 배송량 할당이 이루어저하다는 의견올 개진함. 노동 환경 개선이 노동자   기업  정부에 가져올 긍정적 영향에 대해 논리적으로 분석합 . 다른 나라름 소개하는 웬포스터 제작에서 일본에 대한 기본조사름 충실하게 한 후 일본의 대표명소름 중심으로 문화적 특성이 잘 드러나도록 표현함. 환경 문제의 해결을 위한 노력올 주제로 한 글쓰기 활동에서 북극올 사례로 지구온난화 문제에 대해 논함 . 인공지능 개발에 관한 찬반 주장 말하기 활동에서 반대의 입장울 선택 하여 논의름 전개함 . 인공지능이 인간의 모든 능력올 대체함 수 없음올 사례름 들어 제시하고   인간의 일자리가 위협받는 사 태물 근거로 들어 주장올 뒷받침함.  인공지능 개발의 긍정적인 흑면도 함께 언급함으로씨 균형 잡히 시각으로 토론에 참여하 눈 태도틀 갖춤. 통합과학: 바른자세로 성실하게 수업에 임하다 , 쌍방향 실시간 수업에서도 교사의 질문에 적극적으로 대답하는 모습올 보여 춤 . 발전과 신재생에너지 단원에서 배우는 내용들이 실생활과 어떻기 연결되는지름 고민함 . 수학적인 능력도 우수하이 전기 회로률 이해하고 손실전력올 계산하는 문항노 잘 풀이함 . 전자기 유도에 대한 실험 수행 후 , 현상에 대한 실험결과 분석올 바 당으로 유도기전력의 크기와 방향울 결정하는 요인들올 정확하게 설명하고 터반과 발전기에시 전기에너지가 생성되는 원리 틀 자세하게 기술함. 호소의 특성올 알아보기 위한 실험에 적극적으로 참여하여 변인올 통제하고 호소와 기질의 관계에 대해 이론에 바탕하여 설명함 . 떨들올 이용해 일상생활에서 활성화에너지 차이률 경험할 수 있는 비유률 만큼 . 물질은 원소들로 이루어저 있으머, 원소들의 성질이 주기성음 나타내는 현상올 관찰하여 자연의 규칙성올 찾아념 . 화학 결합 형성 이유름 18 즉 원소의 안정성과 관련하여 설명하고  화학 결합의 종류름 추론하여 이온 결합 물질과 공유 결합 물질의 성질올 비교함. 물 질의 다양한 변화틀 산화 환원 반응의 축면에서 분석하여 설명함 . 산과 염기틀 섞없올 때 일어나는 변화블 해석하여 중화 반 용으로 설명함 .  --- Page 8 --- 정부24 과목 세 부 능력 및 특기사 항",1595,4,4,7,2.5078369905956115,2.5078369905956115,4.38871473354232
202410215,1,2020,1,과학밤구실험,기타,"불라우드 컴퓨딩 방식으로 구동되는 오른소스 3D 모델림 프로그램울 활용하여 3D 모델림올 실습하옆 으며 3D 프린딩올 위한 슬라이심 프로그램 사용법과 프린터 사용법올 익침 . 매 시간 수업시간에 배운 내용올 꼼꼼하게 정리 하고 느낌점올 기록하없으다 ,  등교수업 등만 아니라 쌍방향 온라인 수업에도 적극적으로 참여함. 3D 모델림 프로그램의 다양 한 기능 및 3D 프린딩 방법에 대해 잘 알고 있으머 . 능숙하게 사용함. 에너지 전환율 이용한 놀이도구 만들기 활동에서 페달 올 밟으면 불이 커지는 자전거름 3D 모델림 프로그램올 이용하여 모델림하없음",307,1,2,1,3.257328990228013,6.514657980456026,3.257328990228013
202410215,1,2020,2,과학밤구실험,기타,"조별 활동올 통해 조원들과 협력하여 인공지능 코딩배열올 완성함. 카미봇 인공지능 로봇과 코딩 프로 그램올 연결하여 기계 학습 모델올 직용하여 담구함 . 분리수기 로봇  음성인식 로봇 등 실생활에 적용되는 사례들올 접목시 칸 활동에 흥미름 보임. 정보: 다가오는 미래 정보사 회름 바르게 이해하고 바람직한 정보 운리의식올 가지고 있으며 주어진 파이선 (Python) 프로그 뱀 과제출 협력적으로 설계하고 처리 과정에 필요한 명령문올 활용하여 효율적인 방법으로 프로그램올 작성함 <진로 선택 과목> 성취도 성취도별 학기 교과 과목 단위수 원접수 / 과목평균 (수강자수) 분포비율 이수단위 합계 과목 세 부 능력 및 특 기사 항 해당 사랑 없음 <체육 . 예술> 학기 교과 과목 단위수 성취도 체육 체육 예술 음악 체육 체육 A 예술 음악 이수단위 합계 과복 세 부 능력 및 특기 사 항 음악: 학년 초 자발직 참여로 진행된 '랜선 연주 발표 수업' 에 자원하여 , 리코더 연주름 영상으로 제작 발표하여 감동과 할림 올 주없으다 , 타 학급 온라인 수업에도 발표되어 긍정적 영항과 공감을 춤. 이는 전고생 중 5명만 자원할 정도로 비대면 수업 에서 걸단이 필요한 도전으로 , 온라인 수업의 조력자 역할울 함. '겁다 창작 리듬' 수행에서 자신의 선정 음악에 어울리는 다양한 리듬올 창작 , 매시간 집중력올 가지고 연습하여 수준 높은 연 주물 영상으로 발표함. 음악으로 나물 표현하기' 발표 수업에서 소프라노 리코더 연주름 통하여 부드러운 텅양 주법 ,  안정된 고음처리 ,  긴 호흡의 프레이장 연결 등 곡의 분위기름 살러 음악적 감수성올 표현함. 난이도 높은 곡에 노전하이 준비과정 동안 어려운 고음처리  --- Page 9 --- 정부24 과목 세 부 능력 및 특기사 항 주법올 고민하고 해결 , 연습에 몰입하여 연주름 완성 시김. 1인 제작 '보이는 라디오 음악방송' 수행에서 사연 및 음악 소개 ,  칭취자 대글 , 패널 토크 코너물 넣어 창의적으로 기획하여, 프로듯서   진행자   작가 , 음악 감독 , 기술  편집 역할올 모두 소화하다 1인 방송 프로그램올 영상으로 우수하게 제작함 . 기획 단계 아이디어가 독창적이고   본인의 방송 주제와 연관된 사연 및 시나리오름 설득력 앞게 창작하고 구성함.",1122,2,3,8,1.7825311942959001,2.6737967914438503,7.1301247771836005
202410215,2,2021,1,독서,국어,"밝은 표정과 곧은 자세로 수업에 임하여 수업의 분위기률 활기 엇게 해주머 , 다른 친구들의 학업올 돕는 데 최 선율 다하는 매우 모범적인 학생임 . 자신의 독서 목적올 명확히 인식하여 자신에게 적합하고 가치 있는 글 '망막 신경 조직층 의 반응 과정' 올 선택하여 독서 활동올 실시함 . 글의 화제름 재빠르게 파악하다 , 글의 명시적 정보름 바탕으로 1-6문단의 중 심 내용올 정리하고 , 처음   중간  끝의 내용올 파악하는 등 사실적 위기 능력이 매우 뛰어남. 특히 글에 나타난 표현범인 '비 교  대조, 예시, 구분 . 정의' 등올 창고 그 효과틀 명확하게 인식하다 , 글쓰이의 숨겨진 의도 '망막의 신경 조직송이 중요함. 올 파악하여 독서 활동지루 작성함  --- Page 10 --- 정부24 과목 세 부 능력 및 특기사 항",410,0,0,1,0.0,0.0,2.4390243902439024
202410215,2,2021,2,독서,국어,"명석한 두뇌와 뛰어난 집중력으로 탁월하 능력올 발휘하는 학생으로  장기적인 독서 계획을 세위 자발적으로 독서률 실천하고자 '소독약의 화학적 원리' 물 옆고 독서 활동올 실시함. 소독약 중 과신화수소   포비논의 성분과 그것이 상처 틀 소독하는 원리블 상세하게 정리하면서 제재의 객관성올 확인함 . 글을 읽고 , 다른 소독악은 무엇이 있율지 , 활성 산소가 병 원균올 파괴하는 원리에 대한 궁금증올 제시하다 , 더 깊은 독서름 통해 궁금증올 해소하고자 하는 내용의 독서 활동지름 제출 문학: 수업 시간에 배운 지식울 단순히 이해하고 암기하는 데에 그치지 암고 몇 단계 더 나아가 주어진 사실울 비틀어 보거나 지식올 확장하려는 담구 정신올 가지고 있는 학생임. 문학올 사랑하여 작품에 대한 이해가 깊고 공감 능력이 뛰어나머 시틀 자신만의 방식으로 이해할 줄 앞. 소설 '센짜오 센짜오'와 '난장이가 쏘아 올린 작은 공'의 원문올 위고 줄거리 반간 채우기와 독서 토론올 할 때 작품올 매우 꼼꼼히 잎고 활동올 주도햇으며 합당하 근거률 늘어 논리적으로 자신의 주장올 펼침. 모든장 으로서 작품의 본질올 깨풍는 통찰력 있고 깊이 있는 질문올 던지미 모퉁원들올 성장시키고 , 소극적이거나 내용 이해가 부족 한 친구들에게 항상 친절하게 내용올 설명해 춤. 특히 '광장' 처럼 관념적이고 어려운 작품올 배율 때 여러 비유적 . 상징적 표 현과 의미블 잘 이해하고, 스스로 발표 울림증올 극복하고 자신감 핑게 발표블 하는 모습이 인상적임. 모방시, 에시이, 시 감상문 쓰기에서 깊은 문학적 감성과 뛰어난 사고력 , 빼어난 글솜씨름 보여중. 시 경험 쓰기로 시조 '곡구록 새 우는 소리에' 풀 임고 자신의 경험과 연결지어 한가하고 , 평화롭고, 낭만적인 일상에 대한 그리움의 감정울 잘 묘사한 수필올 작성함. 수학 I : 수업에 열의률 갖고 매시간 바른 자세로 집중하는 모습이 인상적인 학생으로 학습한 내용올 마짐없이 일일학습지에 정리하는 성실한 학생임 . 지수가 정수 , 유리수   실수로 확장되는 과정올 이해한 후 유리수 지수와 거듭제급근의 관계블 이용 하여 유리수 지수법칙올 증명하는 과정에서 보인 논리력이 탁월함. 한 학기 동안 학습한 모든 내용올 꼼꼼하게 마인드맵으로 정리하여 개념울 구조화하려는 노력올 함. 로그의 성질올 이용하여 식울 간단히 하는 방법에 대해 밤구하는 모든 활동에서 모 듭인들과 협력하여 문제틀 해결하다 로그의 계산번에 대한 이해도틀 높이고 , 이해틀 어려워하는 모퉁원들에게 적극적으로 다 가가 현신적으로 돕는 모습이 인상적임. 중심각이 호도법으로 주어진 부채꼴의 넓이 구하는 방법에 대하여 완벽하게 이해하 고 잇고 관련된 실생활 문제 해걸에 적극적이다 친구들과 풀이 과정올 공유하면 나는의 정신올 실천함 수학 I : 항상 성실하게 수업에 임하다 일일학습지률 꾸준히 작성하여 함수의 극한과 연속   미분계수와 도함수 , 도함수의 활 용, 부정적분과 정직분   정직분의 활용에 대한 학습내용올 체계적으로 정리하고 논리적으로 표현하는 방법올 익험 . 함수의 극대와 극소의 정의름 이해하고 어떤 함수가 한 점에서 극값을 갖는지름 판정함 . 미분가능한 함수가 주어젊올 때 , 미분한 함 수의 증가와 감소물 표로 나타년 후 극감올 구하엿으면 절대감이 포함본 함수에 대하여 극값의 존재 여부들 정확하게 판별함. 함수가 어느 한 점에서 미분가능하고 극값을 가지능 경우 미분계수의 값이 0이 되올 미분계수의 정의름 이용하여 증명할 수 있으L , 함수의 그래프물 그려 직관적으로 설명함. 수학적 개념울 이해하는 과정에서 다양한 예시물 풀어보벼 노력하는 모습 이 관찰팀 . 수학 정리블 응용하는 능력이 뛰어나머 문제름 해결하면서 다양한 정리블 활용하는 모습올 보임. 스스로 다양한 함수들에서 배운 수학적 개념이 어떤 의미가 있는지에 대해 담구하는 습관을 갖추고 있으미 문제해결력이 뛰어남. 영어 I : 어희력 , 구문 이해력 등 영어 환용능력이 탁월하다 교사의 질문에 적극적으로 반응하여 수업에 환력올 불어넣는 학 생으로 궁금한 점은 질문올 통해 해결하는 열의와 적극성이 탁월함 . 진로연계 불보델로 한국의 수바이처라 불리는 장기려 박 사물 소개하다 가난한 사람들에게 의료서비스물 제공하기 위해 평생올 현신한 그의 인류애와 사명감을 본받아 본인도 책임감 과 사명감을 가지고 사회에 기여하는 의사가 되고 싶다는 포부름 유창한 영어로 발표함. 실생활에 노움올 주는 발명 품을 고안 하여 소개하는 활동에서 표정, 목소리 , 심박수 등올 바탕으로 사용자 맛춤형 아로마 향울 발생시키는 스마트 위치인 'Aro-a ro '라는 창의적인 발명품에 관한 보고서름 영어로 작성하고 유창하게 발표함. 본인이 직접 사용하 상품의 후기름 영어로 소 개하는 활동에서 립단트률 소개하여 장단점올 균형잎게 분석하엿으다 단점에 대한 개선방안까지 제시한 점이 인상적임 . 직접 실물올 보여주머 생생후기름 전해주어 근 호응올 얻음. 연음 및 강세 처리가 훌륭하고 발음이 유창하다 자신감이 있어 청중 의 이목올 집중시키는 힘이 있음. 1일 교사로 자원하여 지문의 문법과 구조름 분석하고 설명하머 영어구문에 대한 깊이있는  --- Page 11 --- 정부24 과목 세 부 능력 및 특기사 항 이해틀 보이중",2555,4,0,8,1.5655577299412917,0.0,3.1311154598825834
202410215,2,2021,1,물리학 I,과학,"집중력이 우수하고 차분하게 집중하는 모습이 돕보이는 학생임. 열이 모두 일로 전환되지 않늘다는 것울 사례름 들어 설명하러는 목표로 '물 먹는 새'의 작동과정올 관찰한 후   작동원리름 설명하는 담구 조사 발표 시간에 이러한 현 상에 대해 정확하고 바르게 기술하여 이해들 도앞으미, 열 현상에 대한 과학적 분석 및 설명올 이해하기 편하게 설명하여 타 의 모범이 팀",202,4,0,2,19.801980198019802,0.0,9.900990099009901
202410215,2,2021,2,물리학 1,기타,"항상 성실하게 수업 준비률 철저히 하여 물리학 수업의 반장으로서 교우들에게 모범이 팀. 평소 늘 바른 자세로 집중하여 수업에 임하다 , 교과 내용 중 언급되는 이론적 지식과 실험내용에 대한 궁금증올 가지고 담구하는 자세로 논 리적이고 체계적으로 잘 정리하는 학생임 . 평소 궁금해 햇단 과학적 호기심에 대하여 질문노 하면서 학습하여 지식울 습득하 눈 적극적인 자세름 갖춤 . 파동의 전반사 원리풀 이용하 광통신 과정올 이해하고 설명하는 것울 목표로 , 여러가지 전반사 현 상울 관찰하는 담구실험 과정과 전류에 의한 자기 작용과 관련한 담구 실험올 실시하는 과정에서 , 실험 기자재의 올바른 사용 법올 알고   보고서 내용 정리률 정확하고 바르게 하없으다 , 팀구결과루 바르게 해식하고 , 조별활동에 있어서노 적극적인 역 할을 하여 타의 모범이 팀. 화학 I : 반산 갈습과 엄산과의 반응올 봉해서 화학 반응의 양적 관계률 알아보는 실험울 하없음. 이 실험올 봉해서 반응하는 화학 반응식의 계수 비는 반응에 관여한 물질의 몰 비임올 알게팀, 부피 플라스크룹 이용하여 0, 1M의 염화 갈룹   염화 나트 품, 포도당  설탕 수용액올 만들어 봄. 극성 분자인 물의 전기적 성질올 실험하고 물과 텍세인올 섞어 종이 갈라지는 것울 관 찰한 후 이 용액에 염화 구리 ( I )와 아이오단올 넣고 섞은 후 관찰하없음. 이 실험올 통하여 극성 분자와 무극성 분자의 성질 올 확인하고 . 미지 물질의 극성 여부름 판단하는 방법올 터{함 . 중화 반용올 이용하여 식초 속의 아세트산 농도름 구하는 실 힘울 함. 이 실험올 통해서 중화 적정올 하는 실험 기술울 익히고 산과 염기의 중화 반응의 특성울 이해하게 팀. 골로이드 입 자흘 이용한 자연 모방 구조색 인쇄 기술을 뉴스틀 통하여 보고난 후 골로이드에 관한 관심을 갖게 팀. 골로이드 입자의 여러 가지 특성인 배제 부피 반발력 , 정전기적 반발력   반데로발스 힘 등올 조사하면서 이 입자루 이용한 실생활에서의 다양한 응 용 분아에 대해서 새로운 안목올 언게 팀. 생명과학 [ : 생명과학의 개념울 이해하고 농합적 사고력 및 문제해결력 등 생명과학 관련 기초 소양울 함양학 . 근육 원심유 마디 모형올 직접 제작하여 근수축 원리블 설명하는 실험올 잘 수행합 . 활주설에 따른 근수축 원리블 잘 이해하고 응용 계산 문제름 급우들 앞에서 잘 설명하는 등 발표력과 이해력이 돈보임. 핵형분석올 통하여 상염색체와 성염색체률 구분할 수 잇고 염색체의 개념에 대한 활동지루 잘 작성함. 주제 담구 발표 시간에 '바이러스 '에 대하여 심화 조사한 후 천연두   인프루엔자  에불라 , 신종 코로나 바이러스름 비교 분석 하여 쉽게 설명함으로씨 코로나 시대에 급우들의 높은 관심과 흥미물 유발함. 유전 단원 학습 후 심화 과제로 '다운증후군' 의 원인과 증상  치료방법 등에 관하여 조사하고 발표하는 등 생명과학에 대한 열 정과 과학적 담구심이 높음 코로나 PCR 검사률 받아 본 후 어떤 원리블 통하여 결과가 나오는지 궁금하여 PCR 검사의 정의 ,  원리, DNA 합성 과정 등 올 심화 조사하여 발표함. 주후 연구과제로 DNA 증쪽 시 결합 과정에 대하여 알아보고자 하는 등 과학적 개념올 일상생환과 연관시키 과학적 지식으로 풀어나가려는 대도가 논보임 일본어 I : 일본어 교과 반장으로 수업 준비 및 학생들의 면학 분위기 조성올 위하여 봉사하는 등 역할 수행이 탁월하 훌륭한 학생임. 성실한 학습 태도와 진지한 마음으로 수업하다 일상생활 문화글 비롯한 일본의 애니메이선과 영화 , 드라마, 가요 등 일본 대중문화에 관심이 아주 많음. 일분어로 쓰기, 위기 , 듣기름 할 수 있으머 어휘력이 매우 뛰어남. 주도적으로 발음과 억 양울 반복하여 연습한 뒤 뛰어난 자신감으로 학습 분위기름 조성하고 급우들의 학습 의욕올 높임. 각종 일본 사정에 흥미와 호기심올 가지고 주도적으로 담구해 나가는 자세틀 보여 다른 학생의 모범이 팀. 특히 의사소통 활동과 문화 이해와 관련된 학습에 있어 이해력과 용용 능력이 뛰어나 여러 일본 관련 서적올 찾아보고 일본어로 정보름 검색해 보는 등 통합적인 언어능  --- Page 12 --- 정부24 과목 세 부 능력 및 특기사 항 먹올 키우고자 노력함 . 문화 상대주의적 입장에서 일본올 객관적으로 바라보고자 하는 국제 감각도 갖추고 있는 학생임. <진로 선택 과목> 성취도 성취도별 학기 교과 과목 단위수 원점수 / 과목평균 (수강자수) 분포비율 수학 기하 78/49.8 B(29) A(27.6) B(24,1) C(48. 3) 수학 기하 72/46.8 B(29) A(31.0) B(17.2) C(51.7) 이수단위 함계 과부 세 부 능력 및 특 기사 항 기하: 항상 성실하게 수업에 임하며 일일학습지틀 꾸준히 작성하여 이차곡선 , 이차곡선과 직선   넥터의 연산   평면백터의 성 분과 내적  공간도형  공간좌표에 대한 학습내용올 체계적으로 정리하고 논리적으로 표현하는 방법올 익험. 종이집기 활동에 서 나타난 곡선이 포물선인 이유물 포물선의 초점과 준선에 대한 정확한 이해블 바탕으로 서술함 . 교과서에 제시되지 암은 종 이접기 활동올 통해 타원올 나타내는 방법올 발표함. 이차곡선의 정의름 이용하여 이차곡선올 작도하는 방법올 조사하여 발 표하고 이률 공학적 도구률 이용하여 시각적으로 보여p. 공간도형인 왼주 곡선으로 이차곡선올 나타내는 방법울 보여주고 정 의블 이용하여 설명함 . <체육 . 예술> 학기 교과 과목 단위수 성취도 체육 운동과 건강 예술 미술 체육 운동과 건강 A 예술 미술 이수단위 합계 과목 세 부 능력 및 특 기 사 항",2743,7,0,8,2.5519504192489975,0.0,2.916514764855997
202410215,2,2021,2,운동과 건강,체육,"모범적인 수업태도물 가지고 있음. 수업 준비 및 정리름 잘 도우며 수업에 대한 참여도와 신체활동에 대 한 흥미도가 표고 성실하게 과제름 수행하는 모습올 보이미 체육 수업에 적극적으로 참여하는 모습음 보임. 배드민터 경기에 따른 동작의 반응에 대한 이해률 바탕으로 자신에게 적합한 운동의 효과을 극대화함 . 풀로이블 경기에서 기능과 전술에 대한 이해도가 좋으머 스포츠 감상문 과제에 있어 내용에 대한 이해도와 높은 공감능력올 가지고 있음 미술: 조벌이끊이로서 수업 활동올 즐기다 적극적으로 참여하는 태도가 매우 우수하고 활동 후 마무리하는 데까지 책임올 다 함. 미술 수행 전반에 결쳐 관찰력 , 창의력 , 표현력이 매우 뛰어남. 이미지 구성 수업에서 11칸 각각의 다양한 아이디어가 참 신하고 독특하다 채색 과정울 거처 완성하는 데까지 성실하게 임함.  제시 꽃 사진올 보고 확대하여 그리기 수업에서 전체적 하다,  --- Page 13 --- 정부24 과목 세 부 능력 및 특기사 항 으로 관찰하여 근 덩어리부터 세부적인 부분까지 비레와 특징올 잘 살리 표현함 . 입체글씨 만들기 수업에서 선 , 면 , 입체의 차이률 이해하고 주어진 글씨에 맞게 조형요소와 원리풀 적용하 새로운 글씨체률 제작하여 발표함. 현대 서체의 작품들올 살 펴보고 이틀 활용하 조형활동으로 다양한 캠리그래피 서체틀 익침 . 글씨에 포인트틀 주어 방향   두께 , 훈림 , 크기틀 달리한 자신만의 개성 있는 서체로 종은 문구에 적용하여 표현함   전통회화의 종류름 알고 전통 재료와 전통적 표현 방법의 특성울 이해함 . 풍속화 그리기 수업에서 트레이싱지루 이용하여 화선지에 원본 그림올 옮거 스레치하기, 세필올 이용하 외관선 그리 기, 먹의 농담올 표현하고 채색하여 완성하는 데까지 매시간 성실히 참여함.",883,1,0,5,1.1325028312570782,0.0,5.662514156285391
202410346,1,2021,1,국어,국어,"매사 집중력 있는 태도로 수업에 임하는 자세가 돈보임 '슬픔이 기쁨에게 ' 률 학습하고 시 형상화 방법   감각, 비유와 상징 등 서정 갈래의 특징올 깨우침에 따라 현대시가 난해하다는 선입견올 불식햇으며   '가재미'에 나타난 화자의 정 서와 시어의 함축성 , 주제 의식올 정확히 도출해 내는 적용력올 보임 . 문법분아에서도 단순 암기가 아난 개념과 원리에 입각 한 남구심 있는 공부법올 봉해 급우에게 설명해 줄 정도로 음운개님   음운변동   성분절 등 눈법에 대한 이해률 높여 문법 분 아에서 학업성취가 향상팀",287,1,0,2,3.484320557491289,0.0,6.968641114982578
202410346,1,2021,2,국어,국어,2학기 들어 더욱 진지하게 수업에 임하는 모습에서 더 환 발전가능성올 엇불 수 있/음. '세중어제훈민정음'올 통해 한글창제원리와 창제정신올 알고 국어조탁의 당위성올 느껴음올 밝힘. '울포의 기억' 에서 '검은' 색의 원형상징성올 뒤잎 고 '생명력'올 부여한 작가의 창조적 상징에 감동햇고 '완장' 의 인물의 행동올 통해 권력의 부조리함올 느껴다는 효용론적 관 점의 감상울 발표하다 문학가치률 내면화함. '전직 대통령 국가장' 에 대해 상반된 관점율 보이는 기사 분석하기에서 각 신문 의 매체전락올 표제와 부제의 표현의 차이름 예시로 분석하는 과정올 통해 사회현상에 대한 비판적 안목과 미디어 비평능력 올 키움,340,1,0,2,2.941176470588235,0.0,5.88235294117647
202410346,1,2021,1,수학,수학,항상 바른 자세로 수업에 임하고 교사의 말에 경청하여 한마디도 흘러들지 암기 위해 노력하는 모습이 인상적 임. 복소수의 역사에 대한 영상울 시청 후 당시 허수와 같이 이질성 포용에 대한 의견울 나누년 중 자신은 먼저 발표하는 친 구들의 생각과 의견올 포용하는 것부터 시작하켓다고 실천사항올 발표하여 근 호응올 얻음. 자신이 설명할 수 있는 문제틀 선 택하여 발표름 준비할 때 질문에 대비하고 오류름 줄이기 위해 더 자세히 개념울 점검하는 모습이 돈보임. 발표 후어는 활발 하게 피드백올 요구하는 모습에서 반성적 태도물 보임,292,0,1,2,0.0,3.4246575342465753,6.8493150684931505
202410346,1,2021,2,수학,수학,수학 공부에 많은 시간을 투자해 자신만의 공부법올 창고 성적 또한 향상되논 경험으로 자신감을 얻음. 원격수 업 '집합 포스터 만들기' 모든 활동에서 모습과 적극적으로 협력하려는 모습이 눈에 땀 . 자율 주제 발표 시간에서 세 가지 선 댁 상황에서 처음의 선택올 바뀌올 때 일어나는 유불리블 따져보는 '묻티혼 문제' 틀 소재로 경우의 수름 설명합 . 즉흉직으로 앞에 학생울 대상으로 실험하다 급우들의 흥미와 집중력은 이룩. 발표 수업에서 기회가 생길 때마다 자원하여 많은 시간율 들여 다양한 풀이블 고민하고 이해가 쉽게 여러 그림올 철부하여 수준 표게 PPT루 준비함.,317,2,1,3,6.309148264984227,3.1545741324921135,9.46372239747634
202410346,1,2021,1,영어,영어,방송인올 꿈꾸는 학생으로 국제화 시대에 살아가기 위한 필수적인 언어 수단이 영어라고 생각하고 영어 학습울 하려고 노력함 . 문장 구조와 어법올 배우고 활용하여 독해능력올 기르기 위해 노력함 . 자신 또는 위인이 어려움올 극복햇올 때에 관한 영어 에세이름 작성하고 발표함. 이순신 장군이 직면햇년 어러움과 어떻게 극복햇는지름 구체적 사례름 들어 설명,194,0,0,2,0.0,0.0,10.309278350515465
202410346,1,2021,2,영어,영어,"손원평의 '아무드' 틀 읽고 영어 에세이틀 작성하여 발표함. 뇌에 문제가 잇고 훈로 남거 젓지만 , 주어진 상황을 극복하기 위해 노력하고 학교에서 친구들올 만나 감정올 공유하다 성장해가는 주인공의 모습올 보미  용기률 잃지 말아야켓 다고 다짐함. 영어 에세이블 작성하다 어휘와 문법 중 취약점올 파악하고 보완하여 작문에 익숙해지고 어휘력올 기르고 발표 기술 또한 많은 발전올 보임",212,0,0,4,0.0,0.0,18.867924528301884
202410346,1,2021,1,한국사,사회,"인격수업과 등교수업에서 수업 중간에 제시되는 질문에 적극적으로 참여함 . 존경하는 역사 인물 발표 시간에 '개릭군주, 정조'칸 주제로 당평책 실시   가장각과 장용영 설치 , 수원화성 건설 등 업적올 중심으로 프레전테이선 자료률 만 늘어 발표함. 특히 정조가 많은 갈등속에서도 위기블 기회로 변화시권 젊울 강조하면서 앞으로 그러한 삶올 살고 싶다는 의지  --- Page 8 --- 정부24 과목 세 부 능력 및 특기사 항 틀 보이중 .  독도 관련 수업 시간에 독도에 관한 영상 자료틀 인터넷올 검색하이 찾아서 재편집한 독도 홍보자로로 만들어 제 출함.",310,0,2,3,0.0,6.451612903225806,9.67741935483871
202410346,1,2021,2,한국사,사회,"역사 주제 관렌츠 발표 수업에서 '88 서울 올림픽 '이관 주제로 올림픽에 대한 정보와 결과   역사적 의의와 한 계점 , 자료름 조사하면서 느낌점 등올 중심으로 프레센테이선올 만들어 발표함. 올림픽이 국위름 선양하고 이후 북방외교 정 책에 긍정적인 영향울 가져앉다는 점울 높이 평가하없지만 , 도시 재개발 과정에서 나타난 철거민에 관한 문제점과 부동산 투 기 등의 부정적인 사회 문제름 간과할 수 없다고 지적함",230,1,0,1,4.3478260869565215,0.0,4.3478260869565215
202410346,1,2021,1,통합사회,사회,"정보 사회는 편리함 이면에는 정보화의 역기능으로 인한 사회 문제로 국가 기관이 정보들 독점할 경우 감 시사회가 되고 왜곡된 정보름 대중에게 전달하여 민주주의 발전에 저해가 털 수 있다고 설득력 엇기 설명하없음. 정보 걱차가 소득 및 국가의 반부 걱차로 이어질 수 잇고 사이버 범죄 , 사생활 침해  인터넷 중독 등과 같은 문제가 나타날 수 있음올 정 확하게 분석하여 제시함 . 교통과 통신의 발달이 사회 경제적 변화와 가치관의 변화로 신국제 분업으로 전 지구적으로 재배 치되없다고 주도적으로 조사함",278,2,2,2,7.194244604316547,7.194244604316547,7.194244604316547
202410346,1,2021,2,통합사회,사회,시장 기능의 한계들 극복하기 위해 정부의 시장 개입에 대한 자신의 입장올 명확하게 제시함. 뉴스클 통해 접하거나 일상에서 겪는 사례들이 인권취해에 해당하는지에 대한 자신의 생각을 발표하는데 자신감 있는 태도름 보임. 세계 인권 선언에 새로 추가본 내용올 바탕으로 시대의 흐름에 따라 인권의 의미가 어떻게 확장되엿는지 정리하여 발표하는 능력 이 신장뵙,195,0,0,2,0.0,0.0,10.256410256410257
202410346,1,2021,1,통합과학,과학,팬지어스와 월손에 의해 우주배경복사가 발견된 과정과 우주배경복사의 의의 자세히 설명하고   우주배경 복사의 발견으로 호일에 정상우주른이 쇠퇴하고 가모프의 백냉우주른이 지지 받은 과정에 대해 자료름 조사하고 말함. 과제 풀 수행함에 있어 필요한 구성원으로서 모퉁에서 설명올 맡아 본인이 이해한 내용올 바탕으로 조원들이 만든 자료물 청중이 알아듣기 쉽게 말합.,199,2,0,1,10.050251256281408,0.0,5.025125628140704
202410346,1,2021,2,통합과학,과학,자신의 생각올 정리하고 표현하는 능력이 뛰어님. 이러한 장점올 가지고 '편리한 플라스틱의 불편한 진실 농영상올 시청 후 생물 다양성 보전올 위한 보고서 및 소감문올 작성함 . 미세 플라스틱이 생물농축되어 그 피해가 인간에게 돌아올 수 있음올 깨달고 플라스틱 사용을 줄이기 위한 개인적인 실천 방안올 제시함 . 과학기술과 이론에 대해서도 꾸준히 공 부하고 이해하여 자기 것으로 만드는 종은 습관율 가지고 있음. 이리한 장점올 바탕으로 '과학 큰서트'칸 책울 위고 적당한 소 음이 있을 때 미약한 원신호가 더 잘 들리는 현상인 소음 공명에 대해 조사하여 발표하여 급우들에게 근 박수록 얻음,327,1,1,0,3.058103975535168,3.058103975535168,0.0
202410346,1,2021,1,과학담구실협,기타,수업 시 내용에 집중하면서 궁금하 점은 그때그때 질문올 봉해 해결하는 등 새로운 지식이 효율적인 습득과 환용능력이 우수함. 이러한 장점올 바탕으로 연구 운리 위반 사례에 대한 자료름 조사하고 발표 활동음 함. 1974년 미국 미국 게터림 연구소 연구원 월리업 서머린이 흰 쥐의 피부에 검은 색울 칠해 한 쥐에 이식해 배양에 성공한 것처럼 가장 하여 연구 결과틀 조작한 사례틀 들머 청중들에게 연구 운리 위반에 경각심올 심어중.,238,2,0,1,8.403361344537815,0.0,4.201680672268908
202410346,1,2021,2,과학담구실험,기타,"과학의 본성에 대한 이해도가 높음. 특히 역사 속의 과학 담구 활동으로 갈렉레이의 사고 실험올 통해 패러다임의 전환율 가져온 과정올 이해하고 있으면 , 자유낙하 운동과 수평으로 던진 물체의 운동 비교하기 실험에서 공통점 과 차이점올 논리적으로 설명함 . 산성화된 토양이나 호수름 중화시키는 방법으로 석회 가루릎 살포하는 방식올 제시하고 산 성 용액올 중성 용액에 가깝게 중화시키기 위한 방안으로 철가하는 식회가루률 1회 넣는 양울 적게해야 한다고 제시함 . 실제 산성화보 호수름 중화시길 수 있는 석회 가루의 양울 정확히 예측하기 어렵다는 문제점에 대해 호수의 크기와 pH로부터 중 화에 필요한 석회가루의 양울 정확히 계산해야 한다는 개선 방안을 제시함.",366,1,0,2,2.73224043715847,0.0,5.46448087431694
202410346,1,2021,1,한문 I,교양,학습지름 활용하여 성어 익히기 시간에서는 제시된 성어름 위고 짧은 글을 작성해 보는 등 실제 언어생활에 서 어떻게 적용되논지름 밝(음.,75,0,0,0,0.0,0.0,0.0
202410346,1,2021,2,한문 1,기타,"원격수업 시간에 세 글자로 이루어진 여러 성어 가운데 나비에 관한 꿈을 나타내는 호접용과 매월 초하루의 평가루 나타내는 원단평 그리고 이전에 아무도 하지 못한 일흘 치음으로 해번다는 파천항울 바르게 읽고 정확하게 풀이하없  --- Page 9 --- 정부24 과목 세 부 능력 및 특기사 항 그리고 인격 , 신축 , 보좌 등에 사용된 공통 부수가 사람 인임올 발표함. 그리고 정지상의 '송인' 이라는 한시름 통해 압운 과 한시의 시상 전개 방식에 대해 학습하고 필사루 해보며 암송하려고 노력하없음 <진로 선택 과목> 성취도 성취도별 학기 교과 과목 단위수 원점수 과목평균 (수강자수) 분포비율 이수단위 합계 과목 세 부 능력 및 특기사 항 해당 사랑 없음 <체육 . 예술> 학기 교과 과목 단위수 성취도 체육 체육 예술 음악 체육 체육 예술 미술 이수단위 합계 과목 세 부 능력 및 특기 사 항",444,0,2,1,0.0,4.504504504504505,2.2522522522522523
202410346,1,2021,1,체육,체육,"성격이 쾌활하여 경기름 하기 되면 같은 동료 간의 칭찬올 많이 함. 꾸준히 연습올 실시하머 각 동작별로 잘한 점과 부족한 점은 분석하고 수정된 동작으로 능숙하게 과제루 수행함 . 배드민터 경기 시 운동신경이 매우 뛰어나고 포핸드 드 라이브 및 백핸드 , 푸시물 잘 구사하고 몸의 중심과 체중올 실어 스트로크 및 권드물올 잘 구사함 . 꽃위크에 대한 반응이 빨 라 공에 정확하게 리시스름 할 수 있음. 스트로크의 개념과 경기 시 필요한 기술에 대해 정확히 알고 있으미 경기 시 알고 잎 논 기술울 자유자재로 수행함. 다양한 스트로 크룹 구사할 수 있으며 * 서브률 할 수 있음",321,1,0,0,3.115264797507788,0.0,0.0
202410346,1,2021,2,체육,체육,"코로나19로 인격수업에 성실히 참여하고 , 교과학습 내용에 대한 정리률 충실히 하여 과제틀 제출함 . 탁구의 경 기방법 및 서비스 방법과 레트에 대하여 이해하고 있으며 탁구 경기에서 개인의 경기 기술분만 아니라 동료와 협력하는 대도 가 돌보이고 공의 단력성이 떨어지지 암게 포핸드 스트로크 기술울 구사해 팀에 대한 기여도가 높음. 농구에 대한 열정이 높 아 스스로 개인 연습올 꾸준히 실시하여 실력이 많이 향상되없으미 농구에서 골밑 점프 숫과 레이업 숫의 자세가 상당히 종은 편이고 성실한 자세로 연습에 참여하여 자세와 숫 성공물이 향상독 . 음악: 음악과 관련된 전반적인 음악 활동에 흥미가 있어 수업 시간에 즐거운 태도로 임하는 모습이 인상적임. 특히 피아노 약 기 연주법과 가장 활동에 있어서 모르는 내용에 대해 두려워하지 암고 적극적으로 해결해나가려는 학습 의지블 보여중. 서양 음악 여행 수업올 통해 고대 시대부터 바로크 시대까지의 음악적 특징에 대하여 시간 흐름 순서에 맞게 구별함. 또한 각 시대 별 음악적 특징에 대해 구체적인 예시물 활용하여 설명함 . 우리 반 풀레이리스트 만들기 활동에서는 재즈적 요소가 가미본 약 작품올 소개합 . 계절감이 느껴지는 신선한 분위기블 음악 작품 분위기와 연계시키 발표함. 가창 활동에서 악곡의 분위기 틀 자신만의 음색으로 표현함. 특히 진지하게 음악에 임하는 자세가 모범이 팀.  --- Page 10 --- 정부24 과목 세 부 능력 및 특기사 항 미술: 아무작품 챔린지가 탄생한 유래물 이해하고 다양한 서양미술사 명화들 중 하나물 선택하여 분위기 핑게 재 창작함. 반 센트 반 고흐의 귀틀 자른 자화상올 오마주하여 아무작품 챔런지 작품올 만늙 . 지페 만들기 활동올 통하여 인물 모습올 개성 핑게 표현햇으며, 지폐의 디자인올 다양한 관점으로 탄색함 . 문자도 활동에서는 시각 문화 속에서 이미지의 다양한 전날 방 식울 매체의 특성에 맞게 적용하고 표현함. 타이포그래픽올 대체적으로 이해햇으머, 레이아웃 구성에 있어 조화가 이루어짐. 감상 활동에서는 서양미술사의 흐름과 지식올 활용하여 작품의 내용과 의미블 배경과 관련지어 해석함 . 프로타주 환동에서 눈 주변에서 찾은 여리 질감들올 활용하여 이미지루 생동감 핑게 #현햇으며, 발견한 질감올 주제 표현에 적절히 사용하여 호 과직으로 표현함. 내 방 꾸미기 활동에서는 원근법과 투시도법올 직용하여 입체감있는 내 방울 표현함.",1189,3,1,6,2.523128679562658,0.8410428931875525,5.046257359125316
202410346,2,2022,1,사회 . 문화,기타,"사회과학주제 발표하기에시 간호대학생의 MBTI 성격 유형에 따른 스트레스의 정도 , 스트레스 대처방식 및 학교 적응에 관한 선행연구 보고서률 작성하고 , 이에 기반하여 고등학교 2학년 학생의 MBTI 성격 유형에 따른 학업 성취 도에 관한 연구계획서클 프리전테이선으로 발표함. 시사 이수 분석하기에서 장애인 단체의 지하철역 시위에 대해 기능론적 관점과 갈등론적 관점올 비교 분석함 . 상징적 상호작용론적 관전에서 장애인 단체의 시위에 대해 사회구성원들이 갖는 인식 에 대해 파악함.",269,2,0,0,7.434944237918216,0.0,0.0
202410346,2,2022,2,사회 . 문화,기타,"사회문제담구 프로적트에서 정치적 불평등올 주제로 소득불평등과 투표울의 관계 , 투표 연령 하향화 , 선 출직 정치인의 연령별   성별 분포 비율 등의 실태 및 영향올 살펴보고 문제의 원인에 따른 해결방안올 모색하는 보고서름 작 성하고 발표함. 대안으로 투표권 총량제 도입   선출직 연령별 , 성별 활당제 실시 등올 제시함 . 대중문화 단원에서 대중매체의 변천사름 배우면서 미디어의 변화와 인류 사회의 변화와의 상관관계에 관심을 갖고   심화학습으로 책 '세상을 바군 미디어 ( 김경화) '풀 위고 문자 미디어, 소리 미디어, 시각 미디어로 유형화하여 깊이핑게 밤구함 인터넷 맘의 언어적 성격 고찰에 관 한 연구도 호기심올 갖고 분석해봄",356,2,1,3,5.617977528089887,2.8089887640449436,8.426966292134832
202410346,2,2022,1,물리학 [,기타,"특수 상대성 이론에 대해 자신감 앞게 발표들 함. 특수 상대성 이론올 위한 가정 두 가지 (상대성원리, 광속 불변의 원리) 와 나타나는 현상(동시성의 상대성 , 시간지연 , 길이수축) 에 대해 발표함. 또한 한국교육방송에서 방영한 '빛의 물리학' 올 시청하는 등 자기주도학습하는 모습올 보임.",163,0,0,0,0.0,0.0,0.0
202410346,2,2022,2,물리학 I,과학,빛의 파동성올 증명한 토마스 영의 이중슬렉 실험 내용에 대해 발표함. 먼저 회절과 간섭이 무엇인지 이야 기 한 뒤에 '이중슬핏 실험의 스크린에 나타난 밝고 어두운 무늬름 합리적으로 설명하기 위해 빛올 파동으로 가정하게 되있다 '눈 실험 과정올 잘 설명함.,142,1,0,1,7.042253521126761,0.0,7.042253521126761
202410346,2,2022,1,화학 I,과학,"반소 화합물의 활용 사례 조사하기 활동에서 풀리스타이렌이 음료 용기 , 일회용 겁이나 식기, 식품 포장 용 기 등으로 활용되고 있으미,  플리부타디엔과 흔합해 만든 내충격성 플리스틱렌은 충격 훔수에 약한 단점올 보완한 것으로 활 용은 플리스타이렌과 거의 비슷하다 고 설명함. 양성자수는 갇지만   중성자 수가 달라 화학적 성질은 같지만 물리적 성질이 다른 동위 원소의 정의루 소개하고   고고하이나 환경 생태학 , 범죄 감식 능에 쓰이는 동위 원소 분석범과 반감기률 이용하 방 사능 연대 축정번에 활용되다는 것올 설명함.",291,2,0,0,6.8728522336769755,0.0,0.0
202410346,2,2022,2,화학 I,과학,"원자가 이온이 덜 때 전자의 출입이 있다는 것울 이해하고 있으머 , 주어진 원자들이 이온결합울 형성해 만들 수 있는 화합물올 화학식으로 표현함. 이온 사이의 거리가 가까울수록, 이온의 전하랑이 글수록 이온결합 물질의 녹느점이 높아진다는 것' 주어진 자료틀 분석하여 환동지에 기록함 . 화학 반용식에서 반용물과 생성물 사이의 원소의 종류 , 원자의 Ppt에  --- Page 13 --- 정부24 과목 세 부 능력 및 특기사 항 개수 , 전하수 등올 모두 고리하기 어려우므로 반쪽 반응올 이용해 계수름 맛주는 방법올 이온-전자법이라고 부르다고 설명 함.",308,1,0,0,3.246753246753247,0.0,0.0
202410346,2,2022,1,지구과학 I,과학,"수업에 적극적으로 임하는 태도가 매우 칭찬활 만하다 바른 자세로 수업에 임하는 성실한 학생임 . 퇴적 물의 기원에 따라 쇄설성, 화학적 , 유기적 퇴적암으로 분류하는 것에 대한 조사클 하여 표플 작성하고 사진올 보여주머 발표 함. 부정합의 정의와 부정합의 형성과장에 대한 조사름 하여 발표함 . 부정합이 형성되기 위해서논 옮기와 천강이 반드시 발 생해야 한다는 것과 기저역암의 생성과정 , 긴 시간이 흐름으로 인해서 평행부정합   경사부정합   난정합 등 다양한 부정합이 형성되는 과정올 그림과 사진올 이용하여 차분하지만 정확한 어조로 발표블 잘함.",307,1,0,2,3.257328990228013,0.0,6.514657980456026
202410346,2,2022,2,지구과학 I,과학,"지구과학관련 도서독서발I 수업에서 '재햄어서 밤새 읽는 지구과학이야기' 틀 읽고 지구과학에 대한 홍 미가 더욱 높아져다고 함. 역동적인 지구이야기 , 알고 있으면 재미있는 기상이야기 , 자꾸 만들어도 신기한 우주이야기로 나 뒤서 다양한 내용올 재미외게 읽있음올 발표 함.",151,0,0,0,0.0,0.0,0.0
202410346,2,2022,1,중국어 I,국어,"중국의 음식문화에 관심과 흥미블 느껴 문화 담구 활동에서 중국의 4대요리블 주제로 조사한 내용의 보고 서름 작성하고 프레센테이선으로 발표함. 광범위한 식재료름 이용하이 다양한 조미료와 향신료가 사용되는 중국 음식의 특징 울 설명하다 지역별로 구분되는 중국 4대 요리블 소개함. 광둥요리 , 사천요리 , 북경요리   상해요리의 지역적 특징과 요리의 특징올 설명하고 대표음식올 소개하다 중국 문화에 대한 흥미름 높임.",231,1,0,2,4.329004329004329,0.0,8.658008658008658
202410346,2,2022,2,중국어 I,국어,"중국 역사 인물 팀구에서 '마오저둥의 통일' 이라는 주제로 보고서률 작성하고 발표함. 청나라 말 후난성 부 농으로 e어나 사회주의 이념올 발진시켜 중국올 재통일한 뛰어난 정치적 역량울 가지고 있으나 한국 전쟁의 개입에 대해서 눈 실망감올 나타님 . 또한 비록 훌륭한 리더십올 지니고 있지만 자신의 신념체계가 지나치고 정치적 욕심이 과도하여 현대 중 국에 많은 혼란율 안거준 부분에 대해서는 아쉽다는 평가루 나타님. 학교자율과정 단소중립 실천 프로적트에서 지구과학 및 사회문화 교과에서 학습한 내용올 중심으로 '우리나라의 에너지 생산 방식 현화과 원자력 발전에 대한 오해'틀 주제로 프로적드물 계획함. 계획 단계에서 탄소 배출로 인한 해수면 상승으로 인한 북극공의 고통올 북극곰 시점의 영상으로 제작하리 햇으나 탄소 중립과는 직접적으로 연관되어 있지 않다는 이유에서 단소 중립이라는 단어에 초점올 누고 우리나라의 에너지 생산 비율에 대해 알아보고 , 각각의 효율성과 반소 배출렉울 조사해 보기 로 계획함 . 또한 에너지 생산량에 대한 단소 배출량 비율이 낮은 원자력 에너지에 대해 심중적으로 조사하고 , 질문지법올 통 해 사람들의 인식올 알아보켓다는 계회올 발표함 결과물로 단소중립올 이루기 위해 거시적 관점에서 에너지 생산 방식 중 이산화단소 배출랑이 10g/kWh로 신재생 에너지보 다 낮은 '원자력 에너지' 에 대해 심충적으로 담구하고 이름 발표함. 활동음 통해 사회문화 시간에 배운 기능촌 , 갈등록 , 상징 적 상호 작용른적 관점으로 사회 문제중 하나인 지구 평균 온도 상승 현상울 다양한 관점에서 바라보고 해결방안 올 파악할 수 있없다는 내용의 소감문올 작성함. <진로 선택 과목> 성취도 성취도별 학기 교과 과복 단위수 원점수 과복평균 (수강자수) 분포비율 사회 (역사 / 도덕포함) | 사회문제 담구 95/78.5 A(165) A(66.1) B(15. 8) C(18. 2) 과학 과학과제 연구 86/75.3 A(90) A(50.0) B(36.7) C(13. 예술 음악 감상과 비평 89/80.9 A(133) A(64.7) B(24.8) C(IO. 사회 (역사 / 도덕포함) | 사회문제 담구 94/70.5 A(162) A(53.7) B(13.0) C(33. 3)  --- Page 14 --- 정부24 성취도 성취도별 학기 교과 과목 단위수 원점수 / 과목평균 (수강자수) 분포비율 과학 과학과제 연구 95/71.1 A(87) A(42.5) B(17 2) C(40.2) 예술 음악 감상과 비평 88/63.7 A(132) A(30,3) B(25.0) C(44.7) 이수단위 합계 12 과부 세 부 능력 및특기사 항",1301,3,1,2,2.3059185242121445,0.7686395080707148,1.5372790161414296
202410346,2,2022,1,사회문제 남구,기타,"'인문의 바다에 빠져라' 틀 임고 10회 독서서평올 작성함 . 시사이수발 표에서 원송이 두창 확산 관련 기 사름 잎임고   자신의 생각을 글로 정리한 후 PPT로 발표함. 원숨이 두창의 증상 , 발병시기, 기간 등에 대해 설명하고 확산 과정 올 구체적으로 조사하여 설명함. 원송이 두창에 대한 국제 사회의 대처 방법울 설명하고 이에 대한 해결책으로 원송이 두창에 대한 정보 공유   백신 및 치료제의 사전 생산   관련 방여 대책 수립올 제시함",248,1,0,1,4.032258064516129,0.0,4.032258064516129
202410346,2,2022,2,사회문제 탑구,기타,"시사이슈논평에서 국내 망사용료 문제 , 미국 금리 인상으로 인한 국내 경제 , SNS관련 회사 화재로 인한 소통 대란 관련 기사늘 선택하고 자신의 의견올 논리적인 글로 작성하는 과정에서 비판적사고력 . 문제해결력올 보임. 시사이슈논평에서 신종 마약 관련 기사름 잎고  자신의 생각올 글로 작성한 후 , PPT로 발표함. 신종 마약이 만들어지는 속도 가 검출 키트록 발전시키는 속도록 앞지로고 있음울 설명함 . 마약 사# 수가 늘어감울 그래프로 설명하고 전국 하수예서 마약 성분이 검출되 음올 언급함 . 해결 방안으로 신종 마약 키트 개발에 맘은 투자가 필요하고 마약 담당 국가 연구원의 수름 늘러 야 함을 제안함.",343,1,0,3,2.9154518950437316,0.0,8.746355685131196
202410346,2,2022,1,과학과제 연구,기타,"과학과제연구의 기초이론올 학습하면서 연구에 필요한 역량   보고서의 구조 , 주제담색방법 등의 내용 올 확인함 . 사회 과학적 이수 중 안락사 허용에 대한 자료률 찾아보고 환자의 고통과 부담 감소   자기결정권 보장울 위해 혀 용되어야 된다는 의견올 주장함 . 영화 속 과학운리 소개하기에서 인간복제의 문제점올 다른 영화 '아일랜드'틀 발표함. 이 과 정에서 복제인간의 인간심올 무시하고 도구처럼 사용하는 비운리적 상황에 대해 비판함 . 물병 속 물질의 밀도와 부피가 물병 의 착지에 어떤 영향울 주느지에 대해 관심올 갖고 이틀 확인하기 위한 연구계획올 수립함.",314,2,0,1,6.369426751592357,0.0,3.1847133757961785
202410346,2,2022,2,과학과제 연구,기타,"관련 선행연구자로틀 조사하면서 이론적 기반을 마련하고   10차시 이상 진행된 연구일지 작성환동에 서 일정한 방법으로 물병올 던지기 위해 물병 발사장치률 직접 고안하고 . 주변에서 심게 찾울 수 있는 물 , 식용유  꿀 , 밀가루 등으로 밀도틀 변화시김과 동시에 용량변화로 부피감들올 조정하다 실험올 진행합 . 각각의 변인값을 수차례 조정 , 실험하다 그 착지정도름 즉정한 결과  밀드가 글수록  물병 부피의 34퍼센트정도일수록 잘 세워진다는 사실올 확인하고 , 그 내용올 보고서와 차트로 정리하여 발표하다 상호 피드백올 받음.",295,3,0,1,10.169491525423728,0.0,3.389830508474576
202410346,2,2022,1,음악 감상과 비평,예술,세계 음악 발표하기 수업올 동해 과거 자신만 아는 노래물 찾기 위해 여러 해외 아티스트의 음악울 듣다 취향에 맞는 노래블 찾던 개인직인 경험올 이야기하다 발표 초반에 흥미름 돈우미   듣는 사람들이 집중할 수 있도록 근 목소리로 시작해 이목울 집중시김. 이와 관련된 미국의 발전올 확인할 수 있도록 지억올 구분한 사진올 바탕으로 4개로 나누 어 지역적으로 나타나는 기후 특징울 설명함.,215,0,0,3,0.0,0.0,13.953488372093023
202410346,2,2022,2,음악 감상과 비평,예술,"곡에 어울리논 다양한 리듬올 빨대와 식품올 이용하이 흉겁게 연주하없으며, 4개의 파트로 구성된 아 카괜라 악구을 정확한 음정과 리듬으로 노래함. 학급 친구들과 아 카페라 연습 시 각 파티의 음올 정확하게 짚어 알려주 음정의 중심 역할올 하여 자신감 있는 리디심십의 모습올 보임. <체육 . 예술> 학기 교과 과복 단위수 성취도 체육 운동과 건강  --- Page 15 --- 정부24 학기 교과 과목 단위수 성취도 체육 운동과 건강 이수단위 합계 과목 세 부 능력 및 특기사 항",267,0,0,0,0.0,0.0,0.0
202410346,2,2022,1,운동과 건강,체육,"농구 수업올 봉해 여러 가지 패스 방법울 상대방 수준에 맞추이 난이도물 조절하고 상대방 입장에서 밭 기 심계 보내는 과정에서 배러의 모습이 보임. 특히  합동도전 과제름 수행하는 과정에서 모퉁에서 잘하는 학생과 실력이 부 주한 학생들올 파악하여 위치률 재선정하노록 노력하없고 보다 모둑 과제록 성공하는데 유리한 상황울 만들어 문제률 해결 함. 논술 주제 담색 과정에서 평소 생활 습관   생물학적 , 환경직   보건 의료제도 등 건강에 미치는 요인에 대해 알아보고 음식 섭취   운동 실천 , 효과적인 스트레스 관리 등 다양한 예름 들어 건강 관리 방안을 제시함.",315,0,0,3,0.0,0.0,9.523809523809526
202410346,2,2022,2,운동과 건강,체육,탁구 수업에서 서비스물 연습 시 일정한 높이로 공을 띄위 같은 박자로 공율 타구하는 능력이 종음. 농 구의 기본 규칙 및 스길의 활용법에 대하이 정확히 인식하고 농구 참여에 따른 체력증진 효과루 설명학 수 있으미 농구 경기 중 모든 포지선에서 팀에 도움이 되도록 최선의 노력올 다함.,158,1,0,2,6.329113924050633,0.0,12.658227848101266
202410346,3,2023,1,언어와 매체,국어,"당차고 씩씩한 태도로 수업에 참여햇으머  활기찬 소리로 반응올 잘 해주어 교사에게 가르칠 힘올 준 학 생임. 수업 시간 배운 원리나 특징올 용례에 적용하여 발표하는 활동 중심 수업에서 항상 적극적으로 발표에 도전하여 다른 친구늘이 자극올 받아 함께 참여할 수 있도록 이굶. 또한 친구늘과의 협력 학습올 봉해 자신이 부족한 부분올 채우기도 하고 다른 친구에계 알려주기도 하면서 능동적인 수업 분위기름 주도함. 인간은 언어라는 틀올 통해 세계름 인식하다는 주장올 , 조지오월의 '1984'의 내용올 근거로 들어 논리적으로 설명햇고  교작어로서의 국어물 중국어와 비교하여 그 특징울 잘 설명 함. 음운 변동 등에 대해 발표할 때 ,  전제가 되는 음운적 조건이나 발음 기관의 특징들올 상세하게 설명한 후 , 그 환경 조건에 의해 현상이 일어나는 과정올 수준 높계 설명함.  --- Page 16 --- 정부24 과목 세 부 능력 및 특기사 항",468,1,0,5,2.136752136752137,0.0,10.683760683760683
202410346,3,2023,2,언어와 매체,국어,"넓다'와 '넓죽하다'의 발음상의 차이점올 바탕으로 겁받침에서 일어나는 자음군 단순화의 원리와 특징 올 설명하없고 , 복잡한 구조의 구문올 선택하여 문장에 사용된 단어의 성분올 구분하여 그 기능울 잘 설명함.  '용비어천가' 와 '훈민정음' 틀 자료로 삼아 중세 국어의 문법 요소가 근 . 현대 국어로 이어지논 과정에서의 변화 양상울 세밀하게 잘 설명합.",197,0,0,2,0.0,0.0,10.15228426395939
202410346,3,2023,1,미적분,수학,"극한의 개념올 학습할 때 , 순환하는 무한소수 0. 9999...가 자연수 1과 같은 값인지 확인하라는 교사의 발문 에 대해 분수름 통한 방법과 등비급수의 환용올 통한 방법올 이용하이 이틀 증명해내어 친구들의 박수갈채름 받음. 스스로 흉 미풀 갖고 수학 관련 영상과 연구물올 조사하여 다른 증명 방법이 있는지률 추가 조사하여 데데컨트 절단에 의한 구성, 구간 축소법 , 무한소   p진수 등의 개념울 활용하는 증명 방법올 조사함. 심화 연구하는 과정에서 극한 개념올 수학적으로 명확하 게 정의하는 입실문-밀타 논법에 대해 알아보다 극한에 대해 더욱 심도 앞게 이해하러는 모습이 돈보임. 시각에 따라 움직이 눈 물체의 위치   속도 . 가속도의 관계플 이해하고 , 이률 관심 분야인 미디어 기술 중 3d 모델림 , 물리 엔진 같은 소프트웨어 에서 현실 세계의 물리 법칙올 구현하기 위해 다양한 미분방징식이 사용되는 것' 확인하고 미적분의 필요성올 절감하다 수 학 학습에 흥미률 보임.",493,2,1,3,4.056795131845842,2.028397565922921,6.085192697768763
202410346,3,2023,2,미직분,기타,수업 시간에 집중하다 수학직 개념  공식의 적용 예외적인 사례 등올 농치지 암고자 하머 미직분의 전반적 인 내용에 대한 이해도가 높아 제시되는 문제름 모두 해결하다 선택 과제름 충실히 하여 연구 성과 및 결과물올 적극적으로 발표하는 모범 학생임.,137,1,0,1,7.299270072992701,0.0,7.299270072992701
202410346,3,2023,1,확출과 통계,기타,"수업시간에 항상 집중하는 모습으로 친구들과 교사에게 매우 긍정적인 영향력올 미치는 훌륭한 학생임 문제풀이 발표에서 급우들에게 발문올 통해 발표에 집중할 수 있도록 유도하고 이항정리와 독립 종속 판별 문제들 조리 핑게 설명함 . 이름 통해 수학적 의사소통 역량이 항상팀 . 문티 흙 문제름 조건부 확출음 이용하여 논리적으로 설명하고 어떤 선택 이 유리한지 발표함. 그래관 , 그림 자료물 제작하여 문제 상황울 쉽게 이해할 수 있도록 하여 돌보임. 또 본티 홀 문제의 문의 개수름 100개로 늘린다고 가정햇올 때 직관적으로 유리한 선택올 판단할 수 있음올 알게 되고 실제로 그러한지름 확출 계산 올 통해 맞음올 확인해 보임. '박경미의 수학 혼서트 '틀 위고 화물의 역설에 관해 관심올 갖고 화물의 역설들올 조사하여 정리 하여고 구하는 방범에 따라 3개의 다른 확물올 모두 인정하는 베르트랑 역설과 이중슬렉 실험의 비슷한 점울 비교하고 분석 함",470,4,0,3,8.51063829787234,0.0,6.382978723404255
202410346,3,2023,2,확출과 통계,기타,"확출 단원 조별 학습에서 조장으로서 조원의 실력올 파악하고 단계록 나누어 가르치다 쉽제 표현하여 모범이 팀. 문제출제하기에서 교과서 찬반투표 문제의 조건올 변형하여 출제하고 공유함 . 조건 변화에 따른 해결 방법이 크 게 날라짐올 급우들이 유의할 수 있도록 알림. 영어 독해와 작문: '글드의 진화론' '환금 작물 재배 , '사실과 사건의 차이' 에 관한 지문 발표 시간에 자원하여 구문 및 어휘 풀 꼼꼼히 분석하여 해석하엿고 , 발표 과정에서 다른 학생들과의 의견 교환올 적극적으로 시도하여 대화풀 이끌어 내는 장점 올 지난 학생임. 특히 '사진의 유용합' 에 관한 지문올 임고   현 시대에는 사진과 영상의 기록물이 디지털화 되어 그 신회성올 잃어가지만 대체불가토근 기능의 출현과 더불어 여전히 특정 분아에서는 사진들올 통해 정보가 전달되 고 , 문화가 공유되다는 점울 보고서로 작성함. 과학자와 대중과의 소봉의 필요성에 관한 지문 이해 활동에서 '양자 컴퓨터' 라는 전산 방식울 이용하 여 각종 플렉 품을 통한 과학의 대중화틀 실현시키도록 과학자들의 소통 전락이 필수적이라는 자기 생각올 논리적으로 잘 설 명함 . 자기 주장 표현하기 활동에서 소설 미디어 시대에 동조 문화의 형성에 따라 사회적 유행에 재빠르게 동참하지 못하는 경우, 사회 구성원으로서 불안감이 생길 수 있음올 지직합. 평소 어휘와 문법학습에 노력올 기울이는 학생으로서 본 수업 지 문에 관한 어위름 미리 학습하여 매 시간 어위 귀즈에서 높은 점수름 확득하없고 , 듣기 능력도 탁월하여 지문 해석과 이해에 상당한 성과루 보임.",782,3,2,4,3.8363171355498724,2.557544757033248,5.115089514066496
202410346,3,2023,1,정보,기술·가정,"프로그램 작성 시 문제름 해결하지 못하거나 명령어률 이해 못해 문제률 잘못 사용한 친구에게 자세한 명령어 설명과 이해블 도와 춤. 코딩 시 본인의 생각대로 프로그램올 표현하고자 다양한 프로그램올 작성해 봄. 출력화면에 무지개 색올 그리논 문제름 해결하기 위해   반복적인 처리름 해결하기 위해 함수름 작성한 후 단순 반복문 4개 사용하여 X, y축에  --- Page 17 --- 정부24 과목 세 부 능력 및 특기사 항 권된 좌표름 반복 처리하여 색올 표현하는 프로그램을 완성하없고 출럭화면의 랜념한 크기름 맛추기 위해   *축의 최대값올 활용하 명령어률 사용하여 결과 화면의 크기률 자동으로 맞추는 프로그램올 완성함. 자연수률 이용하 팩도리얼 함수 문제물 반복문 활용으로 프로그램올 완성합 . 피보나치 수열의 문제름 해결하기 위해 덧셈 연산식올 이용하 반복문올 만큼으로서 반 복구문의 이해도가 높음  프로그램 작성 시 주변 친구들의 오류름 찾아 주거나 실행이 털 수 있도록 도와 주는 역할울 성실히 수행함",508,0,0,0,0.0,0.0,0.0
202410346,3,2023,2,정보,기술·가정,"배열올 활용한 자료의 저장 및 구조v 이해하고 있음. 배열올 활용한 연산식 처리가 가능함. 저장된 데이터름 활용하 연산작업올 수행 후 배열에 저장하고 주어진 데이터 중에서 크기률 비교하기 위한 조건문 작성이 가능함 학교자율과정 팩트체크 프로적트에서 언어와 매체 , 화학 과목의 학습 내용올 기반으로 아스파람의 진실에 대해 담구하여 계 확서 , 보고서물 작성하고 발표함. 아스파람울 세계보건기구가 발암물질로 분류  어린이와 청소년의 뇌종양 편두퉁의 원인이 아스파담이라는 학술자료에서 아스파담의 위험성에 대한 근거자료들이 특수한 경우만 적용되거나 관련성이 없다는 반박자료 풀 찾아념 . 또한 아스파람의 발암물질 2B군 분류로 인한 오해에 대해 알리고 아스파람은 하루 당 적정 섭취 허용량 이하로 섭취할 때 안전하다는 임상적 결과블 설명함 . 이틀 통해 아스파담올 과다 섭취할 경우 위험성올 부정할 수 없지만 우리는 미 디어 매체에서 위험성올 확대 해석하는 것을 주의합 필요가 있다는 결론을 냄 . 오늘날 언론 기사, 뉴스 . 광고 드라마 등 다양 한 미디어가 여론올 형성하고 개개인의 의사블 결정하는데 중요한 역할울 하므로 미디어 리터러시의 교육의 중요성울 설명하 고 21세기 모든 개인이 갖추주어야 할 중요한 기술임올 강조함. <진로 선택 과목> 성취도 성취도별 학기 교과 과복 단위수 원점수 / 과복평균 (수강자수) 분포비율 수학 기하 91/71..7 A(43) A(55.8) B(11.6) C(32.6) 과학 물리학 I 81/61.1 A(55) A(27.3) B(21 8) C(50.9) 과학 화학 I 97/82.4 A(69) A(69.6) B(11. 6) C(18.8) 과학 지구과학 I 93/70,1 A(43) A(34,9) B(30.2) C(34.9) 체육 스포츠 생활 76/79.5 B(211) A(55.5) B(36.5) C(8.1) 기술 . 가정 / 제2외국 중국어 I 78/70.8 B(46) A(43.5) B(17.4) C(39.1) 어 /한문 교양 수학 기하 78/53.4 B(43) A(20.9) B(20.9) C(58.1) 영어 심화 영어 I 52/43. 6 C(212) A(7.1) B(16 0) C(76.9) 과학 물리학 I 78/46,2 B(55) A(12.7) B(14.5) C(72.7) 과학 화학 I 84/64,8 A(69) A(29.0) B(24.6) C(46. 과하 지구과학 I 86/67.7 A(43) A(25.6) B(44.2) C(30. 체육 스포츠 생환 92/75.2 A(212) A(40.6) B(52.4) C(71) 기술 . 가정 / 제2외국 중국어 I 88/69.8 A(46) A(41.3) B(19.6) C(39. 어/한문 / 교양 이수단위 합계  --- Page 18 --- 정부24 과목 세 부 능력 및 특기사 항",1381,0,0,1,0.0,0.0,0.724112961622013
202410346,3,2023,1,기하,수학,"매 시간 집중력-는 태도로 수업에 임하다 모든 단원의 발표 시간에 모두 참여하여 문제름 풀고 설명하는 시간 올 갖는 등 교사와의 상호작용 또한 매우 뛰어난 학생임 . 포물선 올 반사면으로 이용하여 초점올 지나는 성질올 가진 '파라불 라 안테나   천체 망원경 , 태양열 반사판 ,  자동차 전조등' 등 일상 생활에서 모물신의 성질이 활용되는 예틀 주변에서 조사해 보고 보고서로 작성함 . 프물선 단원올 배우고 주어진 포물선의 초점올 지나가면서 서로 다른 두 점은 지나가는 직선이 존재할 때 , 직선과 포물선의 교점에서 준선까지의 거리블 각각 구하는 문제물 직접 출제해 보고 풀이하는 시간율 가짐.타원의 광학 적 성질올 이해하고 타원의 두 초점이 한 접선과 수직으로 만나는 점으로 만들어진 삼각 형의 둘레름 구하는 문제름 연계시켜 서 만들고 풀이해 봄. 쌍곡선 단원에서는 주어진 다원과 두 초점올 공유하는 쌍곡선의 방정식올 구하고 친구들 앞에서 발표 함.",477,1,0,3,2.0964360587002098,0.0,6.289308176100629
202410346,3,2023,2,기하,수학,"넥터의 실수배에 대한 연산 법칙의 이해도가 높고   좌표 공간에서의 두 점 사이의 거리름 이용하여 도형과 좌표 의 최대 거리블 구하여 친구들이게 설명하는 시간율 가짐. 심화 영어 I : 중성미자가 빛의 속도보다 더 빠르게 움직인다는 이야기률 듣고  물리학자들이 무엇이 잘못되없는지루 의심하 고 점검올 하여 그것이 잘못된 것이라는 것울 발견하고 오류늘 막을 수 있없다는 내용의 글에 대해 조개진 문장으로 주어진 상태에서 서로 분담하여 어위 조사 및 내용 파악을 스스로 하여고   해석에 어리움올 호소하는 친구들에게 도움올 주어 지문에 대한 이해도록 함께 높이는 리더적인 역할울 잘 수행하없음 '타인과 깊은 유대륙 만드는 방법 '에 관한 지문울 위고 일반적인 사람들 사이에서의 대화 뿐 아니라 우리가 공인이라고 말하는 정치인이나 유명인들의 말은 때론 근 오해지 불러일으길 수 잎 으으로 신중하고 진중한 감정적인 언어률 선택하여 표현하는 짓이 중요하다는 글을 작성함 . 영어로 할 수 있는 상호 행위의 능력올 고루 갖추고 있어 의사소통 기본 표현이 담긴   일상생활에 관한 다소 긴 글과 대화물 상황에 맛게 대부분 적절하게 사 용합 수 있으머, 영미권 문화름 대부분 정확하기 이해함으로씨 영어 의사소통의 효율올 극대화시길 수 있는 학생임.",634,2,0,1,3.1545741324921135,0.0,1.5772870662460567
202410346,3,2023,1,물리학 I,과학,"포물선 운동 분석 발표수업에서 물체의 최고점 도달기리 , 도달시간 및 최대 수평 도달 볼 수 있는 각도 관 권하여 논리적으로 잘 설명함. 지오지브라 사이트률 이용하여 물체 귀적올 잘 표현함. 상호유도 실험과 전자기 유도 실험에 참여하여 전자기 유도현상과 패러데이 법칙올 정확히 이해하는 모습올 보임. 진로와 연계년 내용 발표하기 수업에서 미디어 기술 속의 과학이라는 주제로 발표름 매주 잘함 . 물리엔진 (디지털 관렌즈에 현실성올 부이하기 위해 사용되는 기법)이 오류 풀 일으켜 나타나는 권멘즈률 여러 개 보여주면서 호기심울 자극하엿고 디지털 굳렌즈(아이터 기술) 기술 분야와 관련현 자 신의 진로에 대해 잘 이야기합 . 수업 시간에 사용되는 각 종 전자기기 관리 도우미로 늘 성실하게 활동하면서 수업에 잘 참여",398,2,1,2,5.025125628140704,2.512562814070352,5.025125628140704
202410346,3,2023,2,물리학 I,과학,"주사전자현미경 (8EM) 과 투과전자현미경 (TEM)에 대해 발표함. 불로렌즈에 의해 생겨나는 상과 관련하여 실물이 어디 있을 때 실상   허상 , 축소 , 도렵 , 정립이 만들어지논지 작도름 잘함 . 코히러 실험올 통해 발광다이오드에 불이 들어오는 것이 전자기파 때문임올 정확히 이해하는 모습올 보임.",169,1,0,0,5.9171597633136095,0.0,0.0
202410346,3,2023,1,화학 I,과학,수업 시간에 적극적으로 참이하여 성실히 임하고 수업 내용올 잘 정리하여 화학 개념을 정립함 .  기체 분자 운 동론의 개념울 이해하고 이상 기체 방정식울 유도하는 과정올 익히고 공식올 활용하여 응용 문제률 해결하고 이상 기체와 실 제 기체의 차이점올 비교 설명하는 모습올 통해 뛰어난 담구 능력올 보여중 . 산소의 분자량 구하기 담구 과정올 통해 산소의 질랑과 부피풀 구하고 이상기체 방정식올 사용하여 산소의 분자랑울 정확히 계산하여 결과값올 구함. '화학연대기 (장황제) ' 률 임고 시대적인 에너지의 변화와 화학반응에 대해 이해하고 인류와 화학이 상호 영향올 받으미 발전하고 앞으로도 밀접한 관 계로 과학기술올 성장시길 것이라고 강조함.,358,0,0,4,0.0,0.0,11.1731843575419
202410346,3,2023,2,화학 II,기타,"반소 화합물에 관심올 갖고 심화 학습으로 '여러 가지 걸합과 반소 신소재' 주제로 자료플 조사하여 보고서클 작성함 . 여러 가지 화학 결합과 결정올 이해하고 그래편 , 풀러렌 , 탄소 나노 뉴브   그래다인 등 다양한 신소재의 특징과 활용 에 대해 이해하고 다양한 특성과 다양한 구조의 물질올 만들어내는 반소의 화학적 특성이 우리의 삶울 얼마나 많이 바꿀 것인 지 기대하고 신소재틀 이용하 공학 기술 개발에 깊은 관심올 가짐. 확대 ,  --- Page 19 --- 정부24 과목 세 부 능력 및 특기사 항",283,1,0,1,3.5335689045936394,0.0,3.5335689045936394
202410346,3,2023,1,지구과학 I,과학,"수업에 대한 집중력과 학습태도가 올바르미 깊계 생각하는 성격으로 발표름 함 때는 정확하고 적절한 용 어률 사용하기 위해 노력하는 모습올 보임. 관심분야 심화남구 프로적트 수업에서 '지구 온난화로 인한 여리 기후변화 시나리 오 주제로 보고서클 작성함 . 온실가스 농도값올 설정 후 기후변화 시나리오틀 산출하여 그 결과의 대책으로 사회 , 경제분 야 별 온실가스 배출 저감 정책을 결정하는 4중의 RCP에 대한 설명올 하없으다 SRES (배숙시나리오에 관한 특별보고서) , sSP (공통사회경제경로) 등 다양한 시나리오에 대한 조사물 하여 회복가능한 경우와 점점 심각해저서 최약의 상황이 되없올 때름 비교하면서 가능한 방법올   최대한 사용하고 개인적으로도 온난화름 막기 위해 할 수 있는 것 들올 찾아서 노력해야 한 다고 주장함. 전문학에 대한 관심이 높고 이해가 깊어 계절에 따른 태양계 행성의 겉보기 운동과 관찰울 정확하게 이해하고 있어서 이해에 어려움올 겨고 있는 친구들에게 설명올 할 때 천구이블 이용해서 북반구와 남반구에서 관촉할 때의 차이점올 설명하는 모습이 인상적임",546,2,0,5,3.663003663003663,0.0,9.157509157509159
202410346,3,2023,1,스포츠 생활,체육,운동 체력 중 근 지구력 및 심페 지구력이 뛰어나고 신체 활동올 통한 여가 생활올 실천함 . 배구 경기 참 여의 체력 효과블 구체적으로 알고 향수 스스로 참여할 여량이 엿보이고  자신의 신체 자세름 올바르게 평가하는 안목이 잇고 본인의 단젊올 해결하기 위해 끝없이 노력하는 학생으로 지금과 같이 꾸준함올 가지고 노력하다면 더 큰 성과가 기대되는 학 생임 스포츠 경기률 봉해 대인 관계 기술울 익히고 타인에 대한 배려블 실천하고 배구 경기 중 의사소봉과 포메이선 이동올 매우 유연하게 진행하여 종목에 대한 적응력과 자신감을 키움. 체력 관리틀 위해 스스로 운동 계획올 수립하고 자신의 부족한 근력 향상울 위해 계획올 세우고 선택한 운동에 대해 스스로 계획올 세위 운동올 실천함.,378,0,0,3,0.0,0.0,7.936507936507936
202410346,3,2023,2,스포츠 생활,체육,자신이 설정한 스포츠의 목표물 성취하기 위해 끊임없이 노력올 하여 도전 가치블 탄색하고 경기상황에 맛게 창의적으로 적용함 . 배드민터올 통해 신체 움직임의 즐거움올 느끼는 학생으로 종은 신체 균형성올 가지고 있어 서브름 할 때 이동올 안정감 엇게 할 수 있으며 하이블리어 시 상체물 회전하는 능력이 좋아 서물목올 더 빨리 보내는 능력이 있음,190,0,0,2,0.0,0.0,10.526315789473683
202410346,3,2023,1,중국어 I,국어,"밝고 예의 바른 태도로 수업 활동에 성실하게 참여하는 모습이 학생다움. 중국 지역 담구 활동에서 중국의 과거와 현재물 모두 담고 있는 '상해 ' 틀 주제로 상해의 지리적 위치와 특징 , 관광명소에 대해 담구하고 보고서물 작성 함. 위주오 삼국시대의 오나라에서부터   청나라 아편 전쟁의 난징조약에 의한 서양 열강의 조계지가 되있단 아프 역사 , 국공 내전 , 당사오굉의 경제 개력에 의한 경제발 전에 이르기까지 상해의 역사에 대한 이해가 잘 나타남. 특히 상해의 랜드마크인 동방명주름 비롯한 , 상하이타위 ,  진마오 타위 , 상하이 국제금움센터의 중국의 경제적 번영올 상징하는   4대 건물올 사진 자 료와 함께 소개하다 상해의 발전된 모습올 한눈에 보여중.",369,0,0,3,0.0,0.0,8.130081300813009
202410346,3,2023,2,중국어 I,국어,"상해 미디어 그룹의 TV송신탑인 동방명주에 대해 일게 본 후 심화 팀구 활동으로 상해 미디어 분아에 대 한 관심을 보이미 상해의 TV방송국 및 오버더톱 서비스에 대해 담새함 . 다양한 미디어 매체 가운데 특히 상하이 미디어 그룹 은 젊은 경영진올 바탕으로 13개 채널과 11개의 라디오 채널올 운영하고 있으벼 중국 최초로 바이스퉁이라는 IPTV물 개 설 , 전통 매체부터 누미디어까지 사업올 확장하고 있다고 소개함. <체육 . 예술> 학기 교과 과목 단위수 성취도 이수단위 합계 과목 세 부능력 및 특기사 항 해당 사랑 없음 '역사,  --- Page 20 --- 정부24 행동특성 및 종합의견 학년 행 동 특 성 및 종합 의 견 1학기 학급자 치회 부회장 선거에서 한 표 차로 당선이 좌절돼 많이 아쉬위함 . 하지만 학급 임원올 도와 자신이 햇년 공약을 학급 운영올 위해 하나하나 실행하고 지켜나가머 급우들에게 두터운 신회큼 얻음. 외향적인 성격과 매사에 긍정적이고 주어진 일에 뭐든 성실히 임하는 학생임 . 원격수입기간 매일 아침 급우들에게 힘이 되는 말을 찾아 올려 주면서 하루 활력과 학업 능률 향상에 도움올 춤 . 원격 아침 조회도 가장 먼저 출석하는 성실함올 보임 . 수업시간 호 트러짐 없는 자세와 교사의 발문에 적극적인 반응으로 모범올 보어 수업 분위기름 이룩 드러나진 않지만 들여 다보면 여러 방면에서 곳꾸이 제 역할올 다하고 있음. 호기심과 담구심이 많아 학교에 많은 활동에 참여하머 실력올 쌓아감 . 밝고 낙천적인 성격과 사고성이 뛰어나 학급 친구들과도 두루 잘 지내며 자신의 의견보다 친구들 의견에 맛 주는 배려름 보이고 선생님에계도 먼저 힘이 되는 말을 건날 줄 아는 학생임. 촬영 및 영상편집에 능해 방송반에서 동아리 발표회 영상을 제작 및 편집올 맡아 성공적으로 종출함 . 학업성적이 우수한 편으로 특히 2학기에 학업성취도 틀 크게 올리 2학년에는 더 근 발전이 기대감. 2학기 학급자치회 부회장으로 선거 과정에서 창의성이 논보이논 PPT률 준비해 연설함. '성공적인 학고생활' 올 슬로 건으로 급우들올 위한 공약올 재치앞게 구성하고 편집하여 . 학생들로부터 단 호응올 얻어 당선독. 당선되자마자 공 약으로 내세워던 학급 비품 설치 및 학습 환경 조성에 주도적으로 앞장싶으며, 제주도 체험학습에서도 화합의 분위 기록 주도하고 , 잘 어울리지 못하는 급우률 자연스럽게 챙기며 배려의 리더십울 보여 '학급 칭찬 인물' 로도 선정몸. 선생님과 학생들과의 관계에 있어서 항상 예의풀 갖추는 모습이 인상적임 '인문학 토론 활동 ' 에도 적극 참여하여 상대의 말울 경청하는 태도가 인상적이없으며 ,  자신의 의견올 논리적이고 유 창하게 제시하여 토론올 유리한 방향으로 이끌어가는 데 중심적인 역할울 함. '노래멘트림 (10시간) '에도 참여하여 사회 팀구 과목에 제시되는 개념올 맨티에게 설명하면서 더 정확하고 꼼꼼하게 학습하는 습관올 형성하게 뇌없다는 소감을 작성함. 미디어 관렌츠 분아에 대한 관심과 재능올 바탕으로 전문가로 싱장하기 위해 학업 뿐만 아니라 진로 및 교과 밤구 서 및 토론 활동에도 적극 참여함. 담구심과 열정올 갖추고 있어 해당 분아야에서 큰 성장올 이률 것으로 기대션. 여러 가지 분아에서 심도 있는 학습올 진행하다 창의움합형 인재로서의 모습올 보임. 항상 생각이 긍정적이고 사교 직이다 주변 사람들올 잘 웃게 함. 인사성이 밝고 예의블 잘 지키다 남이 싫어하는 일에 자원하여 실천하는 봉사 정 신과 책임감이 강함. 다정다감한 성격으로 급우들에 대한 관심과 이해심이 많아 나인의 어려움올 앞장서서 도와주 고, 고민하는 친구늘의 이야기블 성심껏 늘어주며 교과에 대한 질문에도 친절하게 응답하는 등 선행이 많아 모두가 잘 따라 칭찬인물로 선정팀 . 교과 학습 시간에 올바른 학습 태도틀 잘 유지하고 계획올 세위 자기 주도적 학습올 실 천하고자 노력함 . 시험 결과에 연연하기보다는 발전의 계기가 되는 자극으로 삼아 학업에 정진하는 태도물 지니고 있음. 학급에 해야 할 일이 있올 때마다 민고 맡길 수 있올 정도로 본인이 맡은 일은 최선올 다해서 해내려고 노력하 논 학생임. 교내 체스 활동에 참여하여 우수한 걸과루 내고 졸업 동영상 제작에 주도적으로 참여하는 등 학교 행사에 적극적으로 참여함.  학력 향상 의지블 가지고 2학기 기숙사 입사하여 공동생활올 통해 사회성올 기르고 아침과 방 과 후 시간에 기숙사 심화 학습실에서 학업에 집중하는 모습올 보임. 그개  --- Page 21 --- 정부24 인적 사랑 위 사람의 학교생활기록부 (대입전형용) 사본임올 증명합니다. 2025년 11월 13임 2",2259,3,3,12,1.3280212483399734,1.3280212483399734,5.3120849933598935
202410723,1,2021,1,과학밤구실험,기타,패러다임이 무엇인지 알아보고 . 역사적으로 힘과 물체의 운동에서 패러다임이 변해오는 과정올 통해 고전 역학이 발전해 윗다는 사실올 알게 되없으며 자유 낙하 운동의 분석올 통해 물체에 힘이 가해질 때 운동에 변화가 생기 눈 과정올 단계별로 설명해중.,138,1,0,3,7.246376811594203,0.0,21.73913043478261
202410723,1,2021,2,과학밤구실험,기타,"스포츠 속에 숨어 있는 과학원리 갖기 활동에서 스마트곧 입울 활용하여 데이터블 축정하는 과정에 관 심올 보/으며 , 입 내의 가속도와 작용하는 힘과의 관계에 대한 상관관계름 정량적으로 분석함 . 전자기 유도 현상올 알아보 기 위한 담구활동올 모든원과 함께 설계해보고 직접 유도 전류의 변화률 즉정하여 전자기 유도에 관한 결론올 이끌어님. 기술 . 가정: 3D 프린팅이 다양하게 사용되고 있어 직업의 변화에도 영향올 미치고 있으미 미래에는 제조업 뿐만 아니라 건 축, 토목  자동차  항공 우주 등의 다양하 분아에도 사용되기 때문에 직업 선택에도 영향울 줄 것이라는 의견올 발표함 발명과 창업 단원에서 특허의 정의와 유형  지식 재산권의 종류  창업 과정 등올 간결하면서도 짜임새 엇게 프리젠테이선올 제작하여 차분하게 발표름 잘하여 친구들에게 공감을 얻음. 자신도 미래에 기회가 된다면 삶에 유용하 제품올 만들어 편리한 생활올 할 수 있도록 기여하고자 함. 한문 I : 수업 참여도가 아주 높으  한자루 바르로고 정확히 잘쓰고 포트풀리오 정리도 꼼꼼하게 아주 잘함 . 스스로 문제 해결 해야 하는 부분도 정확한 내용으로 작성함 . 자신의 이름올 한자로 쓰고 풀이해 보는 과정올 통해서 이름의 정확한 의미블 알 고 소중히 여기게 되는 게기가 되없으미  자전이용법올 배운 후 한자의 부수름 구분해서 자전올 이용하는 방법울 잘 활용할 수 핑게 되엇고  문자가 없없단 원시시대에 그림으로 편지 씨보기 활동올 통해서 문자의 필요성올 절실히 느껴음올 피력함. 성어름 활용하여 미래의 나에기 편지 쓰기 활동에서 꿈을 이루기 위해 노력하는 자신에기 '자강불식 '과 '유지경성'의 의미블 되새거 살아갈 것올 당부함 <진로 선택 과목> 성취도 성취도별 학기 교과 과목 단위수 원점수 / 과목평균 비고 (수강자수) 분표비율 이수단위 합계 과목 세 부 능력 및 특기사 항 해당 사랑 없음  --- Page 12 --- 정부24 <체육 예술> 학기 교과 과목 단위수 성취도 비고 체육 체육 예술 미술 체육 체육 예술 미술 이수단위 합계 과목 세 부 능력 및 특기 사 항 체육: 플라입디스크틀 이용하여 목표물에 맞추는 표직 도전과제에서 백핸드 던지기 시 어깨 , 팔몹치 ,  손목올 순차적으로 가 속하여 효율적인 움직임올 보임. 자신이 부족한 포핸드 그립의 중요한 학습단서름 정확히 기억하여 연습하는 모습이 돈보임 배구기술올 활용하여 음악에 맛취 창작 표현하는 리듬발리블트레이님 연습에서 오버핸드 패스름 주제로 동작올 창작하이 모 눈원들에게 가르처 주는 노래교사의 역할울 담당함. 수업 시간에 줄님기 동작 중 자신이 미혼햇단 부분올 방과 후 개인적으로 연습하여 목표록 달성하는 영상을 제출하다 열정과 끈기름 보임 미술: 조형요소와 원리에 관한 체계적인 담색활동과 능동적인 표현활동올 통해 느낌과 생각올 창의적으로 표현함. 창작업서 만들기 시간에 창밖에 보이는 새벽 풍경 속에서 느껴지는 자연과 인간에 대한 자신의 감상울 다채롭고 풍부한 표현 기법으로 짜임새 핑게 완성하여 일러스트늘 제작하엿고 , 창의직인 발상이 탁월해 우수작으로 선정팀 신발 만들기 시간에 다양한 신발 디자인들올 감상한 후 기능성과 심미성올 분석해보고 감상 소감문올 구체적으로 작성함 . 3 차원 공간율 구성하는 조형 요소예 대한 이해가 높아 길이 너비 , 높이 등의 변화로 구조물올 어떻게 짜임새앗는 균형올 잡율 지 담색하여 아름답고 기능직인 신발올 디자인함 진행글로 문자 디자인하기 수업 시간에 자신의 이름올 디자인한 후 그 안에 개성 있는 무늬물 채위 장식해 보면서 단순한 모 양의 반복으로 재미있고 울동감 있는 모양올 창조함. 명화름 차용하여 의자 만들기 수업에서 부분적인 변화로 새로운 발상을 이끌어내며 원작의 권위에 도전해보는 과감함이 있으 며 공간올 상상해내는 조형적인 발상도 남다름. 미술관련 직업담구 시간에 웬디자이너에 대하여 알아보고 그 직업에 필요한 자질과 능력 등에 대하여 담색하여 보고서클 발 표함",1938,2,1,7,1.0319917440660473,0.5159958720330237,3.611971104231166
202410821,1,2020,1,영어,영어,"자신의 과학교사틀 불모델로 삼아 해당 인물에게 보내는 편지글올 작성함. 자신이 해당 인물올 좋아하는 이유 와 궁금한 점에 대해 질문하는 내용의 글을 작성하여 수업시간에 다문 the number of, 주거관계대명사 , 의문사절올 오류 없이 적소에 활용함 . 이루 발표하는 과정에서 알아듣기 쉬운 명확한 발음과 차분한 대도 , 유창성이 톤보임.",191,0,0,1,0.0,0.0,5.235602094240838
202410821,1,2020,2,영어,영어,해외 웬사이트 'Kurzgegagt -In A Nutshell' 에서 이기적 이타주의에 관한 영상을 시청하고 유인물에 제시 된 가이드에 따라 글올 착실히 작성함 . 예전엔 자신의 이익주구가 타인의 손해률 불러앞지만 현대사회는 다른 누군가루 도우 면 그것이 나중에 뜻하지 암게 자신의 이익이 된다는 원리블 영어로 온전히 표현함.,182,0,1,0,0.0,5.4945054945054945,0.0
202410821,1,2020,1,한국사,사회,개항 이후 개화루 둘리싸고 나타난 다양한 개릭론인 위정적사론  동도서기롭   변법 등에 대해 조사함. 당시 청과 일본의 사례름 바탕으로 조선이 어떤 개획 정책올 피야 할지에 대한 자신의 입장올 논리적으로 서술한 담구 보고서클 제 출함.,131,1,0,0,7.633587786259541,0.0,0.0
202410821,1,2020,2,한국사,사회,일제강점기 일제의 강제 동원에 한국인들이 어떻게 고통받앗논지 자기주도적으로 담구함 . 한국인 남녀노소 가 전쟁에 동원되는 유형은 이해하는 과정올 통해 전쟁에 동원당한 한국인의 고난을 공감하여 근 역사적 아픔을 느낌 . 일제에 의한 강제 동원의 불법성올 설명할 수 있는 능력올 함양시김.,159,0,0,2,0.0,0.0,12.578616352201259
202410821,1,2020,1,통합사회,사회,우리나라가 다문화 사회로 변화하면서 나타난 긍정적 즉면과 부정적 속면 중에서 하나름 택하여 주제름 정 하고 4것 만화로 표현함 . 유렵의 다양한 국가에 대해 학습한 내용올 바탕으로 프랑스의 나스 카니발에 대한 홍보물올 작성 함 . 법과 정의라는 제목의 다규먼터리블 보고 또스의 정의관을 폭넓게 이해함,167,0,0,1,0.0,0.0,5.9880239520958085
202410821,1,2020,2,농합사회,기타,"세계평화물 호소하는 메시지률 담은 포스터물 제작하여 평화가 중요한 이유물 이해하고 적극적 평화물 정 착시키기 위한 방안올 제시함 . 난민 영화틀 감상하고 감상문올 작성함 . 난민 수용 문제틀 국제 사회 일원으로서 맡아야 할 책 임의 문제로 접근함. 건조기후 중 사막의 다양한 형성 원인올 파악하고 실제 지도에 표시해 보는 활동올 함. 이름 통해 다양 한 사막이 형성 원인이 있음올 알고 세계 지도에서 사막의 분포들 알게 팀. 수업 시간에 소비 운리에 대해 배우면서 운리적 소비의 의미와 유형올 이해하게 되있으미 , 불매 운동 및 긍정적 구매 등올 직접 실천해야켓다고 다짐함.",321,1,0,0,3.115264797507788,0.0,0.0
202410821,1,2020,1,통합과학,과학,"두 종류의 핵산 (DNA, RNA) 각각의 특징 및 공통점 및 차이점에 대해 교과서 외적으로 조사하여 보고서 틀 작성함 . 수분이 있는 긋에도 붙을 수 있는 치료용 샌드에 이용하 신소재에 대해 조사하고 정리함 .",118,1,0,0,8.474576271186441,0.0,0.0
202410821,1,2020,2,통합과학,과학,"과학적 의사소통 능력이 뛰어날 뿐 아니라 , 모든원 들과 소T하면서 협업하는 태도가 모범적임. 코일과 자 석올 이용한 담구실험올 통해 전자기 유도 현상과 발전의 원리지 알아보고 전기 에너지 생산의 어려움에 대해 생각해보는 시 간율 가짐 . 발전 방식에 따라 적용된 과학적 원리와 장단점올 비교해 보는 시간율 가지고 지속가능한 발전올 위해 우리 주변 의 자원올 어떻게 활용해야 하느지에 대해 고민하다 자신의 생각올 과학적 근거블 들어 설명하는 시간올 가짐.  '발전과 전자 기 유노 현상' 에 대해 담구한 내용올 바탕으로 감확바의 품력발전의 과학적 원리와 지역 사회에 미친 영향을 조사함 . 적정기 술의 개남과 성공 및 실패 사례물 조사한 내용올 바탕으로 모든원과 적정기술의 평가 요소하 색하고 평가 항목울 함께 만드 논 활동에 참여함.",411,2,0,4,4.866180048661801,0.0,9.732360097323602
202410821,1,2020,1,과학밤구실험,기타,"삼투 개념올 이해하고, 세포막올 기준으로 농도 차에 의한 불의 유입량과 유출량올 비교한 뒤 , 이에 따 라 식물 세포의 모양이 바뀌는 과정올 관찰하이 관련 보고서름 작성함   특히 고장액에 양파 표피 세포름 담컷올 때 유입량에  --- Page 8 --- 정부24 과목 세 부 능력 및 특기사 항 비해 유출랑이 많아 원형질 분리 현상이 일어남울 잘 이해하고 , 이름 바탕으로 저장액에 적혈구름 담글 경우 용하 현상이 나 타날 것임올 유추할 수 있음.  맨텔레예프의 주기울표 형성과정올 이해하고 그 원리에 따라 주기울표루 직접 만들없음. 이률 토대로 왼소들간의 공통점과 차이점올 비교 분류하여 현재의 주기울표 형성원리틀 이해하고 적용합 . 화합물의 분자구조v 이 해하고 화학식올 보고 결합모형올 활용하여 다양한 분자구조름 그림으로 표현함.",412,1,0,1,2.4271844660194173,0.0,2.4271844660194173
202410821,1,2020,2,과학담구실험,기타,"지질 시대 4컷만화 그리기블 봉해 지질 시대별 환경과 생물의 변천 과정올 표현함. 통합과학 시간에 담색한 적정기술올 평가 요소틀 이용하여 발전 장치 아이디어름 직접 구상해 보는 시간을 가짐. 또한 , 모든원들과 아이디어름 서로 평가해 보미 개선점올 갖고  좋은 작품올 선정해 봄.",156,0,0,3,0.0,0.0,19.230769230769234
202410821,1,2020,1,기술 . 가정,기술·가정,아동학대 예방 퍽트그램 그리기름 통해 사회 문제와 신변 안전 문제에 대해 심도앞게 고찰하없음. 이 과 정예서 교육울 위해서 훈유율 한다고 하지만 체벌은 학대라는 것울 전달하고자 하없음. 식품안전 및 식중독 단원올 통해 식중 독의 종류와 발병원인과 증상에 대한 학습올 한 후 화학성 식중 독에 대해 조사해보게 팀,173,2,0,0,11.560693641618496,0.0,0.0
202410821,1,2020,2,기술 . 가정,기술·가정,가족생활설계률 통하여 실질적인 목표와 계획올 수립함. 임신과 출산 체험 학습올 통하여 사회적 이수인 낙태 합법화 찬반에 대한 토의블 힘 . 임신 발달 과정 체험과 임산부 체험 교구블 통하여 입덧   반뇨 등 다양한 고중에 대해 해하고 임산부에 대한 배러심올 갖고자 함. <진로 선택 과목> 성취도 성취도별 학기 교과 과목 단위수 원점수 / 과목평균 (수강자수) 분포비율 이수단위 합계 과복 세 부 능력 및 특기 사 항 해당 사랑 없음 <체육 . 예술> 학기 교과 과목 단위수 성취도 체육 체육 예술 음악 예술 미술 체육 체육 : 예술 음악 예술 미술 이수단위 합계 세 부 능력 및 특기사 항 해당 사랑 없음  --- Page 9 --- 정부24,360,1,0,1,2.7777777777777777,0.0,2.7777777777777777
202410821,2,2021,1,화학 I,과학,탄산 갈습과 염산의 화학반응에서의 양적 관계름 확인합 수 있는 실험올 계획하고 수행함 . 실험결과 반응하 반산 칼습과 발생한 이산화 반소의 물비률 조별로 발표하고 물질의 물비가 화학 반응식의 계수비와 일치하지 않은 경우 오차 의 원인이 무엇일지도 토의해 봄.,144,2,0,0,13.888888888888888,0.0,0.0
202410821,2,2021,2,화학 I,과학,"금속과 금속이온 수용액의 반응올 주제로 한 팀구실험 활동에 성실하게 수행하없고 반응결과루 과학적 사실 에 근기하여 논리적으로 설명함 . 실험의 주된 산화 환원 반응올 전자의 이동과 산화수의 변화로 설명하고   산화수물 이용하 여 산화 환원 반응식올 완성함. 생명과학 I : 생물의 특성 단원에서 바이러스의 일반적인 특성에 대해 배운 후 , 바이러스 감임에 대비한 백신에 대해 추가적 으로 알아보는 등 적극적인 학습 태도릎 지념. 연역적 밤구 과정에 대해 학습한 뒤 pH가 카달레이스 활성에 미치는 영항에 대한 실험 설계에 참여하다 , 모든 활동에서 협동심올 보임 일본어 I : 게임 분아에 대한 호기심에서 출발해 '일본의 게임 회사 년템도' 라는 제목으로 밤구하고 조사 정리하는 수행 활동 올 함. 화두 제작회사에서 유명 근슬게임 회사로 탄생하게 된 배경과 역사에 따라 변화해 온 상품 스도리블 상세하고 재미있 게 풀어넷으며 , 주로 모바일이나 컴퓨터 게임 위주인 한국 게임회사와의 차이점에 대한 자신의 시각울 명료하게 제시한 것이 매우 인상적이없음. 이미 존재하는 기술에 창의적인 아이디어블 결합시켜 새로운 가치플 창출한 년렌도의 출발이 인상적이엇 다는 소감을 밝힘으로씨 미래 산업에 대한 좀 더 발전된 시각을 갖주기 되는 계기가 되없음. 까다로운 장음 발음올 단어와 문 장 위기 수행평가에서 피맥트하게 발음해내는 결과물 보여주엎는데 , 교사의 지침대로 열심히 연습하고 노력한 흔적이 보여 칭찬올 해 준 적이 있음. 팀 대항으로 일본 문화 귀즈게임올 하없올 때에는 팀원 들과 열심히 의견올 공유하고 현조하는 모습 올 보여주없고 , 팀 대항전으로 일본의 전통놀이인 괜다마늘이름 하없올 때에도 최선올 다해 집중력올 발휘하는 모습올 보어 주없음. 매 학기 좋은 성적올 유지하는 노력과 수업 활동에 대한 꾸준한 집중력올 보아 미래에 대한 무한한 성장이 기대가 되 논 학생임 철학: (언어와 인간관계) 세계블 어떻게 그림이혼으로 설명할 수 있든지 비트건슈타인의 철학과 생애틀 영상울 통해 이해하면 서 , 언어의 중요성과 활용에 대해 생각하게 되엇고 자신의 이후 공부와 지식형성에 대해서노 관찰해 불러는 관심의 폭을 넓 힘. (인권과 존임성) 나치가 특세하면 독일국민이없다면 어떤 행동올 햇율지 문는 질문에 반대하지 못햇올 것이라 답하면서 인 권의 소중함올 인식합.",1151,5,1,11,4.344048653344918,0.8688097306689835,9.556907037358819
202410821,2,2021,1,논리학,교양,"'The giver'이라는 책울 임고 이 책의 주인공 , 배경 , 문체 등 본인의 흥미름 끄는 이유에 대해 생각해보고 글 로 적는 활동올 함으로씨 논리력올 키움. 이 책올 통해 전쟁이나 환경 등 미래 우리 사회가 어떻계 털 것인지 생각하게 팀.  --- Page 12 --- 정부24 과목 세 부 능력 및 특기사 항 책의 배경에서 바깥의 험한 날씨와는 다르게 안전하고 살기 종은 환경에서 살리고 돕올 만든 것을 보고 환경올 소중히 보전 해아켓다고 생각함. 담화풀 듣고 주제물 파악하고 세부 정보률 이해하기 , 그림에서 묘사하는 대상 찾기, 심경 추론  이어질 내용 찾기 등의 영어 듣기 활동올 통해 논리력과 사고력올 향상시김 .",351,1,0,1,2.849002849002849,0.0,2.849002849002849
202410821,2,2021,2,논리학,교양,"토론 활동에서 자신의 의건올 표현하는 방법 , 자신의 관점올 상대방에계 설명하는 방법   상대방에게 의견을 제안하고 상대의 질문에 대응하는 방법 등 토론 기술울 배움. 이틀 토대로 세미나와 찬반 토론 영상울 감상함. <진로 선택 과목> 성취도 성취노별 학기 교과 과목 단위수 원점수 / 과목평균 (수강자수) 분포비율 국어 고전 위기 83/75. 2 A(310) A(53.5) B(28. 1) C(18.4) 영어 심화 영어 I 83/59.2 A(310) A(28.4) B(20.0) C(51.6) 국어 고전 위기 80/63.0 A(305) A(24.9) B(36.4) C(38.7) 영어 심화 영어 [ 71/57.2 B(305) A(25.6) B(21.0) C(53. 이수단위 합계 과목 세 부 능력 및 특 기사 항 고전 위기: 고전 소설 '흉계월전' 올 위고 여성 인물올 주인공으로 하는 소설이 의미하는 바에 대해 생각해 감상문올 작성함. 허생전' (박지원) 올 위고 감상문올 작성함. 이완 대장이 허생울 다시 찾아켓올 때 이미 허생의 행방은 알 수 없게 되없다는 작 품의 걸말에 대해 , 이전까지의 비범한 행적에 비해 지나치게 무력해 일관성이 다소 떨어진다고 생각하없음. '규원가' (허난설 헌) 올 배우고 감상문올 작성함 . 허난살현과 같은 훌륭한 인재가 규중에 갇혀 실력올 제대로 발휘하지 못한 점울 아쉬위하면 서 , 지금도 그런 일이 일어나고 있진 않은지 생각해 보앗음.",715,0,1,0,0.0,1.3986013986013985,0.0
202410821,2,2021,1,심화 영어 I,기타,"바른 학습 태도가 톤보이는 학생으로 언제나 수업에 집중하고 , 깊이 팀구하는 자세률 갖춤 . 일상적인 수준에서 전문적인 수준에 이르는 다양한 주제와 관련된 글을 읽고   전체적 내용 및 세부적 정보의 연계성올 이해하는 능력이 매우 우수함. 중국의 디지털 위안화 발행에 대한 영문 기사률 위고, 'Digital money, way earn data and profit( 데이터와 이익올 창출하는 디지털 화페) '라는 주제로 , 디지털 화페의 긍정직인 효과와 가상화페라는 새로운 시장에 대한 주 관적인 입장을 영어로 작성함.",291,1,1,2,3.4364261168384878,3.4364261168384878,6.8728522336769755
202410821,2,2021,2,심화 영어 I,기타,"한 하년동안 일관적으로 높은 학습 의지루 가지고 수업에 집중하는 모습울 보여준 학생으로 , 자신이 원 하는 분야에서 성공할 수 있는 단단한 기반을 갖고 있는 학생임 . 꼼꼼하게 학습 내용올 되직는 자신만의 효율적인 전락올 활 용하다 자기주도학습올 실천함. 스마트 농업에 대한 관심올 바탕으로 , 농업 분아에서 활용되없년 전통적인 기술울 넘어 학신 적인 농업 기술이 접목본 스마드럽과 관련된 영문 기사을 위고, 구체적인 데이터블 인용하여 해당 기사을 요약한 글을 영작 함 . 적절한 어휘와 문법적 오류가 없는 표현올 구사하이 의미블 효율적으로 전달하는 매끄러운 글을 영작하는 능력이 우수 <체육 . 예술> 교과 과목 단위수 성취도 체육 체유  --- Page 13 --- 정부24 교과 과목 단위수 성취도 예술 음악 예술 미술 체육 체육 예술 음악 예술 미술 이수단위 합계 과목 세 부능력 및 특기사 항",448,0,0,3,0.0,0.0,6.696428571428571
202410821,2,2021,1,체육,체육,"항상 성실하고 열정적인 자세로 수업에 임하고 , 수행평가 종목올 더 잘하기 위해 꾸준히 노력하는 모습이 보기 좋음",63,0,0,2,0.0,0.0,31.746031746031743
202410821,2,2021,2,체육,체육,"아쉽계 1짐차이로 A점수름 받지 못햇지만 항상 밝은 모습으로 수업에 성실히 임하고 적극적으로 참여하는 학 생임. 어려운 종목인 배구률 수행하면서 재미루 느끼떠 노력하려고 하는 모습이 돈보이고,  친구들과 수업 시간에 힘동하고 협력하는 모습올 보임. 음악: 알도리코더의 주법올 정확히 알고 있으  핸델의 '울게하소서 -Lagcia ch'io pianga' 곡의 정확한 박자와 감성울 바탕으로 연주할 수 있음. 유지길 'Notre Dame de Paris' 와 'Leg Miserables' 올 감상하다 묶지걸의 구성 요소틀 배우고, 오페라와 유지걸의 공통점과 차이점올 비교하는 시간을 통해 유지걸의 이해도름 높임. 칼림바 악기의 연주 방법울 터득하고 베르디의 오페라 '리골레도' 중 '여자의 마음 La donna mobile' 올 정확한 주법과 박자늘 지키미 연주함. 특히 어풀올 이용하여 연습하는 과정올 통해 곡의 완성도름 높임",463,1,0,4,2.1598272138228944,0.0,8.639308855291578
202410821,2,2021,1,미술,예술,"제품디자인 수업에서 다양한 제품의 특징올 이해하고 응용하는 능력이 탁월함 . 식물 스튜키름 모티브로 한 공 기청정기와 가슴기름 적재적소에 필요한 디자인의 요소와 기능을 담아 창의성이 뛰어난 제품으로 디자인함. 도자공예 수업에서 백자도로 편칭 기법 , 고일딩 기법, 속파기 기법 등올 활용하여 기능성과 실용성올 지녀 실생활에서 사용 할 수 있는 작은 화분올 창의적으로 제작함, 이모티롬 디자인 수업에서 마인드맵올 농해 자신올 대신활 토끼풀 모티브로 평소 표현하고 싶은 감정올 심고 재미핑게 이모 티근으로 제작합.",285,0,0,0,0.0,0.0,0.0
202410821,2,2021,2,미술,예술,"가면 만들기 수업에서 주제인 '내면의 가면' 올 마인드맵과 MBTI틀 활용하여 자신의 특징과 내면올 담색하고, 다양한 재료와 표현 방법울 활용하여 개성적이고 독창적인 작품올 제작함 . 자신의 특징올 가면으로 재구성하면서 미술의 다 양한 기능과 의미블 이해하고 설명함 . 시각디자인 수업에서 디자인의 요소와 가치에 대해 이해하고 다양한 기업의 이미지루 활용하 심벌마크와 로고 디자인의 사례 틀 조사하고 스레치한 뒤 가상의 회사블 만들고 그 회사의 특징과 상징하는 이미지틀 바탕으로 창의적인 심벌마크와 로고름 제작함 .",288,1,0,0,3.472222222222222,0.0,0.0
202410821,3,2022,1,지구과학 I,과학,암석올 있는 그대로 관찰하고 배운 내용과 인터넷 검색 등올 활용하여 암석올 특징별로 잘 분류함.  편광 현미경올 통해 빛에 따라 광물의 색이 바뀌는 것에 흥미름 느끼고  특히 혹운모가 검은색이 아난 여러 가지 색이 보여 신기해 함.,129,1,1,1,7.751937984496124,7.751937984496124,7.751937984496124
202410821,3,2022,2,지구과학 I,과학,"경도풍과 지상풍에 작용하는 힘의 평형올 이해하고 , 이틀 응용하여 바람이 부는 지역이 북반구인지 남 반구인지 판단함. 방사성 농위 왼소의 함랑과 지각 열류량과의 관계 이해하여 지구 내부 구조률 파악하여 문제물 품  망가 나즈 단괴의 형성 과정 및 특징 , 수험형 경계에서 변성 작용이 어떻게 일어나는지 정리하여 설명함 과학과제 연구: 평소 기후 변화나 그 해결책에 대한 관심울 가지고 있년 학생으로서 '지구는 괜찮아   우리가 문제지' 틀 임으 며, 기후 변화는 경제와 직결된 부분이 많아 약자들에게 먼저 피해틀 주어 불평등올 유발하다 , 개인의 노력변 아니라 정부나 공공기관   지구상 여러 나라가 함께 해결해야 할 문제임올 무럿하게 인지함. 또한 흔히 기후변화률 늦추기 위한 방안이라 제 시되고 있는 에고백의 생산 및 사용이나 플라스틱 포장재틀 종이 포장재로 교체하는 활동들이 오히려 기후 변화틀 가속화시 길 수 있다는 점에 대한 새로운 관접올 정립하엿음 . 맥스월의 노깨비 사고실함에 대하여 학습하고 '자연은 항상 엔트로피가 증가하는 방향으로 변한다 '눈 열역학 제 2 냄칙에 대하여 알게 팀. 이상기체 상대 방정식울 실제 기체의 분자 간 상호 작용 및 분자 자체의 크기름 고려하여 보정한 '반데르발스 상태 방징식' 에 대하여 알아보고 실제 기체의 열역학적 상관관계에 관하 여 이해하게 팀. 인순린의 분비 및 작용 기작에 대한 배팅의 연구 과정올 따라가여 과학적 남구 과정울 익히고. 항생제의 작 용 원리 및 세균의 내성 확득 방식울 잘 이해함.  --- Page 17 --- 정부24 과목 세 부 능력 및 특기사 항 고전문학 감상: 문학 작품 감상문 쓰기 수업에서 이민진의 <파친코>틀 위고 감상문올 작성함 . 이 작품올 위고 그동안 생각해 보지 못햇단   재일교포의 경제적 어려움분만 아니라 심한 차별과 억양 , 왕따 등의 고통올 알 수 있없다고 함. 파친고라는 제 목은 마치 도박처럼 운명올 알 수 없는 재일교포의 삶을 상징적으로 잘 드러내없다고 파악함.",988,2,0,4,2.0242914979757085,0.0,4.048582995951417
202410821,3,2022,1,일본어 I,제2외국어,"일분어 수업의 모든 활동올 적극적으로 즐겁게 참여함. 일본어 영역 전반에 있어서 우수한 실력올 갖추고 있으머  태도 또한 성실하여 꾸준히 실력올 향상시켜 나감. 일본어와 일본문화에 대한 정보 검색 , 독서 활동올 통하여 어위 및 지식울 습득하는 것울 즐김. 수업 내용올 성실히 따라가메 스스로 습득한 지식울 학교에서 배운 것과 운동성잎게 조합할 수 있어   물건의 상세 ,  취향  위치 안내등 비교적 많은 정보가 들어있는 주제 대화에서 교사의 이야기블 듣고 문매올 이해하 고 상황에 맛는 대답을 할 수 있음. 여름올 주제로 한 일본 하이구 창작활동에서는 여름 사탕을 게어로 하여 시름 지으면서, 아메 (사탕) 의 메륙 구절의 라임으로 맞추어 현대 음악의 기술울 일본 전통 문학에 접목시켜 창작활동올 하는 모습이 돌보임",402,0,0,2,0.0,0.0,4.975124378109452
202410821,3,2022,2,일본어 I,제2외국어,일본 사회와 문화에 관한 자유 주제 담구 과제에서는 일본의 게임산업에 대해 소개하고 평소 관심 있는 메 타버스와 게임산업올 접목시권 권멘즈의 연구 개발 가능성에 대한 자신의 의견올 발표함. 수업중 과제물 단순 조사에 그치지 암고 자신의 관심 분야와 관련지어 지식올 습득하고 확장해 나감. <체육 . 예술> 학기 교과 과복 단위수 성취도 체육 운동과 건강 체육 운동과 긴강 이수단위 합계 세 부 능력 및 특기 사 항,231,2,0,1,8.658008658008658,0.0,4.329004329004329
202410821,3,2022,1,운동과 건강,체육,"제자리멀리뛰기에서 교사의 지도에 따라 열심히 연습에 참여하없으며 , 더 잘하고 싶어 하는 모습에서 학생의 향상심이 느껴짐 , 주어진 과제에 묵국히 수행에 임하이 전체적인 수업 분위기름 긍정적으로 조성하없으머 ,  수행평가 종목 기록울 향상시키기 위하여 꾸준히 노력하다 성실하고 열정적인 자세로 수업에 임함. '2학기) 운동과 건강: 응급상황 대처방안인 심페소생숙에 대하여 구체적인 단계틀 잘 알고  가슴입박을 완벽히 수행함. 행동특성 및 종합의견 학난 행 동 특 성 및 종합 의 건 정보통신 분야들 희망하는 학생으로 대부분 영어로 되어있는 정보통신 프로그램올 이해하기 위해 영어 신문 입사이 트의 기사물 매일 하나씩 읽는 노력올 하고 있음. 학업에 대한 복표 의식과 노력이 근 학생임. 사교유에 의존하지 암고 학교 수업과 온라인 콤래스에 집중함 . 학교 수 업에 충실히 임하는 자세름 지h으다 자신에게 주어진 과제는 스스로 해결하기 위해 노력하는 모습올 보임. 시간 관 리풀 효율적으로 하기 위해 풀래너물 꾸준히 쓰는 노력올 함. 자신의 학습량울 늘리논데 근 효과루 봄. '사회에 기여하고 남울 배려할 줄 아는 사람이 되자' 눈 인생관올 가진 학생임 . 어려운 사람에게 작은 도움이라도 주 기 위해 노력하고 있음. 무엇이든지 자신이 만족할 때까지 하기 때문에 완성하는데 시간이 오래 걸리기도 하지만 완 벽울 추구하다 끝까지 노력하는 모습올 지념. 차분하고 조용한 성격으로 학급 내에서 묵국히 자신이 맡은 일흘 해나가는 학생임. 누군가에게 보여주기 위해서가  --- Page 18 --- 정부24 학년 행 동 특 성 및 종합 의 견 아니라 ,  학급에 대한 주인의식올 바탕으로 핑소 다른 친구들이 신경 쓰지 앞는 일들올 처리함 . 학급 게시판의 개시물 올 시기별로 정리하거나   청소도구함 속 청소용품 등올 정리하거나, 교실 내 방여용품올 정리하는 등 교실 내의 곳은 일들올 자신의 공을 내세우지 암고 조용히 해념. 온라인 수업 중 가정 내 인터넷 연결 상태가 쫓지 않아 수업에 늦게 참여하이 미인정 결과 처리름 밭있음. 하지만 미 인징 결과 처리틀 받은 것에 대해 변명하거나 억울해하는 다른 학생들의 태도와는 달리, 수업 전에 수업 환경올 미리 확인하지 않은 자신의 책임이라고 말하는 모습에서 학생의 훌륭한 인성올 엿볼 수 있있음. 환경학 분아에 대한 확실한 꿈을 지니고 있으머  평소 환경과 관련한 다규만터리나 시적 등올 통해 환경 공학 전문인 이 되기 위한 함양울 쌓아가고 있음. 정확한  목표 의식 , 하나의 주제에 깊이 있는 담구름 즐기는 학생의 성향  두철 한 책임감과 바른 인성 등올 두루 고러해볼 때 훌륭한 환경 공학 전문가로 성장할 것으로 기대함. 조용하고 차분한 성격으로 앞장서서 남울 이끌거나 일올 주도하는 데는 소극적이나, 학급의 구성원으로서 자신에게 주어진 일은 반듬없이 해내는 성실한 자세물 갖추고 있으L  학업에 있어서도 자신감올 가지고 부담감올 떨쳐내고자 스스로 노력하는 모습올 보이고 있어 앞으로 더욱 발전할 잠재력올 지니고 있다고 여겨짐.  --- Page 19 --- 정부24 x장 드 위 사람의 학교생활기록부 (대입전형용) 사본임올 증명합니다.",1555,0,2,8,0.0,1.2861736334405145,5.144694533762058
202410843,1,2021,1,영어,영어,"수업시간에 '무엇이 당신울 치료하는가' 라는 주제로 영어로 대화루 나누고 발표률 하없음.  게임울 하면서 스트 레스틀 품다고 발표하없고 차분한 톤으로 말학 . 또한 주어진 영단어름 보고 영어로 설명하는 스피드 귀즈에 참여하여 주어진 내용올 잘 설명함. 특히 자연스러운 발음이 돕보임. 수업시간에 인터넷 실명제에 대한 에세이률 작성함 . 실명제에 찬성하다 눈 의견올 박혀고, 그 이유로 인터넷 상에서 사람들의 행동올 신중하게 만들 수 잇고 불법행위블 하는 사람올 쉽게 찾올 수 있다는 점은 언급함,",277,0,1,1,0.0,3.6101083032490977,3.6101083032490977
202410843,1,2021,2,영어,영어,수업시간에 '어떻게 장애물올 극복햇는가 ' 풀 주제로 에세이풀 솜. 어린 시절 감정올 잘 표현하지 못해 겪엿년 어려움과 그것올 극복하기 위한 과정올 진슬하게 묘사함.,92,0,0,2,0.0,0.0,21.73913043478261
202410843,1,2021,1,한국사,사회,"근대 국민 국가 수립올 위한 노력 단원올 학습하면서  독립협회의 계용운통 전개 과정과 대한제국의 구본신 참에 관심을 갖고 그 내용올 신문형태로 제작해 발표 환동올 전개함 . 여기서 ,  만민공동회와 같은 자유 민권 운동올 통해 독립 협회가 의회 설립 운동올 꾸준히 추진하엿다고 주장함. 또한 , 광무개하이 결과적으로 일본의 간섭으로 실패하없으나 양전 사 업과 지계 등의 발급올 통해 근대적 도지 소유권 제도름 확립하여 당시 외래 자본의 토지 잠식올 국가가 막고자 햇볕 급진적 개획이없다고 강조한 점은 매우 설득력이 있있음",291,0,0,3,0.0,0.0,10.309278350515465
202410843,1,2021,2,한국사,사회,"한국 근 현대사에 등장하는 인물, 사건에 대한 역사인식올 주제로 토의하던 중 갑신정변의 역사적 의의라는 주제로 발표함. 최초의 자주적 근대화 운동이 실패로 끝난 것이 아쉽다고 말하고   최고의 권력올 가지고 있년 사람들이 인민 평등권올 보장하기 위해 스스로 특권올 내려농는 개릭안올 마련햇다는 것에 코 의의가 있다고 주장함.",181,0,0,0,0.0,0.0,0.0
202410843,1,2021,1,통합시회,기타,최근 6개월 이내 행복올 느낌 순간으로 학교에서 친구들과 함께 운동하 경험올 꼼고   행복한 삶올 실현하 기 위한 조거 중 질 높은 정수환경과 관련이 깊다고 분석함 . 행복지수에 영향울 미치는 요인과 관련하여 많은 중고생이 우울 감을 경험하고 있다는 기사름 조사함 . 우리나라의 교육 제도와 사회적인 환경이 이러한 현상에 영향올 미치고 있다고 봄 . 학 교 구성원의 행복지수률 높이기 위해 기숙사 쓰레기동올 비우는 방안올 마련하여 직접 실천함 . 사소하지만 자주 해야 할 일올 먼저 실천하면서 스스로 행복올 느껴다는 소감을 밝힘 . 국내외 인권침해 프로직트에서 인도  아탑 여성들이 성차별로 살해 틀 당하는 인권집해 사례름 조사함. 인권 척해가 일어나는 원인올 각 국가의 종교와 같은 사상적 속면에서 찾아 제시햇으미 해결할 수 있는 방안까지 제시해 깊이있는 남구글 보여중. 조별활동에서 자료조사와 발표루 맡앞음.,454,3,0,0,6.607929515418502,0.0,0.0
202410843,1,2021,2,통합사회,사회,"4차 산업 학명 시대에 인터넷 사용이 느는 상황에서 대중매체 직응에 어려움올 겨는 사람을 대상으로 사용 법 등 관련 정보률 전달하는 영상 언렌즈률 기획함. 이와 관련하여 노인복지관에서 어른신올 대상으로 문자 전송 ,  인터넷 검 색 활용   동영상 제작 , 홍보물 제작 방법올 교육하는 기사을 조사함. 2025년 11원 12일 7/18  --- Page 8 --- 정부24 과목 세 부 능력 및 특기사 항 통합과학: 역학 관련 물리량의 개념올 이해하고 등가속도 운동의 공식과 단위름 바르게 사용할 수 있음  지권의 변화름 판구 조론으로 해석하고 판의 경계에서 일어나는 지각변동에 대해 설명할 수 있음. 독립된 유리늄 생태계 설계하기 활동에서 생물 적 요인인 생산자 ,  소비자   분해자의 각 생물들올 적절히 구성하여 서로 먹고 먹히는 관계에 대해 바르게 설명합 . 에너지 흐 틈과 관련된 비생물적 요인에 대해 바르게 설명 할 수 있음. 생태계 먹이그물에 대한 이해도가 우수하다 질문에 대한 핵심적 인 해답울 간결하게 작성할 수 있음.  적정 기술의 정의와 간단한 사례블 조사하고 , 적정 기술의 발전과정과 사회의 관심, 정 책과의 연관성에 대해 발표 수업올 진행함 . 국내 적징 기술 기관과 개발도상국을 위한 적징 기술 물품에 대해 설명하고 사회 의 발전올 눕지만 여러 한계점이 존재함울 발표함. 과학담구실험: 신소재 관련 발표 수업올 준비하다 물체름 구성하는 물질 중 현재 전망이 밝다고 평가되는 신소재 관련 분야 풀 조사하다 교과 외의 다양한 종류의 신소재름 조사함. 사회에서 일어나는 사고 등에 이와 같은 신소재률 활용하여 도움올 줄 수 있는 사례름 스스로 조사하여 신소재의 특성올 비교하고 자료틀 정리함 . 그 결과 아라미드 섬유   아로마틱 플리 아마이 드 둥이 우리 생활에 어떤 장점으로 사용월 수 있는지루 확인함 . 열에 강하고 가볍지만 강도가 좋은 특징올 가진 풀리 아라미 드 섬유름 여러 상황에 활용할 수 있음올 과학적 사고틀 통해 도출해냄. 친환경 에너지 도시 설계하기 관련 수업올 통해 도시 공학에 대해 알기 되고 도시 공간에서 발생하는 문제해결과 지속 가능한 도시환경 조성은 위한 도시 계획 , 관리 , 개발 , 정책 기술에 대해연구하는 분야가 있다는 사실울 알고 관련 내용올 추가적으로 자세히 학습하고자 하는 자기 주도적 학습 태도록 보임 기술 . 가정: 가정생활 문화와 안전이라는 단원에서 주거문화 중 대한민국의 전통 주기 문화인 한혹에 대해서 학습함 . 특히 태 양의 움직임과 고도름 이용하 처마 ,  공기와 대륙릎 이용하 대청마루 등 , 과학적인 한욕의 원리큼 알게 팀 . 또한 한욕의 우수 성울 학습하다 , 우리나라의 전동 주거문화인 한으에 대한 자긍심울 가지는 계기가 팀. 진로와 직업: 진로 수업에 흥미와 열의름 보이는 학생으로 직업 선택은 자신이 추구하는 방향과 일치해야 한다는 가치관이 뚜딪하고  이날 위해 폭넓은 진로 담색올 해나갈 계획올 세율 줄 앞. 강점과 약점올 통한 자기 이해 수업올 봉해 크로스 8wO T 분석 기법을 환용하여 가장 강화하고 싶은 강점올 강화해나갈 기회요인올 다양한 맥각에서 찾아내어 꿈을 찾기 위한 현실 적인 실천 전락울 도출함 . 직업 세계의 변화와 진로 연계성 찾기 수업에서 가상의 현실 세계가 발전해서 생명까지 구현해볕 수 있율지 기시적 관점으로 생각해보고 , IT 산업 분야의 기술에 대한 담구 동기가 생김. 지속가능한 삶을 향한 4주간의 진로 팀 색 팀 프로적트 수업올 통해 교과 시간에 배원년 지식으로서의 4차산업력명 기술이 실제로 학교 교육과정에 어떻게 적용되고 있는지 팀울 구성하여 담구함 . 미래 교육올 준비하고자 하는 담구 복적올 정확히 이해하여 이에 배경이 되는 교육이혼과 4차 산업학명의 기술음 적용한 해외사레름 자신의 말로 소신 D게 발표하여 인상적이없음 <진로 선택 과목> 성취도 성취도별 학기 교과 과목 단위수 원점수 / 과목평균 (수강사수) 분포비율 이수단위 합계 과목 세 부 능력 및 특기 사 항 해당 사랑 없음 <체육 . 예술> 2025년 11원 12일  --- Page 9 --- 정부24 교과 과목 단위수 성취도 체육 체육 예술 음악 체육 체육 예술 미술 이수단위 합계 과목 세 부 능력 및 특기사 항 체육: 유도 중심이동 및 기본 원리블 파악하고 있으머 유도 모든 기술올 빠르고 정확하게 구사함 . 특히 업어치기 및 허리꺼지 기 기술로 상대 힘을 이용하여 부드럽고 빠르게 던지는 능력이 있음. 부드러움이 강함은 제안한다 라는 유도 기본정신 유능 제강울 이해하고 있으며 상대틀 메칠 때 자신의 힘율 권트훌하여 상대률 안전하게 메치는 모습에서 자신의 힘울 과시하는 것 이 아니라 상대름 배리하고 검손한 모습올 보임. 본인 수행평가가 끝나음에도 주위 교우들의 수행평가루 도와주머 상대 파트 너 역할울 해주는 등 이타적인 모습올 보임 음악: 반별 합창활동에서 소프라노 파트름 맡아 정확한 음정 및 리듬 , 화음감을 표현함. 합창곡의 특징울 풍부하게 잘 살러서 노래하없으다 , 줄겁고 편안하게 부르기 위해 노력함. 미술: 동물의 털 질감과 나무 껍질의 질감올 다양한 아크린의 기법으로 표현 할 줄 앞. 교사의 피드백올 적극적으로 수용해 자신의 작품에 반영활 수 있음. 갈필법  그라데이선기법  불렌딩 기법 , 동물의 털 표현 등 모든 것울 알고 자신의 작품에 그려 보앗음. 반센트 반고흐의 해바라기 작품음 보미 필드만의 4단계에 맛취 미술 감상문올 작성함 . 작품음 관찰하다 객관적으로 서술하고 종합적으로 가치률 판단할 수 있음: 지점토의 재료로 우산올 거꾸로 한 상태의 모습으로 계획하고 아크길 물감으로 채색하다 만큼 . 우산이 직선이 아니고 곡선의 형태이기 때문에 어려움올 겪없지만 지지대틀 만들고 지점도틀 말리면서 만드 논 과정올 계속해 끝내 완성함. 명화 패러디의 개념올 이해하고 색연필과 파스템의 다양한 재료들올 사용하면서 자신만의 명 화 패러니블 제작함.",2890,6,3,7,2.0761245674740487,1.0380622837370244,2.422145328719723
202410891,1,2021,1,국어,국어,시의 특징과 표현 요소홀 공부하고 창작시 쓰기 활동올 하면서 고등학교 입학 후 힘겨운 학교생활에 자신도 모 르게 학교에 가고 싶지 않다고 생각햇다 모습올 떠올리고 학교에서 행복한 기억올 다시 만들고 싶다는 소망을 담아 '학교'라 논 시름 씨서 발표함 '에너지 절약과 지구의 환경 위기' 의 관계플 정리한 글울 위고 화석 연료물 활용하 에너지루 과용함으로씨 기후 변화 같은 심 각한 문제가 발생하고 있음올 재확인함 . 에너지 절약올 통해 환경 파괴롭 줄이는 것이 미래 세대륙 포함한 지구의 모든 생명 체가 생존올 유지할 수 있는 기본 과제임올 주장하는 글을 씨서 제출함,317,0,0,1,0.0,0.0,3.1545741324921135
202410891,1,2021,2,국어,국어,"'한 학기 한 권 위기' 프로그램에서 '보이지 앞는 것 (바비 오스템) '올 선택하여 내용올 요약하고 자신의 생각올 정리하여 기록지름 작성화 . 자신이 관심있는 영역인 영상 편집과 관련된 책올 통해 새롭계 알기 된 기법들과 편집자의 자세와 역할 , 디테일 , 감독과의 상호작용 등울 인상적인 문장력올 발휘하여 서술함 . 이률 토대로 발표하는 활동에서 PPT와 비언어 반언어 표현 등 다양한 표현 전락올 활용하여 높은 호응올 이끌어님 . 탁월한 의사소통 및 자료 . 정보 활용 여량울 보이미 , 자발적 독서클 생활화하고 성찰하는 자세률 보여중 수학: 생활 속의 수학에 관한 도서인 '내가 정말 알아야 한 수학은 초등학교에서 모두 배표다 (최수일) '틀 위고 내용과 느낌 점 울 친구들에게 발표함. 수학의 의미와 일상 속 수학의 중요성에 대해 깨달으며 학생들이 수학에 관심울 가질 수 있도록 지도 하는 방법에 대해 고민해보는 시간이 팀. 두무마리 휴지에서 낡음이라는 수학적 개념을 이끌어내고 관련 내용올 조사하여 수업 시간에 발표함, 두무마리 휴지가 시간 이 지날수록 빨리 담는 것울 원의 반지름에 따른 부피의 비로 설명하고 더 나아가 수학올 기반으로 합리적인 의사결정올 내리 논 방법올 설명함. 원의 정의로부터 원의 방정식올 이끌어내는 과정과 그림올 통해 문제물 해결하는 과정에서 수학올 바라보는 시각울 넓히고 흥미블 얻음. 수업에 직극적으로 참여하여 학생들의 이해 수준올 확인하는 데 기준이 되미 수학부장올 자원하여 수업의 진행 올 돕고 친구들이 개념을 이해할 수 있도록 설명함. 교사의 입장이 되어 수학은 쉽게 가르치는 방법올 고민하는 습관을 통해 교과 내용에 대한 심중적인 이해 수준올 보임 친구들과 함께 수학 문제 풀이 방법올 공유하는 멘도랑 활동에 꾸준히 참여하고 일 년 동안 공책 15 권 이상의 수학 문제름 푸 논 등 성실하게 노력함.",921,2,1,6,2.1715526601520088,1.0857763300760044,6.514657980456026
202410891,1,2021,1,영어,영어,"1, 2과 학습 후 주요 단어름 정리하고 구문을 분석하다 공부함. 교과서 지문에 대해 자신만의 문제름 만들고 내 용울 도식화하여 표현하다 이해률 심화함 .'마음 편히 먹고 인생울 줄기자 ' 풀 삶이 모토로 삼고 이유와 의미에 대해 간락하게 설명함 . 삶에 대한 긍정적 태도름 엿볼 수 있없음. 교과서름 학습한 후 각 단원의 어희와 그 의미블 단어장에 기록하여 암기 하고 본문의 구문을 분식하여 어법올 설명하고 내용에 대한 질문올 만들어 스스로 대답하는 등 자기주도학습올 통해 실력향 상에 힘씀",275,1,0,1,3.6363636363636362,0.0,3.6363636363636362
202410891,1,2021,2,영어,영어,한국의 유명장소름 소개하는 글쓰기 활동에서 민속촌음 방문하는 방법과 한복올 대이해서 즐기는 방법 등올 소 개하고 김치 전골 또는 김치 만두 능의 전통 음식울 즐기논 방법울 영어로 자세히 기록하여 우리나라률 방문한 사람들이 잘 안내받올 수 있도록 하없으며 반 앞에서 작성한 내용올 발표함. 이 과정에서 멋진 글씨체와 그림올 사용하여 눈에 띄는 안내 문을 만든 것이 인상적임.  영어원서위기 활동에서 'Frankengtein'(Mary Shelley)올 잎고 책의 줄거리와 느낌점올 영어로 작성함. 이 소설올 읽울수록 비참함올 느껴으며 인간의 잘못으로 꼼짝한 살인자블 만들어번 상황에서 무엇이 자은지 생각하  --- Page 8 --- 과목 세 부 능력 및 특 기사 항 논 계기가 되없다고 서술함.,388,1,0,1,2.577319587628866,0.0,2.577319587628866
202410891,1,2021,1,한국사,사회,"여러 나라 사료 지도 만들기 활동에서 삼국지 위서 동이전의 사로틀 분석하여 여러 나라의 특징올 지리   정 치 , 경제 등으로 분류하여 담구함. 사로름 위고 해당 국가의 특징올 추론하는 역사 자료 분석 능력이 뛰어남. 사회와 봉당정치에 대해 학습하여 글을 솜. 학습 주제에 대해 호기심울 가지고 교과서에 제시되어 있지 않은 내용에 대해 질 문하기름 꺼리지 않으머 이틀 통해 배운 내용올 바탕으로 글을 서술함 . 네 차례름 사화름 실감나게 묘사하없으며 이틀 통해 사림의 정치적 목적올 도출해내는 보습에서 학생의 역사적 사고력올 확인함 . 각 당파가 대립에 대해 취한 관용적 태도물 바탕 으로 조신 전기 건전한 불당정치의 운영 원리에 대해 파악하없으머 불당정치가 변질되어가다 당평이 등장하엿음올 추론함.",391,1,0,2,2.557544757033248,0.0,5.115089514066496
202410891,1,2021,2,한국사,사회,"모퉁별 인물 담구 활동에서 이승만의 하야 소식에 기뻐 벽보름 붙이는 시민들올 담구 대상으로 설정하여 토 의함 . 인물이 처한 상황과 상황 속 인물의 행동올 봉해 4. 19 부정선거에 대해 이해함 . 사료흘 봉한 인물 팀구 과정에서 인물 이 사건 현장에 간 이유, 나누없올 대화 등 유의미한 토의블 나둑 . 이틀 통해 4.19 학명이 가지는 민주주의 발전 과정상의 역 사적 의의풀 자신의 언어로 표현할 수 앞게 팀.",231,2,0,2,8.658008658008658,0.0,8.658008658008658
202410891,1,2021,1,통합사회,사회,"우리나라의 저출산 문제의 원인에 대해 1학기 동안 꾸준히 담구함 '인구미래공존 (조영태) '의 책은 위고 문 현자료 및 여성가주부 콤페이지 찾아보고 관련 문제률 공부함 . 온라인 69명에 대해 설문조사하없고 연령별로 4 명과 인 터뷰름 함 . 저출산의 가장 근 원인이 금전적인 문제라는 응답이 높앞으머 출산과 양울에 대해 경제적 부담이 근 것으로 조사 팀. 여성의 경력단절에 대한 국가의 실효성 있는 정책과 출산 , 양국에 대한 정부의 적극적 지원이 필요하다는 대안을 제시함.",266,2,1,0,7.518796992481203,3.7593984962406015,0.0
202410891,1,2021,2,통합사회,사회,"경제 지식울 바탕으로 창업 계획서름 작성함 . 자신의 적성   경험올 고러하이 상품수요   경쟁업체 현황 . 매 출과 수의올 예상하고 가상공간에서 공부하는 스터다 카페 사업울 선정함 . 공부에 집중이 안되는 사람들울 위하 가상공간에 서 집중직으로 공부할 수 핑게 프로그램올 개발하고 공간을 체험할 수 있는 마켓팅 전락올 세움. 자신의 생애 설계틀 통해 재 무 목표록 세우고 금움생활올 설계함 .  취업 후 적금올 통해 목돈올 마련하고 보험 . 연금에 가입하여 노후률 대비함  우량주 식 , 채권의 투자물 봉해 수의올 창출하고 분산투자물 통해 고위험 투자물 피하도록 함. 많은 자료물 통해 알맞은 금움상품올 창고 정보름 분석함,",350,2,0,1,5.714285714285714,0.0,2.857142857142857
202410891,1,2021,1,통합과학,과학,줄기세포에 관하여 조사   발표함. 줄기세포의 개발이 미치는 영향과 문제점 등올 소개하고 줄기세포 연구 가 성공하고 상용화되어 아프 사람들에게 도움이 뇌길 바라다고 함. 식물세포와 동물세포의 차이점올 명확하게 구분할 수 있으면 삼투현상이 왜 일어나느지 반투과성 막에서 일어나는 분자 수준 의 과학 현상에 대해 생각할 수 있는 올바른 과학적 사고력올 가지고 있음. 과학적 담구능력과 관찰능력이 뛰어나 일상생활 속 삼투현상이 적용되논 사례에 대해 자신의 건해물 나타님 나노 기술올 적용하여 원자의 결합 구조나 배열올 변화시권 대표적인 신소재인 그래편과 나노 단소튜브에 대해 조사하여 발 포함. 특히 투명하면서도 전기 전도성과 유연성이 뛰어난 그래편에 대해 깊이핑게 탑구하여 소개함,378,3,0,1,7.936507936507936,0.0,2.6455026455026456
202410891,1,2021,2,통합과학,과학,수업 중 다원의 진화롭에 관한 관심울 토대로 사회적 기업울 침팬지와 유사한 보노보에 넷맨 책울 위고 인 류의 발달에 대한 철학적인 질문올 단짐. 수업에 대한 깊은 열정올 가지고 있으며 과제집작력과 적극성이 뛰어나 모든 활동의 구심점역할올 잘 담당함. 지구 온난화와 관련된 환경 변화에 관하여 조사하고 소개합 . 지구블 보존하고 환경올 위한 노력올 해야할 것이라고 생각하게 되있다고 함,214,1,0,4,4.672897196261682,0.0,18.69158878504673
202410891,1,2021,1,과학담구실험,기타,자유 낙하와 수평방향으로 던저진 물체의 운동올 동영상 촬영하고 비교하여 분석하는 실험올 수행함. 관찰을 통해 얻은 자료률 일반화 하는 귀난적 담구 방법울 공혼의 대 멸종의 원인 담구 수행올 통해 알아보고 특징과 제한점 올 설명합. 빛의 색에 대한 뉴단의 결정적인 실험올 따라해보고 과학사의 결정적인 실험이 과학의 발전에 가져온 영향울 담구 함 . 백색광의 특성올 프리품올 이용하 실험올 수행함으로 설명함. 등울  --- Page 9 --- 과목 세 부 능력 및 특 기사 항,264,3,2,1,11.363636363636363,7.575757575757576,3.787878787878788
202410891,1,2021,2,과학담구실험,기타,"조건에 따른 형태 변화름 통해 종이비행기름 오래 날리는 방법에 대하여 담구름 진행함 . 수업 시간에 배운 배로누이 원리에 대하여 관심울 가지고 심게 관찰할 수 있는 주제물 찾아서 밤구률 진행함 . 여리 방법으로 비행기률 접 어서 비행시간을 축정합 . 교사가 제시한 방법에 따라 생활 속의 과학 원리지 찾아내는 담구 활동올 수행함으로씨 일상생활 속 에 다양한 과학 원리가 적용되고 있음음 인식함. 침난 과학기술에 관련된 자료름 조사하고 보고서름 작성함. 기술 . 가정: 천단생명기술분야의 여러 기술 중 품증개량기술에 대하여 조사하고 관련 영상자료름 찾아 정리하여 발표함, 모든 원들의 조사자료물 보아 PPT제작울 맡아하다 완성도 있는 발표자료물 만들어 내는데 군 기여률 하여다는 동료평가루 받음. 자신의 관심단원과 관련한 도서로 '교사의 발견' 올 임고 모퉁든원들과 독후활동으로 내용올 공유하 후 각 모퉁원들의 도서내용 올 토대로 토론하여 모듬주제름 도출하고 창작스토리름 만들어 카드뉴스름 제작함 . 토론하는 과정에서 참신한 아이디어름 제 안하는 보습울 보임. 신생아기 자녀의 발달 특징 , 둘보기 방법 , 시기에 맞는 부모의 역할 , 안전 사고 예방책 등울 담은 소책자 틀 완성도 앞게 제작함 . 신생아 양육과 관련한 기사을 찾아보며 전문가의 의견올 담색하는 등 심화된 내용올 주가하는 적극성 있음  긴급복지지원과 취약위기가족 지원서비스에 대해 탄색함 <진로 선택 과목> 성취도 성취도별 학기 교과 과목 단위수 원접수 / 과목평균 (수강자수) 분포비율 이수단위 합계 과목 세 부 능력 및 특 기사 항 해당 사랑 없음 <체육 . 예술> 학기 교과 과목 단위수 성취도 체육 체육 예술 음악 예술 미술 : 체육 체육 예술 음악 예술 미술 이수단위 합계 과목 세 부 능력 및 특기사 항",883,3,1,3,3.3975084937712343,1.1325028312570782,3.3975084937712343
202410891,1,2021,1,체육,체육,대부분의 체육 수업이 즐겁고 보람있없다는 소감올 남길 정도로 신체활동올 줄기는 학생으로 스스로의 기향울 발전시키기 위해 부단히 노력하는 모습이 인상적임. 부족하다고 생각하는 부분은 적극적으로 교사에게 발문하여 피드백올 밭 아 자신의 것으로 만들고자 하는 자세물 칭찬하고 싶음   축구 드리블올 할 때 자세가 매우 안정적이고 방향의 전환이 자연스 러워 우수한 기록올 세움.  --- Page 10 --- 과목 세 부 능력 및 특 기사 항,243,0,0,2,0.0,0.0,8.23045267489712
202410891,1,2021,2,체육,체육,"개인 종합출님기 중 기본 뛰기, 좌우 뛰기, 무릎 들어 뛰기 , 앞뒤 흔들어 뛰기 , X자 뛰기 실력이 우수하머 다양 한 스템올 구사할 때 물 흐로듯 자연스럽게 표현하고 부드리운 연결로 줄념기률 완성함. 2중 뛰기 기술울 향상시키기 위해 맘 은 시간올 투자하여 구슬땀올 훈리미 연습하없으며 그 결과 손목올 이용하 줄돌리기와 점프 타이망올 습득하고 만점올 받음",200,0,0,0,0.0,0.0,0.0
202410891,1,2021,1,음악,예술,가창 수행평가 '남촌' 올 실수 없이 노래함. 아름다운 음색으로 셈여림올 잘 지키미 노래햇으다 음정이 정확하여 듣기에 불편함이 없음. 창작 수행평가에서 반전이 있는 공포 유지길 <아자>틀 발표함. 야간자율학습올 몰래 빼고 욕상에서 친구들과 이야기률 나누는 '학생' 역할울 맡아 수준급의 노래와 연기률 보여싫으며 무대에서도 떨지 암고 담대한 모습울 보 임. 또한 효과음과 배경PPT 제작올 맡아 공포 유지길 특유의 으스스한 분위기틀 잘 살려중 . 수업에 직극적으로 참여하고 팀 왼들올 이끌어 연습올 주도하는 등 리더의 역할울 해념. 오페라와 유지걸의 공통점으로 노래가 주가 되는 무대예술이라는 것 올 깨닫고 그에 대해 학생들 앞에서 설명할 수 있음,361,1,0,1,2.770083102493075,0.0,2.770083102493075
202410891,1,2021,2,음악,예술,곳기리장단과 세마치장단의 구음을 알고 장구로 연주할 수 있음. 열채 잡는 방법과 복판올 연주하는 방법올 배 윗으며 항해도민요와 남노민요에 맞취 강약올 조절하다 노래 반주물 할 수 있음. 노래의 마지막에 쨌는 장단올 연주할 수 잎 칼림바의 연주법올 배윗으머 숫자보물 읽으미 연주가 가능함. 스마트포 어플올 활용하여 연주법올 익히는 등 열정적으로 배우리는 의지름 보임 . 수행평가 때 가장 어려운 곡을 선택하고 실수 없이 연주해내는 모범적인 학생임 .,250,0,0,2,0.0,0.0,8.0
202410891,1,2021,1,미술,예술,"(컬러의 힘) 자신이 신호하는 영화 '해리포터와 불의 잔'에시 드러난 색상올 분석함 . 주인공을 괴롭히는 악당의 모습올 무치색과 푸른 계열의 색으로 표현하여 무서운 느낌 , 주인공과 악당이 서로 싸우는 긴박한 장면올 효과적으로 표현하 고자 햇음올 파악함.  (드로/) 놀이공원 풍경올 팬과 색연필로 표현함 .  친구와 함께 즐거운 시간올 보넷단 추억올 그림으로 표현할 수 있어 뜻깊은 시간이있다 고 함 . 파스템 계열의 색올 활용하이 동환적인 분위기름 효과적으로 표현함 . 색언필과 팬 의 특성에 대한 이해가 뛰어나고, 마음에 둘지 암논 부분울 완벽하게 완성하기 위해 끊임 없이 수정 및 보완하는 자세가 논보 임. 최선올 다해 표현활동에 성실히 임합.",364,1,0,0,2.7472527472527473,0.0,0.0
202410891,1,2021,2,미술,예술,"(진로연계담구) 미술과 교육  영화루 주제로 미술 교육의 역사와 영화 속 미술에 대해 조사하고 , 파위포인트록 제작함. 교육 분야와 영상 분아에 관심이 있어 해당 분아늘과 관련된 미술에 대해 알아보고 싶없다고 함. 조사물 통해 미술 교육의 목적이 어떠한지에 따라 다양한 교육 방법을 체계적으로 실천해워으미 , 프리다 갈로 , 반 고흐 등 유명 화가들의 삶과 미술 작품올 주제로 한 영화가 다양하게 제작되없음올 알게 되없다고 함.",239,1,1,1,4.184100418410042,4.184100418410042,4.184100418410042
202410891,2,2022,1,화학 I,과학,"항상 교사의 질문에 답하고 적극적으로 참여해 수업 분위기 형성에 근 힘이 팀. 화학은 자연과학 중 범위가 매우 넓고 우리의 생활과 가장 밀접하다고 느껴 화학 독서 활동에서 '세상울 바군 화학 ' 올 위고 내용올 모든원과 공유함 . 과학 사의 흐름으로 4원소설 , 연금술   플로지스톤   라부아지에의 이론  주기울표의 발견올 학생들이 교과 내용과 연계해 이해할 수 있도록 흥미롭기 풀어내 군 호용올 얻음,",226,2,0,2,8.849557522123893,0.0,8.849557522123893
202410891,2,2022,2,화학 I,과학,"1학기 독서 연계-심화 활동으로 라부아지에와 풀로지스본설울 심화 남구함 . 다양한 과학자의 주장과 풀로지 스톱 이론 , 라부아지에와 연소 이론올 논리적으로 정리합. 기존의 허점올 귀품고 불림올 증명해나간 라부아지에의 업적에 감 탄하없고 과학의 연구 및 발전이 어떻계 이루어지논지 철학적으로 접근해 발표한 점이 인상적임. 과학시름 알아보며 오개념 은 충분히 흥미름 느낌 주제이고 오개님과 과학사 학습과 같이 최신 지식 전달에만 국한되지 암고 놀이와 경험   실험올 통해 과학의 발전 과정올 직접 느낌 수 있도록 하는 능동적인 교육이 필요하다고 느낌 알갈리 금속의 반응성 ,  중화적정 실험에서 가장 적극적으로 실험에 참여하고 모든의 활발한 의사소동올 이룩. 오차와 문제 점 , 실험의 의의블 우수하게 발표함.",395,2,0,4,5.063291139240507,0.0,10.126582278481013
202410891,2,2022,1,생명과학 I,과학,세포 분열과 발생에 대해 학습한 후 '하나의 세포가 어떻게 인간이 되는가' 라는 책울 잎고 다세포 생물인 하드라의 재생 능력에 관심이 생겨 담구름 진행함 . 하드라는 모든 세포 증식이 방해 받더라도 머리 재생은 일어나머 이러한 재생력은 출아법 때문임올 알게 팀  또한 인간과 달리 하드라는 체세포와 생식세포의 분화가 안된 상태이기에 노화가 진행되 지 암음올 알게 팀 . 이후 '탤로미이 길이블 늘려 노화 방지가 가능할까 '에 대한 궁금증이 생거 조사물 통해 탤로머레이스로 텔 로미어 길이름 늘리면 세포의 수명이 연장되올 이해함.,295,2,0,1,6.779661016949152,0.0,3.389830508474576
202410891,2,2022,2,생명과학 I,과학,"1학기 남구 주제물 발전시켜 '의학 및 교육에 기여할 수 잇는 노화 방지루 통한 건강한 뇌' 라는 독창적인 주제틀 설정하고 발표함. 여러 논문과 전문 서적올 통해 뇌 기능이 저하되는 원인   기억의 형성 과정 , 기억력 향상을 위한 방 법에 대해 조사하여 이해하기 심게 소개함. 뇌인지 기작에 대한 연구름 통해 기억력올 강화하고 , 학생들에게 맞는 맛춤령 공 부법올 제시할 수 있음올 주장하다 향후 뇌과학과 교육올 연관지어 연구해보고 싶다는 포부물 밝힘 . 일년에 길친 담구 내용은 마치 한 편의 연구논문올 연상시키다 지식올 확장시키는 과정이 창의적이고 자료 분석 능력과 발표력이 뛰어남.",329,3,0,2,9.11854103343465,0.0,6.079027355623101
202410891,2,2022,1,지구과학 I,과학,"""일기 예보틀 믿을 수 있올까?' 라는 책올 읽고 지구름 걱자점으로 나누어 데이터화 한다는 개념과 용어 가 매우 새로워다고 함. 날씨 데이터가 축적 되어도 2주 이상 예측은 정화노가 떨어진다는 것' 알게 뇌면서 가장 많이 예측문 것은 어느 정도이다 실제 날씨와 얼마나 일치햇는지에 대한 사례 등울 더욱 알고 싶어적다고 함",179,0,0,0,0.0,0.0,0.0
202410891,2,2022,2,지구과학 I,과학,"교육과 관련한 고대 우주론 변천사에 관하여 조사 , 발표함. 수업 시간에 다른 우주로에서 궁금증올 더해 고대 우주론의 변천 과정올 소개함. 시대적 흐름과 교육이 중요하다고 느껴으다 과학과 교육은 별개의 것이 아니며 한가지로 도 여러 방면의 심충적 사고름 할 수 빗는 능력올 기르는 젓이 필요하다는 것올 깨달앉다고 하여 자신감있는 태도로 발표틀 잘함. 지구과학의 개념울 잘 이해하고 있으머 과학적 밤구 방법으로 매사 진지하게 문제에 접근하여 뛰어난 문제 해결력올 보임. 지 질 , 대기 , 천문 각 분아에 많은 관심올 갖고 호기심이 강한 모습올 보이미 적극적으로 질의하는 등 수업 참이도가 높은 학생 임. 과학적 원리풀 잘 파악하고 창의력과 통합적 사고력이 낡게 평가되며 환경 문제에도 많은 관심올 보임. 수업 태도가 매우 성실하다 질문올 통해 나날이 성장해 가능 모습이 보기 종음. 정보: 평소 정보 수업 관련 지적호기심이 충만하다 1년간 노래 도우미 활동올 농해 실습에 어려움올 겪는 친구들올 눕고 함께 해결방안올 모색하는 등 공동체 및 대인관계 여량이 동보임. 웬 기반 머신러님 플렉품올 활용하여 강아지와 유사한 사물올 판 별하는 인공지능 모델 구현올 위해 학습 레이블올 분류하고 학습시김 . 판별 오류의 원인올 분식하고 이름 해결하기 위해 재학 숨 레이블올 형성하여 모델 구현에 성공함 . 이러한 지도학습 모델올 제품 자동 분류   출입국심사 등에 활용하다면 비용 , 시간 면에서 효율적일 것이관 의견올 제시함 표준입추력 및 리스트 함수름 환용하여 승객 명단 관리 코드와 조건문올 환용한 업다  --- Page 14 --- 과목 세 부 능력 및 특 기사 항 운 게임올 구현함 . 반복문올 활용하여 구구단 만들기 , 입력된 금리에 따른 적금 계산기  입력값에 따른 패볶 시각화 등음 pyt hon으로 구현함   while문에서 무한 루프에 빠지지 암도로 if문의 조건올 적절히 활용할 줄 알려  반복문의 구간 설정과 bre ak 문의 위치 및 들여쓰기블 직절히 응용하여 상황에 맞는 다양한 코드틀 작성함 .  일차직인 코드 구현에 만족하지 암고 상황 에 따라 효율적인 알고리롬 구현올 위해 다양한 함수 및 제어 구조름 활용하는 등 자기주도적인 문제해결력과 프로그래망 사 고력이 탁월함 중국어 I : 중국어 실력이 매우 뛰어난 학생이며 위기. 듣기 , 쓰기, 말하기 영역에서 모두 높은 수준의 성취률 보여중 . 한자로 표기원 중국어의 기초직인 의사소통 표현올 성조 , 성모   운모올 유의하여 정확하게 발음할 수 있음. 또한 달력 , 시계 등 일상 생활의 정보름 파악하고 높은 수준의 발음으로 표현함 . 관련된 질문올 중국어로 듣고 핵심 내용올 빠른 속도로 파악한 뒤 자 신감 핑게 대답하는 태도가 돌보임. 중국어 쓰기 방면에서도 두각울 드러님. 한어병음으로 표현편 간단한 문장울 오차없이 한자로 작성함 수 있으미 중국어 어휘클 용법에 맛게 문장 내에서 활용하는 능력이 뛰어남 . 비교적 복잡한 중국어 문장올 듣 고 의미루 파악하여 이률 한자로 정확하게 쓰면서 단단한 실력올 나타님 . 매 수업시간에 진행된 각종 모든 활동과 귀즈 , 게임 에 유연하게 대처하면 높은 수준의 언어 활용 능력올 드러님. 주제움합형 학교자율교육과정 활동에서 '험오와 차별의 시선 극복' 올 주제로 다양한 교과의 강의블 듣고 연계하여 교과 간 움 합을 통한 팀 프로적트록 진행학 . 문학 작품 속 차별 반는 여성의 삶과 반부 걱차의 실상올 담구하다 사회에 다양한 형태의 힘오와 차별의 심각성올 느낌 후 차별올 겪는 실제적인 수치가 궁금해저 통계 자료률 분석하여 국제 사회와 대비한 우리나라 의 차별 실태들 발표함. 이후 이러한 문제가 발생하는 원인올 인지 , 감정 두 영역에서 올바른 교육이 이루어지지 않아 편견이 형성월 수 있다고 주장함 . 이름 극복하기 위한 방안으로는 음악과 미술 치료와 같은 개인적 차원의 노력과 정치 , 법률의 개 선과 같은 사회적 차원의 노력 병행울 제시함. 활동울 마무리하는 차원으로 팀 프로직트 활동 주제물 '노동자물 향한 험오와 차별의 시선 극복'으로 선장하여 담구활동올 전개함. 이 과정에서 청소년이 노동의 보호 법률과 실제 차별 사례틀 함께 대조 해가다 법률의 유명무실함올 논리적으로 비판하엿고 , 청소년 노동 인권 침해의 원인올 노동권에 대한 교육 부족으로 진난함. 이틀 극복하기 위해 교육과정에 노동권 교육올 편성해 수업해야 한다고 주장하다 완성도 높은 움합 담구 과정올 보임. <진로 선택 과목> 성취도 성취노별 학기 교과 과목 단위수 원점수 / 과목평균 (수강자수) 분포비율 국어 고전 위기 94/78. 6 A(59) A(55.9) B(32.2) C(11.9) 국어 고전 위기 89/63,4 A(59) A(33.9) B(27.1) C(39.0) 과학 생명과학 실험 90/88. 2 A(17) A(82.4) B(17.6) C(0,0) 이수난위 합계 10 과복 세 부 능 력 및 특기 사 항",2412,5,0,8,2.0729684908789388,0.0,3.316749585406302
202410891,2,2022,1,고전 위기,기타,비슷한 소재름 다른 동 . 서양의 고전 위기 활동에 성실하게 참여함 . <목민심서>VS(군주로>올 비교하여 잎 고 정악용의 애민정신과 마키아엘리의 강력한 전제균주의 특징올 잘 정리하여 일지에 작성함. 두 가지 상반된  견해 중 국가름 위해 '엄격한 봉치' 물 중시하는 <군주론>올 용호하는 입장에서 '이상적 정치' 에 대한 설득력이 높은 논설문올 작성함. 조별 토론 수행평가에서 <폐스트틀 읽고 '전염병이 시작된 오랑시름 봉소하는 것은 바람직한가? '에 대한 논제로 토론올 진행 함. 감임병의 빠른 종식과 자유억압의 문제 사이에서 어떤 것에 우선순위률 두어야 하느지에 대해 현재의 코로나 상황과 비교 하여 깊이 앞게 고찰하는 모습이 인상적임. 토론활동올 이끄는 리디심과 의사소통 여량이 뛰어남  --- Page 15 --- 과목 세 부 능력 및 특 기사 항,423,1,0,2,2.3640661938534278,0.0,4.7281323877068555
202410891,2,2022,2,고전 위기,기타,"자신의 인생책 소개하기 활동에서 <해리포터> 틀 읽고 해리포터와 말프이름 통해 성장에 있어 환경의 중요 성울 인식하고 순자와 빵자의 성악설 , 성선설과 접목시켜 환경이 인간의 본성에 미치는 영향력에 대해 역설함. 발표률 위해 키워드 중심으로 PPT틀 작성하여 청중올 바라보고 질문올 유도하다 자신감 엇게 발표햇으다, 시선처리 , 손짓 등 비언어직 표현올 효과적으로 사용하고 몰입감올 높여 청중들에게 가장 큰 호용올 얻음 생명과학 실험 : 과학거짐학교 생명과학실험올 4단위 수강하면서 실험과 관련한 이론올 담구하고 생명과학 실험 기기름 많이 다무엇고 실험 조작 능력과 결과 분석 및 결론 도출 보고서 작성 능력 올 키우기 위해 많이 노력하없고 조별 토론 및 발표에 직극적으로 참여하여 과학적 의사 소통 능력과 창의움합적 사고력올 키우기 위해 부단히 노력합 . 모든 실험에 흥미름 갖고 참 여하없으미 ,  특히 생물정보학에 관심이 많아 형태 뿐만 아니라 염기서열올 비교하여 계통수름 작성하는 활동에 열심히 참여하 엿으다   관련본 소프트웨어의 중요성올 알게싸. 매 수업 후예는 활동 소감과 스스로 담구하여 더 알아본 내용 (임기서열 분석 올 통한 유인원 분류 , 신속항원 검사, 파이도키미길 등) 올 온라인글래스에 제출하는 열의틀 보임. 특히 실험에 사용된 도구인 모세관에 대해서도 넘구해보는 지적 호기심올 보여중. 삼투 실험과 관련하여 '삼투 현상올 이용하 해수물 담수화하는 장치의 기본 설계 고안' 이라는 문제에서 역삼두압올 이용하 담수화 설비 장치에 대한 아이디어블 고안한 후 급우들에게 삼투 현상올 이용하여 담수름 생산해 내는 원리와 이 기술이 증류번에 비해 생산 단가가 저럼한 장점에 대해 설명하는 등 창의적 문제해결 력이 톤보임 <체육 . 예술> 학기 교과 과목 단위수 성취도 체육 운동과 건강 예술 음아 체육 운동과 건강 예술 음악 이수단위 합계 과목 세 부 능력 및 특기사 항",944,3,1,8,3.1779661016949157,1.0593220338983051,8.474576271186441
202410891,2,2022,1,운동과 건강,체육,효율적인 공부률 위해 체력의 필요성올 느끼고 체육 시간에 적극적으로 참여하여 체력올 향상시김. 수 업 내내 긍정적으로 노력하고 종은 결과블 얻기 위해 노력하면서 연습 과정올 즐기는 모습이 매우 인상직임.,113,0,0,3,0.0,0.0,26.548672566371682
202410891,2,2022,2,운동과 건강,체육,"운동과 긴강 수업에 적극적으로 참여하없으다  많은 연습과 지속적인 노력으로 자신이 정한 성취 목표 에 도달함. 수업에 참여할 때마다 농구공울 자연스럽계 다루게 되엇으다 , 비슷한 수준의 친구늘과 농구 게임울 활용하여 줄 거운 수업 분위기름 조성하없음 . 삶에 움직임이 필요한 이유름 생각해보고 운동이 만병통치약인가 하는 의구심이 들어 조사 연구률 함. 체육 수업 외 운동올 하지 암듣다는 33 %의 학생들은 세계보 건기구가 정한 시간에 절반도 미치지 못한다는 것율 알앞음. 건강과 일이 효율올 높이는 방법은 운동이라는 것울 알게 되엇고, 연구블 통해 이 작은 움직임이 앞으로 자신의 시간 과 건강을 지길 수 있다는 것을 알고 바로 실천하기로 다짐함.",363,2,0,2,5.5096418732782375,0.0,5.5096418732782375
202410891,2,2022,1,음악,예술,'제주도 푸른 밤' 이라는 악구을 다양한 코드와 칼립소 리듬올 사용하여 음악적으로 연주할 수 있음. 음악 수업 에 높은 관심과 흥미름 보이며 음악적 지식이 풍부한 학생임. 낭만시대의 대표 작곡가이자 연주자인 리스트의 사랑 이야기름 주제로 조원물과 오디오북올 제작하엿음. 오디오북올 완성한 후 반 친구들 앞에서 발표할 때 필요한 포스터물 제작하여 오디 오북의 내용올 포스터로 요약함.,213,0,0,2,0.0,0.0,9.389671361502348
202410891,2,2022,2,음악,예술,"'캐리비안의 해적' 악곡울 피아노로 연주하다 조원들과 화합하여 연주하없음. 다른 성부와 악기의 소리의 어울  --- Page 16 --- 과목 세 부 능력 및 특 기사 항 림울 느끼미 음악적 아름다음올 표현함 수 있음. 피아노 연주에 능숙하다 다른 친구들과 함께 종은 소리름 별 수 있도록 친구 들올 자발적으로 도움. 창작 라디오에서 DJ 역할울 맡아 다양한 사연과 음악울 반 친구들 앞에서 소개하고 들려주없음.  일상 생활 및 연애와 관련한 이야기블 라디오틀 통해 흥미진진하게 풀어자으미  심리 관련 분야의 내용올 소개하다 정확한 정보 전 날울 위해 노력한 모습이 보이는 결과물올 만들어내없음. 또한 음악감독 역할울 맡아 사연에 어울리논 다양한 음악울 선정하 고 음량올 조절하없음 [3하난] 원점수  과목평균 성취도 학기 교과 과목 단위수 식차등급 (표준편차) (수강자수) 국어 언어와 매체 82/59.0(21. 3) (93) 수학 미직분 73/68.6(18.5) (70) 영어 영어 I 72/56,9(24,0) (202) 기술 . 가정 / 제2외국 교육학 어 /한문 / 교양 기술 . 가정 / 제2외국 논술 어 /한문 / 교양 국어 언어와 매체 92/62.9(23.5) (93) 수학 미직분 72/56.1(26. 3) (70) 영어 영어 I 68/48.8(24.1) (202) 기술 . 가정 / 제2외국 교육학 어 /한문 / 교양 기술 . 가정 / 제2외국 어/한문 / 교양 이수단위 합계 26 과목 세 부 능력 및 특 기사 항 언어와 매체: 수업 시간에 집중하는 모습이 놀라율 정도라고 교사가 평가할 정도로 몰입하는 모습이 모범적임 . 문법 요소들 의 개념을 잘 이해하고 이틀 실생활에서 활용하기 위해 다양한 예틀 활용하는 모습이 좋음. 언어의 본질과 특성' 단원과 관련 하여 '모는 것의 출발점인 언어' 라는 주제로 세계 언어의 종류와 특성올 분유하고 언어들끼리의 상호 영향력과 문화에 미치는 힘올 고려할 때 인간 지식과 역사의 근원이 언어임올 타당성 잎게 주장함 . 진로희망인 프로그래망 언어의 특성과 중요성도 이에 근거하다 미래 사회와 문화의 본질로 작용할 수 있음올 설득력 핑게 발표하는 모습이 인상적임. '심풀 소프트웨어 (맥스 카넷 알렉산더) '률 임고 단순화률 농한 협력과 효율 추구가 복잡한 현대 사회에서 큰 도움이 덜 것임울 이해하고 자신의 지향 젊올 정합 . 매체의 발달과 관련하여 머신러넣에 기반한 '웬 광고 추천 시스템'에 대해 자료틀 수집하고 내용 기반 필터림올 용해 영화 추천이 가능하도록 코드록 작성하고 활용에 대하여 담구함 . 매체의 존재 가치름 강조하고 더 정확한 유사도 즉정올 위해 자신이 해야할 것울 정확한 이휘로 명제화하는 등 적극적으로 밤구하는 태도와 과목에서의 역량울 진로희망에 연계하 능력이 뛰어남.  --- Page 17 --- 과목 세 부능력 및 특기사 항 미적분: 항상 열정적이고 밝은 모습으로 수업올 즐기면서 참여할 줄 아는 학생으로 머신러님올 기반으로 한 영화 추천 시스 댐 예제률 적용시켜보다가 넥터화 개념울 알게 되어 '넥터화-코사인 유사도 '라는 주제로 남구활동올 진행함 .  여러 가지 단어 들올 넥터화 시긴 그래프틀 통해 베터화 개념에 대해 소개하다 데이터름 유사도와 관련해 분류하는 활동올 함. 어떤 단어의 앞뒤에 오는 단어의 유형올 분류하여 문맥올 파악할 수 있는 프로그램올 구현해보고 싶없으나 데이터름 수집하고 분류하는 것이 어러워논데 , WORD2VEC 방법률올 적용시켜 언어물 백터화할 수 있다면 결과물올 만드는 것이 가능해질 것 같다고 생 각함 . 하나의 활동올 하더라도 진지하고 다음 과정올 생각하는 깊이가 느껴지다 , 창의적인 결과물올 만들 수 있는 능력이 잎 눈 학생임 . 미적분의 활용에 대한 궁금증올 해소하기 위해 '미적분의 쓸보 '률 읽음. 최적의 선택이라는 목적올 이루기 위해 목적합수에 대해 알아보고 AI의 학습과 경사하강법에 대해 알게팀 . 자신의 진로와 관련하여 관심사가 뚜딪하고 , 다양한 분야 에서 호기심을 드러내는 등 지적호기심이 매우 많으  이름 충족하기 위해 다양한 담구역량울 보여중 영어 I : 과기와 현대의 인공지능의 차이점에 대한 1폐이지 3단락의 에세이틀 영어로 작성함 . 문장의 의미블 정확하게 전달하 기 위해 교사에게 여러차례 질문하고 개요작성   여러차례의 초고 작성의 과정올 거처 비교와 대조의 구조률 적절하게 사용하 여 효과적직이고 명확한 내용의 글을 작성함 . 영작활동 후 '일상생활 속 처리하는 data 증대에 따른 기계와 인간의 역할의 변화 '에 관한 지문올 스스로 찾아 심도위게 학습한 뒤 학급 학생들에게 설명함 . 어휘 정리 , 문장분식   내용 파악 등 지문에 대한 철저한 이해률 바탕으로 자신이 학습한 내용올 친구들에게 나누어주는 모습이 매우 기특하없으다 , 준비의 정도도 매우 우수 하여 해당학급 뿐 아니라 타학급에시도 발표 기회틀 주고 싶다는 생각이 늙. 이후 '데이터의 분석 및 처리 방식의 변화' 관련 기사들올 찾아 영어로 번역하는 활동올 함. 우리나라에서 사용하는 어아에 한자어가 많아 이루 영어로 적절하게 번역하기 위 해 한자이의 뜻올 한글로 , 다시 영어로 번억해보고 그 과정올 역으로 진행하기도 함. 사용가능한 다양한 어뤄의 목록올 만들 어 하나의 글에서 같은 표현올 중복으로 사용하지 않으면서 가장 적절한 표현올 사용하기 위해 노력하는 모습이 인상적이미 칭찬함 교육학: 수동적으로 수업 내용올 받아들이는 짓이 아니라 학습한 교육학 이론올 논문 . 학술지 , 서적 등올 통해 능동적으로 자 표 조사하고 끊임없는 개인적 교육 경험과 연계하다 깊이 있는 이해블 추구하는 태도가 단연 돌보이는 학생임 . 항상 흐트러짐 없는 자세로 수입에 참여하머 의문이 드는 내용은 교사에기 적극적으로 질문하다 해답올 찾아가는 두각올 드러님 . 몇 가지 주요 이론에 관한 심화 밤구률 통해 짜임새 잇고 완성도 높은 보고서물 작성하여 발표함. 미국 조지아 대학교에서 진행보 연 구름 기반으로 정보처리이혼에시 인간이 정보틀 장기기억화 하는 과정올 동물과 비교하여 체계적으로 설명함 . 추가로 수면이 장기기억화에 미치는 원리름 과학적 으로 설명하다 본인의 학습 능력 및 인지 능력 향상 방안을 고민한 점이 인상적임. 수업 패러다임의 변화물 줄 수 있는 거꾸로 수업과 인터넷 활용 수업의 제도적 미비점올 날카롭게 지적하고 매뉴엌 및 행정적 지원 의 필요성올 강력하게 피력하다 주제에 다각도로 접근함. 반두라 사회인지 학습이혼올 적용하이 본인의 핑소 학습 숨 관율 점검하다 개인적 성장울 위해 꾸준히 노력하는 모습올 보임. 논술: 성실하고 수업태도가 매우 종은 학생으로 , 발표력과 글쓰기 실력이 뛰어난 매우 우수한 학생임 . 조별토론에서 뛰어난 협업능력과 의사소봉능력올 보여주없으며  주장에 대하여 창의적이고 타당한 근거클 제시함 .  '기술 발전에 따라 인간이 가져 야 할 방향성 - 인공지능올 환용하라 '라는 제목으로 심화담구 활동올 실시하고 이름 훌륭한 태도로 발표함. 인공지능이 발달 하면서 인간의 역할노 바뀌어야 하다 . 인공지능과 인간이 조화물 이루어 힘업해야 함울 주장함 . 대화형 인공지능과 파이씬올 활용하여 단순 계산 코드블 작성히는 실습올 해봄. 인공지능올 활용한 고딩은 단순 반복 작업과 코드의 오류을 줄일 수 있다 고 생각함 .  '동물실함은 필요하다 '눈 주제로 논설문올 작성함 . 동물권의 보호름 위해 동물실험올 금지하기보다 제한적 요건 하에서 농물실험이 필요하다는 주장올 펼침. 동물실험의 완벽한 대체제가 나오기 전까지 농물실험은 불가피하다는 주장과 더 불어 대체제의 가능성은 컴퓨터 기술의 발전에 달려있다는 생각울 밝침 . 동물실험의 대체제로서 인공세포와 디지털 가상세포 률 조사하는 심화담구활동올 실시함. 참고문현올 제시하없으며 주장과 논거가 무럿하 수준 높은 결과물올 제출하없음 수업량 유인화에 따른 학교자율 교육환동으로 <기후 위기 현실과 해결 방안>올 주제로 담구름 진행함 . 최근 기후 변화로 동양 특히  --- Page 18 --- 과목 세 부 능력 및 특 기사 항 하루살이 등 벌레가 급속히 증가한 점에 착안해 팀프로적트 활동으로 <기후 변화로 발생한 벌레증가 및 해결방안>이라는 주 제물 선정함.  험오감울 유발하지만 환경정화에 도움이 되는 벌레이므로 박떻이 아난 공존올 위해 개체수률 줄이는 방안올 모 색합 . 유입 원인이엿터 매연올 줄이고 퇴치 및 대처 방법올 인포그래되으로 제작해 발표하엿고   토의과정에서 팀위크틀 높이 눈 모습올 보여p . 이후 환경 문제의 심각싱에 경각심올 느껴 국가 온실가스 배출량울 선형회귀로 분석하는 추가 활동음 함 kosis자로로 2020년 온실가스 배출량 감소물 확인햇으미 , 하락 요인으로 코로나 19로 인한 산업 및 유통 활동 감소   기후 중요성 대두로 인한 규제 강화 등올 제시함 . 조사한 통계 자료틀 액설에 입력하여 시각화하고 , 도포정리률 하여 자료의 형태 에 따라 활용노와 목적이 달라지는 것울 보고 데이터 가공 및 처리 능력에 대한 중요성올 느낌. 기후 위기률 실생활과 관련하 여 담구하고 온실가스 배출렉올 신형 회귀로 분석하는 등 다각직 조사와 분석력으로 현안에 대해 해결책올 찾아가는 모습이 매우 인상적임 . <진로 선택 과목> 성취도 성취도별 학기 교과 과목 단위수 원점수 / 과목평균 (수강자수) 분포비율 국어 심화 국어 100/78.0 A(202) A(59,9) B(23. 3) C(16.8) 수학 수학과제 팀구 87/69.3 A(202) A(39.1) B(35.1) C(25.7) 영어 진로 영어 81/68.0 A(137) A(33.6) B(44.5) C(21.9) 사회 (역사 / 도디포함) | 사회문제 탓구 100/74.7 A(156) A(44.9) B(33, 3) C(21.8) 과학 화학 I 87/76.6 A(53) A(60.4) B(1L 3) C(28.3) 과학 생명과학 I 71/56, B(58) A(25.9) B(17,2) C(56.9) 국어 심화 국어 96/73.2 A(202) A(48.5) B(26.7) C(24.8) 수학 수학과제 담구 93/66.9 A(202) A(42.6) B(23. 3) C(34.2) 영어 진로 영어 96/72,2 A(137) A(41.6) B(40.9) C(17,5) 사회 (역사 / 도덕포함) | 사회문제 팀구 98/74.0 A(156) A(45.5) B(34.6) C(19.9) 과학 화학 I 58/67.5 C(53) A(39.6) B(170) C(43.4) 과학 생명과학 I 39/41.9 C(58) A(6. 9) B(22.4) C(70.7) 이수난위 합계 32 과목 세 부 능 력 및 특기 사 항 심화 국어 : 수업 시간 언행올 바르게 하고 성실한 학습태도틀 지니고 집중하는 모습이 무척 인상적임 또한 수업 중 이해가 안된 부분은 쉬는 시간에 교사에게 질문올 하여 정화히 파악하고자 노력하는 모범생임 . 상호텍스트성에 기반한 문학 작품 분 석 활동에서 '층증계 (박복월) '와 '곡예사 (황순원) '틀 연계하여 '화자,  시적 상황 ,  주제'클 바탕으로 작품올 분석함. 두 작품의 아버지들이 모두 힘겨운 삶을 곡예하듯이 어렵게 살아가는 것' 보고 한 집안의 가장이 지니는 긴장감과 중입감을 느끼미 안 타까움올 느낌. 그동안 '곡예사' 하면 흥겨움  쾌락과 같은 이미지가 떠올탓엿는데 작품올 보며 위태롭고 불안정한 이미지로 표현한 것올 보고   같은 대상에 대해 다른 관점이 존재함을 깨닫고 대상올 다양한 관점으로 바라블 필요성올 느낌   한편 작 품음 읽으미 과학 원리에 대한 관심으로 곡예의 원리가 궁금햇는데 곡예는 회전관성올 이용하여 균형올 맛추기 위해 저항올 크게 하는 것이라는 것울 알게 팀. 작품 선택 이유, 분석 , 느낌 점 및 변화본 점울 감상지에 체계적으로 잘 정리하없으며 작품  --- Page 19 --- 과목 세 부 능력 및 특 기사 항 올 주체적으로 감상하는 창의적 사고 역량  자료 . 정보 활용 여량과 삶에 내면화하는 자기 성찰 역량이 훌륭하게 느껴짐. 수학과제 담구: 컴퓨터공학의 뉴껑모델이 불확실성의 인리와 관련되어 있다는 것울 알고 있어 이와 관련한 담구 활동올 계획 하없으며 , 수학독서활동으로 '혼문과 질서의 만남(C.R 라오) '올 읽으머 베이즈 정리와 컴퓨터 공학 속 불화실성의 원리에 대 한 담구블 시작함. 무작위로 배열된 난수에 대한 설명과 함께 확물법칙은 무질서 속 질서   혼문이혼은 질서 속 무질서클 다루 논 이론이라고 설명하없으미 , 사전분포 개념을 도입하여 신회도름 확보하고 사후분포의 불화실성올 계량화하리는 시도름 한 수학자 베이즈의 업적올 소개함. 이후 이 내용올 확장하여 이전 경험과 현재의 증거률 토대로 어떤 사건의 확출올 추론하는 베이즈 정리에 대한 수학주제담구 활동올 이어나감. 이 과정에서 일정한 조건올 갖춘 데이터틀 기반으로 하는 확물의 개념울 사용하기 때문에 조건부 확출의 개념울 사용하는 이론이라고 설명하여 확출과 통계 과목의 교과 내용과 연결하없으다, 이 이 콤율 활용하는 영역으로 날씨 예보 등울 들어 개념울 친구들에게 쉽게 전달함. 수학에 대한 호기심과 열정이 많은 학생으로 논리적으로 자신의 생각을 표현하는 것' 매우 즐기논 학생임 진로 영어: 인물의 자질과 성향올 묘사하는 영어표현과 관련 지문올 학습한 후 자신의 장점에 대해 사례블 들어 설명하는 영 어에세이름 작성함 . 독립적인 성향과 장기적인 관점에서 사고하는 면을 정확한 어휘와 문장구조름 사용하이 명확하게 설명하 엿음. 영작에 대한 즐거움올 느끼고 있으며 자신이 의미하고자 하는 바 정확하게 표현하기 위해 적극적으로 학습하는 태도 틀 보임 . 자신의 희망진로인 프로그래머클 위한 영문자기소개서클 작성하여 학급앞에서 발표함. 자신의 끈기와 집중력 , 통찰 턱 및 거시적 사고역량 둥이 프로그래머에 필요한 자질임올 설득력잎게 설명하면서 자신핑게 발표한 점이 기억에 남음.  정확 하고 유창한 영어사용올 위해 꾸준히 연습하는 모습에 감동함 . 영자신문위기 활동 중 과학자들이 사람의 생각올 해독하기 위 해 두뇌스캐님과 AI틀 사용하다는 기사름 위고 자신만의 언어로 기사름 요약하고 의견올 덧분여 한편의 영어에세이름 완성 하여 학급에 공유함. 개인의 프라이버시 문제가 해결되다면 자신의 생각울 해독할 수 있는 프로그램들은 인류의 의사소동에 많은 도움이 월 수 있을 것이라고 표현한 부분이 기억에 남음.  기사에 사용된 전문용어 뿐 아니라 자신의 의견올 나타내는 수 준이 매우 탁월함. 사회문제 담구: 정치 , 경제 , 과학 등 다양한 분아에   대한 사회문제에 관심을 가지고 있으머 문제의 핵심적 논쟁올 정확히 이 해하고 있음. 환경호로 문의 체내 축적올 막기 위한 방안 , 기본소득 도입에 대한 필요성 및 보편적 복지제도 시행의 문제점, 식량 안보름 지키기 위해 해야 할 일들 등에 대해 배움. 서로 다른 관점과 다른 나라의 사례 등올 참고로 우리나라에서의 해 결책올 모색함 . 공감교육이 없는 사회의 비극 문제에 대해 토론하면서 인간의 공감능력은 거울신경세포에 의한 것이미 어러 서부터 가정과 학교에서 공감교육이 필요하다 주장올 함. 또한 뉴스 자료물 조사하여 공감이 없어진 이유름 찾아봄. 도시화 로 인한 개인화, SNS의 발달 , 코로나 팬데미 등으로 우리사회 공동체 의식은 사라지고 있음올 깨달음 입시위주의 경쟁교육 이 아난 인성교육올 통해 자기중심적 태도에서 벗어나 경청하는 대도물 길러주어야 함울 주장함. 김주원의 '인공지능보안' 올 읽고 그리스신화에 빗대어 인공지능보안 이야기블 하는 것이 흥미로윗으며 암호 알고리롬   양자 암호통신에 대해 이해하고 기술보다 보안의 발전이 앞서야 함울 깨달음. 화학 I : AI와 컴퓨터가 빠르게 발전하고 있다는 소식올 접하다 양자 화학과 컴퓨터 기술을 접목하 화학자   포플과 큰'올 담 구함. 큰의 밀도함수록과 포풀의 양자화학의 계산방법로에 대한 밤구률 위해 많은 자료률 조사   분석하여 일목요연하게 정리 하여 발표함. 자신의 생각울 명확하게 전달하는 의사소통능력올 보여주없으며 활동으로 얻은 지식올 심중적으로 이해할 수 있는 과학적 사고력올 지난 학생임 . 정확한 수치름 이용하는 컴퓨터와 불화실한 물리량올 다루는 양자 역학의 상반성에 주목 하여 '슈회당거가 둘려주는 양자 물리학 이야기 (과영직) 물 위고 빛의 이중성과 양자역학에 대해 배움. 생물의 기본 단위인 세포틀 다무는 생명과학과 아주 작은 에너지 단위인 양사름 다무는 양자여학에 대한 관심이 모두 각 학문의 '근본' 에 기반함 올 깨달음   화학전지 수업올 통해 배터리의 유용성에 관심울 가지고 '리듬전지의 한계 및 2차전지의 발전방향' 올 주제로 나훨 전지의 장단점과 메모리효과에 대해 담구함 . 성능 향상과 폭발성 감소 사이의 달레마 해소가 이 산업의 핵심이 되리라 주장 함. 우리나라의 산업양상의 문제점에 대해 지적하고 그 대안을 제시하는 모습에서 핵심올 m풍는 통찰력과 뛰어난 문제해결  --- Page 20 --- 과목 세 부 능력 및 특 기사 항 먹이 엿보임 생명과학 I : 수업과 학습 활동에서 적극적이고 활력잎게 참여합 . 담구 활동에서는 성실하면서도 인내심올 갖고 끈기 앞게 도 전하는 모습이 돈보임  전자 현미경올 이용하 뇌 지도 작성에 대한 조사 후 이름 자료로 만들어 동료들에게 발표함. 나노 분 해능 진자 현미경올 사용해 관찰한 3016개의 뉴런과 54만 8천개의 시념스 이미지루 컴퓨터 프로그램으로 분석해 빚 데이터 학습과 기의에 연관시길 수 있음올 흥미롭게 설명함 . 광합성 효율 증진의 필요성에 대한 보고서 형식의 자료틀 만들어 이틀 발표함. 기후 위기와 식량 위기 속에서 태양에서 오는 에너지의 극히 일부만이 광합성에 이용되다는 사실울 안 후 광합성 호 울올 높일 수 있는 다양한 방법 예들들어 중심 색소의 비율 증가   광합성 효소 중대 등올 소개함은 물론 인공 광합성 공정올 활성화시켜 미래의 식량 위기. 자원 위기 극복은 물론 미지의 우주 담사 과정에도 잘 활용펼 수 있음올 설명하여 동료들의 놈 호용율 이끌어념. 단백질 연구가 질병 치료에 기여할 수 있다는 점에 착안해 단백질 구조 예측에 관한 주제로 보고서클 만 들어   토의 토론 시간에 발표함. 10만개에 달하는 단백질 구조 예측에 인공 지능 프로그램인 알파플드가 어떻계 활용되논지 전문성 앞게 잘 소개함. <체육 . 예술> 학기 교과 과목 단위수 성취도 체육 운동과 건강 체육 운동과 건강 이수단위 합계 과목 세 부 능력 및 특기 사 항 운동과 건강: 평소 자신의 건강올 유지하기 위하여 신체 활동올 꾸준히 실천하는 학생임. 신체적 건강 뿐만 아니라 정신적 건 강까지 생각하면서 자신의 생활 습관올 올바르게 형성하고자 노력하다 다양한 유형의 운동 특성과 효과늘 담색하여 운동이 건강에 미치는 영항에 관하여 적극적으로 담색하러는 자세가 돈보임 . 평소 운동 실기 능력이 좋아 체육 활동 시간에 주변 친 구들이 부주한 부분울 자신이 직접 시냄울 통해 시연해 알려주는 모습이 인상적임. 수업 시간마다 즐거운 자세로 수업에 참여 하여 스스로 지도자가 되어 부진한 학생들올 도움. 수업 시간에 체육 활동에 적극적이고 활달하게 활동하는 학생으로 배드민 년의 경기 운영 방식 . 기술 등올 익히고자 꾸준히 연습하는 모습올 보임. 특히 진구들과 함께 배드민번 복식 경기에서 남다른 팀위크와 창의적인 경기 운영 능력올 발휘하여 팀올 이끄는 모습이 인상직임. 행동특성 및 종합의견 학년 행 동 특 성 및 종 합 의 건 여리가지 능력이 많이 있는 재주군   팔방미인 학생임 .  전과목에 꾸준히 성적이 향상되고 있으며 일히일비하지 암고 묵국하게 노력하는 학생이다 친구들이 모르는 부분울 잘 가르처 춤. 2학기 학급 회장으로 다양한 학급의 일올 책임 감울 가지고 수행하없으며 학급의 단결력올 위해 학급 장기자랑시간올 기획하고 게임올 진행하엿으며 학급의 모든 친구들이 수련회률 못가서 아쉬운 마음이 없어질 정도로 즐거운 시간율 보델 수 있없음. 학급친구들의 투표로 나늄 부분의 인성이 뛰어난 학생으로 뽑힘. 학급자 치활동인 생일축하파티 , 학 급액 범만 들기록 진행하면서 학급에 소외되 논 친구들이 없도록 계획올 세우고 소극적인 친구들이 여러분야에 참여할 수 있도록 신경올 씨주는 모습올 동해 리 더로서의 자질올 불 수 있있음 학교온라인 축제 영상제작하고 학교홍보 UCC률 제작하여 단 호용올 얻없으벼 영상  --- Page 21 --- 학년 행 동 특 성 및 종합 의 견 분아에 능력올 인정받음.  멘토먼터 활동(한국사 만토) 틀 1학기동안 꾸준히  진행하면서 사진, 연표. 정리노트틀 공유 하고 질문올 받고 대답하는 과정 속에서 한국사에 대해 더욱 흥미름 가지계 되있으미 맨티학생의 성적이 향상뵙  학업 능력 , 예술적 감각 , 운동 능력 모든 영역에서 뛰어난 재주률 갖추고 있으머   보두에게 보범이 되는 성실한 학생 임. 사소한 학습 내용 하나도 단순히 넘어가는 법이 없이 이치률 깨우치려는 밤구 자세로 끝까지 원리출 이해하려는 끈기 있는 학업 태도물 갖추고 있음. 자신이 공부한 것울 효과적으로 설명하여 이해시키는 능력이 뛰어나녀 ,  친구가 보르는 것이 있울 때 함께 고민하고 선생님께 질문하다 학습능력올 증진하기 위해 노력하는 모습이 인상적임. 학급 자율 활동 시 음악 , 미술적 능력올 발휘하여 여러차례 창의적인 아이디어률 제시하엿고   친구들에게 구체적으로 역 할울 부여해주면서 모두가 빠짐없이 참여하는 즐거운 활동올 기획하여 담임 선생님보다 더 낫다는 칭찬올 들음. 담 임 교사와 상담울 통해 자신이 희망하는 진로로 나아가기 위해 필요한 억랑이 무엇인지 점검하면서 교내외의 다양한 활동에 참여하다 경험울 넓학고 , 교과 수업올 듣고 의문이 생기면 늘 관련 도서률 찾아보고 궁금중올 해결하는 모습 올 보임. 꿈을 위해 열심히 공부하면서도 학급 회장으로서 친구들올 눕고 배려하는 착한 마음올 지난 학생이기에 바 른 교육관올 가지고 학생들올 진심으로 대하는 훌륭한 선생넘이 덜 것이라 확신함. 늘 학급의 곳은 일에 앞장서고 속신수범하는 모습이 타의 귀감이 되없으 담임 교사에게도 많은 도움올 준 기특한 학생임 . 일 년동안 학급의 재활용 분리수기블 도맡아 하여 급우늘에게 환경교유의 중요성올 역설햇으며, 학급 단합 대회블 위한 음식 주문  급우들올 위한 실용적이고 예뿐 문구류 추천 , 스승의 날 영상 찍기  연말 크리스마스 트리 장식 등 학급에 필요한 일에 적극적으로 나서서 활기차고 긍정적인 학급 분위기블 만드는 데 크게 일조함. 교육 분야 의 진로물 준비하고 있없으나 자신의 흥미와 적성올 고려한 고심 끝에 컴퓨터. 영상 분아로 진로물 변경하다 학기초 많은 어려움이 있없지만 자신의 선택에 책임올 지고 꿈을 이루기 위해 컴퓨터 관련 책 입기  소외계충올 위한 입사이 트 구축   인공지능 목소리물 이용하 저작권 영상 제작 등 관련 분아에 대한 역량울 키우기 위해 꾸준히 노력함. 구성 원올 이골고 화합시키는 역량과 행정력  기획력이 풍부하다 정직하고 성실한 성품올 바탕으로 자신의 꿈을 위해 나 아가고 있어 향후 발전적인 모습이 무척 기대션.  --- Page 22 --- 학 교생활기 록 부 (대입전형용) 성 인적 사랑 주민등록번호 위 사람의 학교생활기록부 (대입전 형용) 사본임올 증명합니다. 2025년 11월 13일 0",11330,9,4,18,0.794351279788173,0.35304501323918797,1.588702559576346
202411431,3,2021,1,논리학,교양,쟁점이 되는 주장올 논리적으로 이해하고 글의 요지블 간결하 표현올 통해 요약할 수 있음. 서로 다른 논지의 글을 비교하여 두 논증의 공통점과 차이점올 찾아 두 논증올 구분할 수 있음,101,0,0,0,0.0,0.0,0.0
202411431,3,2021,2,논리학,교양,'성복동 비물기 ' 틀 위고 산업화에 따른 도시화의 문제점이라는 주제클 정확하게 파악함. 인간중심주의와 생 태중심주의의 관점을 논리적으로 비교하는 글을 작성함.,89,0,0,0,0.0,0.0,0.0
202411431,3,2021,1,연극의 이해,기타,연기자로서 유지길 및 무대공연올 위한 기초트레이님과 진학올 위한 체계적인 교육과정에 열심히 참여 함,55,0,0,2,0.0,0.0,36.36363636363636
202411431,3,2021,1,연극 감상과 비평,기타,연극작 품의 이해도가 높으 작품에 대한 자기 생각울 나열할 수 있음 연극감상과 비평의 특징울 부분적으로 설명할 수 있으머 희곡작품 분석시 유하원칙올 토대로 작성함.  --- Page 12 --- 정부24 과목 세 부 능력 및 특기사 항,131,1,0,0,7.633587786259541,0.0,0.0
202411431,3,2021,2,연극 감상과 비평,기타,무대장치 중심으로 감상하고 비핑문올 작성합 수 있음. 무대장치 기능을 무대 중심으로 설명할 수 있음. 무대의상의 기능에 대해 설명활 수 있으미 협력적으로 문제하 해결함.,94,1,0,1,10.638297872340425,0.0,10.638297872340425
202411431,3,2021,1,방송 관R즈 제작,기타,[능력단위: 프로그램 기획]공연 프로그램올 기획하고 구상한 짓율 발표할 수 있음. 집중력 있는 태 도로 수업에 임하면 연기 감정선이 풍부함. [능력단위: 프로그램 구성] 프로직트 여학수행에 참여도가 높고 자신의 생각올 적극적으로 표현함.,132,0,0,2,0.0,0.0,15.151515151515152
202411431,3,2021,2,방송 렌츠 제작,기타,[능력단위: 프로그램 기획] 공연제작 및 작품 연출에 있어 프로그램올 독창적으로 기획하고 설명활 수 있음: 기획서 작성올 꼼꼼히 연출하고 아이템 조사 및 자료 조사틀 구체적으로 작성함. [능력단위: 프로그램 구성] 집중력 앞게 연기하다 상황 연기름 표현하는데 순발력이 돈보임. 캐릭터 분석울 인물분석하에 맛 게 구상할 수 있음.,183,2,0,1,10.92896174863388,0.0,5.46448087431694
202411431,3,2021,1,무대연출,기타,"[능력단위: 공연텍스트 결정] 화술의 언어 표현에 있어서 섬세하게 표현할 수 있음. 공연 요소 구성에 필요 한 출연진올 선정하는 오디선 준비과정에 성실하게 참여합 . [능력단위: 연출계획 수립] 유지겉 '빨래'작 품에서 주인할매 역울 맡아 성실히 작품 창작 활동에 참여함, [능력단위: 공연 제반요소 구성] 배억올 맡아 표현하눈데 적극적이고 창의적인 아이디어로 불로컵울 할 수 있으머 안본체롭의 사실주의 연극에 관심이 많음 . 연기 춤 , 보킬올 위한 기초과정에 열심히 임학.",266,0,0,3,0.0,0.0,11.278195488721805
202411431,3,2021,2,무대연출,기타,"[능력단위: 공연텍스트 결정] 발음과 발성의 기초 훈련 단계률 꾸준히 연습하여 주어진 상황울 대사와 동선 활용하여 창의적으로 표현함. [능력단위: 언출계획 수립] 유지결과 인기과 진학올 위한 세부계획올 잘 설정하여 실행하고 있으머 우리음네 , 레베카 , 레미제 라불 , 낮꽃동산 등 다양하 작품들올 연습하여 발표함 [능력단위: 공연 제반요소 구성] 유지길 작품 빨래에서 주인할매 역할올 맡아 공연하없고 노역이지만 캐릭터 표현올 잘하없으 미 배우들간 호흡올 잘 맞춤 <진로 선택 과목> 성취도 성취도벌 교과 과목 단위수 원점수 / 과목평균 비고 (수강자수) 분포비율 과학 생활과 과학 100/90.3 A(11) A(81.8) B(18.2) C(0.0) 체육 체육 밤구 86/86. A(11) A(90.9) B(9.1) C(0.0) 과학 생활과 과학 86/80,9 A(11) A(63.6) B(36.4) C(0.0) 체육 체육 담구 94/84,6 A(11) A(90.9) B(9. 1) C(O. 0) 이수단위 합계 과목 세 부능력 및 특 기사 항 생활과 과학: 질병 , 의약품 , 위생 , 예방 접종 , 진단 , 치료 등과 관련된 과학 원리틀 조사하고 안내서률 제작해보는 환동에서 코로나19에 대한 질병 안내서률 제작함 . 질병의 감염 경로에 대한 상세한 분석올 통해 예방법올 강조하고 일상생활에서의 건 강 관리 방법올 정리하는 등 자료 분석 능력이 뛰어남. 코로나19와 관련된 영상을 감상한 후 그 안에 포함되어있는 논쟁거리름 찾아 토론해보는 과정에서 의료진   정치인 , 시민들 각각의 입장울 정리하고 개인주의블 지양해야 함울 주장하여 심리 사회적 요소에 흥미름 보임 사회적 이r가 되고 있는 과학 관련 기사을 통해 스포츠   음악 , 미술 , 사진 , 문화 등에 관련된 과학적 원리 및 개념올 조사하  --- Page 13 --- 정부24 과보 세 부 능력 및 특기 사 항 고 기사에 대한 자신의 생각올 적어보는 활동에서 자주 복용하는 제산제에 대한 관심을 가짐   제산제와 함께 복용하면 안되는 음식과 그 이유 및 자주 복용하면 발생할 수 있는 부작용올 조사하여 제산제는 치료 목적이 아난 통증 완화의 목적올 두고 복용해야 함을 알림 . 약의 성질과 복용 목적올 간과하고 상습적으로 복용하는 것' 지양해야 하머 약의 부작용에 대해 경각심 울 가질 필요가 있다고 주장하는 등 본인의 생각울 논리적으로 정리함.",1181,2,1,3,1.6934801016088061,0.8467400508044031,2.540220152413209
202411431,3,2021,2,체육 팀구,기타,"권종 사격의 기본자세가 안정적이고 정해진 사거리에서 앉아4 , 서서싸 사격 시 집중력 앞게 표적올 정화 히 맞추는 능력이 우수함. <체육 ` 예술> 학기 교과 과목 단위수 성취도 비고 이수단위 합계 세 부 능력 및 특기사 항 해당 사랑 없음 독서활동상황 학년 과목 또는 영역 독서 활동 상황 8. 행동특성 및 종합의견 하년 행 통 특 성 및 종 합 의 건 목소리가 맑고 발성이 좋으머 군더더기 없이 요점만 정확하게 전달하는 화법올 구사하여 대화블 할 때 상대방이 집 중하게 만드는 능력이 있음. 특히 교내 동아리 발표회블 위한 창작 묶지킬올 제작하는 과정에서 부원들 간의 의견 차 이틀 조율하기 위해 여러 차례 도의하는 자리블 마련하고 부원들이 스스로 타협점올 찾올 수 있도록 이끄는 모습이 인상적임. 1년 동안 본인의 진로블 위해 끊임없이 탄색하없으다 , 교내 진로 담색 프로그램인 희망학과 선배외의 만 남에서 영화학과와 연극학과 신배와의 질의응답 시간올 통해 배우라는 꿈을 확고히 함. 배우가 되기 위해서논 체력 과 발성법이 개선되어야함올 느끼고 아침마다 코어 강화 운동과 무용올 병행하고 발성 연습올 꾸준히 자질올 기름. 더불어 다양한 분아의 도서물 읽으며 인문학적 소양올 기르고  독서물 통해 본인의 자아블 탄색하고 가치관올 형성해가는 계기로 삼음. 배드부와 묶지킬부 활동올 하여 합주와 합창이라는 협동의 아름다움올 느끼고   본인의 진 로는 혼자가 아년 타인과의 협동올 통해 만들어지는 것임올 깨달음. 치열하 고민올 통해 진로물 설정한 만큼 지금처 하여  --- Page 14 --- 정부24 학년 행 동 특 성 및 종합 의 견 팀 꾸준히 노력올 한다면 연기로 사람들의 상처름 치유해주는 배우가 되리라 생각팀 심지가 군고 정이 맘고 의리가 있어 관계물 소중히 할 줄 알녀 친구물 깊이 사귀는 편임. 감수성이 풍부하고 자기주 관이 있으면 이해심이 맘고 성숙하여 다른 이의 사정울 잘 이해하고 공감함. 음악관런 진로가 뚜컷하여 열정올 갖고 긍정적으로 준비하고 있기에 많은 발전이 있율 것으로 기대션 노래와 연기물 할 때 가장 행복하고 자존감이 크기에 열심히 연습하고 폭넓은 안목울 갖고자 노력하다 . 특히 유지철 에 재능이 있어 놓아리 활동에 적극적임 . 다양한 진로에 대해 자원하여 체험한 후   실기에 집중하는 고3 유지걸 관련 위탁과정올 선택함 . 매일 늦은 시간까지 춤 , 노래 , 연기 연습올 하다 보니 온라인 학습 과제제 줄이 늦는 일이 있어 안타까움. 또한 자신올 성찰하는 태도록 지녀 용기 핑게 학급 홍보부장울 자원하없으다  책임감 핑게 매일 게시판과 부서별 청 소관리률 맡아 자신이 기여할 부분올 찾아서 기번게 해내려고 노력함. 학급행사시 즐겁게 참여할 뿐 아니라 부진한 부분올 개선하기 위해 직접 건의하고 실천하는 등 학급단합과 화목하 분위기 조성에 기여하는 주도적인 생활태도가 인상적임. 유쾌하고 활동적이다 에너지가 넘치는 학생으로 다른 사람과의 대화에서 순발력과 재치가 돈보이고 평범한 것보다 논 개성 있고 독특한 것올 선호함 . 성격이 밝고 쾌활하여 주변의 분위기블 환하게 만들어 주는 학생으로 매사에 긍정 적이다 어떤 일이듣지 매우 적극적으로 참여함 . 자신이 조금 힘들더라도 학급에 도움이 된다면 모든 일에 흔쾌히 참 여하는 따뜻한 마음을 가짐. 평소 자기관리블 잘하고 긍정적인 마인드로 학습함 . 연기 실습 준비뿐 아니라 실기시험 에 필요한 질의응답과 시험 준비물 철저히 하고 종은 점수들 받기 위해 노력합 . 연기 활동에 자신감올 보이미 자신이 세운 목표에 도달하기 위해 최선올 다함 . 연기에 대한 열정이 남다르다 매사 적극적임.  --- Page 15 --- 정부24 학교생활기 록 부 인적 사랑 - 위 사람의 학교생활기록부 사본임올 증명합니다 5년 2원 2이",1847,4,1,10,2.165674066053059,0.5414185165132648,5.414185165132647
202510782,1,2022,1,수학,수학,습관처럼 독서름 즐기고 독서클 통해 얇울 추구하다 지식울 쌓아가는 학생임 . 수학에서 용어의 중요성올 알고 기초 용어의 의미부터 예시까지 자세하게 알려주는 '세계 수학 결작선 (예드위드 사이너만) '울 읽음. 수렵이라는 용어에 관심 올 두고 수력의 정의틀 직관적으로 받아들이기 위해 노력학 . 또한 가품이 진품과 같아지기 위해 변화틀 무한히 반복하면 가품 이 진품과 같아진다는 자신만의 예률 만들어 수렵의 정의름 이해함 . '새빨간 거짓말 통계 (대륙 허프) '틀 잎고 통계 수치가 갖 눈 오류에 대해 알게 팀. 독서 과정에서 통계의 기초는 수학이지만 실제 내용은 과학이면서 예술이라고 한 저자의 의도물 파 악햇고 광고에 노출된 통계 수치의 신회 여부름 판단하고 신회합 수 없다면 이유가 무엇인지 찾아보는 후속 담구 계획은 수립,407,1,0,4,2.457002457002457,0.0,9.828009828009828
202510782,1,2022,2,수학,수학,"방징식 심화 담구 모든 활동에서 방징식올 2차원에서 3차원으로 표현한 것이 영화 속 CG라는 친구의 말을 듣  --- Page 7 --- 정부24 과목 세 부 능력 및 특기사 항 고 그 과정에 사용되는 미분방정식올 주제로 선정해 심화 담구름 실시함. 실수 해름 구하는 기존에 알단 방정식과 달리 도함 수 또는 이계도함수률 포함한 식울 만족시키는 미지 함수률 구하는 방정식으로 컴퓨터 그래픽 ,  기상 예측   감임병 확산 예측 등에 활용되올 담구함 . 영어: 일상생활과 관련된 다양하 지문올 임고 해석하는 활동에 끈기블 가지고 참여하는 학생으로 모르는 문제가 있올 때 스 스로 답을 찾아가머 친구들에계 알리주는 임무릎 수행하는 모습올 확인함 .  정보 기술과 관련된 영어 자료에 흥미름 느끼고 찾 아본 후 이률 친구들에게 소개하는 활동에서   메타버스 구추울 설명하는 온라인 영어 강연올 듣고 코로나로 인해 주목울 받는 메타버스와 건강한 메타버스 공간을 만들기 위한 세 가지 요소인 키유니티   기술 , 탈중심화틀 적절한 어휘블 활용하여 소개 함. 세 가지 요소름 설명하는 과정에서 pillars(기둥) 라는 단어름 메타버스라는 공간을 구축하는 중심 요소름 은유적으 로 뱃대이 표현하기 위해 사용하 것으로 보아 언어의 은유적 의미에 대해 이해하고 있음이 확인팀. UCC 제작 활동에서논 교 과서에서 동물 표현의 기원 에 대해 읽은 후 평소 자신이 좋아하면 초밥의 기원올 조사한 후 사진 자료틀 철부한 정보 제 공 놓영상으로 제작함 . 잡은 생선올 보존하는 방법 , 간토 지진이 초밥의 유행에 미친 영향 등 초밥이 인기률 얻게 된 경위에 대해 설명하면서 두 가지 이상의 다른 재료늘 올린 초밥이 만들어지지 않는 이유에 대한 궁금증올 드러내는 동영상을 제작함. 통합사회: '열심 현상이 주로 도시에서 발생하는 까닭은 무엇인가? ' 률 주제로 한 밤구 활동에서 , 도시는 아스팔트 도로와 큰 크리트 건물이 낮 동안 지상에 쌓인 열흘 흙수하여다가 밤에 조금씩 방출하기 때문에 기온이 쉽계 낮아지지 않으미   공장의 매연이나 자동차의 배기가스  냉난방 시설 등에서 방출하는 인공 열도 열심 현상에 영향울 주고 있다고 설명함.  독서 활동으 로는 '왜 세계의 절반은 굶주리는가? 틀 임고, 한 나라가 자급자죽올 할 만한 충분한 식량올 생산활 능력이 있어도   정의가 이 푹되지 않으면 아무 소용이 없다는 사실올 설명하고  공공의 인식 변화름 통해 우리가 모두 인간다운 삶을 살 수 있는 세상을 만들 수 있다고 자신의 주장울 확실하게 밝힘.",1247,2,3,4,1.6038492381716118,2.405773857257418,3.2076984763432237
202510782,1,2022,2,통합과학,과학,"자신이 흥미블 느낌 섬광단에 대하여 발표물 진행함 . 컴퓨터 게임올 하다가 섬광단의 원리와 특징이 궁금 하여 조사름 진행하엿다고 밝힘. 섬광단의 기능에 대하여 자세히 설명함 . 주재료름 충전제와 산화제로 나누어 설명함 . 주재 로물 설명하는 과정에서 학생의 화학적 지식이 드리남. 심광단의 원리에 대하여 자세히 설명함으로씨 학생늘의 이해물 도움 발표의 주제가 매우 참신하 없음 . 특히 다른 학생들의 집중도가 매우 높고 다른 발표에 비하여 질문의 수가 많앗논데 이는 학 생들이 많이 하는 게임과 관련된 것으로 생각되 . 자신의 발표에 집중시키기 위한 전락올 훌륭히 세운 것으로 보임. 과학담구실험 : 공공데이터의 의미름 이해하고 공공데이터 활용 사례로 직접 사용한 경험이 있는 공용자전기 정보 서비스름 소개함 . 해당 서비스는 GPS 위치 관제 데이터물 활용하여 사용자이 위치에 따른 자전거 정거장 위치 . 자전거 보유 현화 , 자 전거 도로 등에 대한 정보틀 제공한다고 설명함 . 사용자의 목적지에 따라 주변의 자전거 도로틀 추천하면 QR 코드로 빠르게 이용이 가능하다는 점은 긍정적으로 평가함. 정보: 사이버 괴롭힘의 폐해가 발생하지 암도록 하러면 어떻계 해야 할지 자신이 버러야 할 자세와 태도 , 지너야 할 자세와 태도록 정리하여 활동지에 작성함 . 인터넷 보호나라 사이트에 접속하여 사이내 공간을 안전하게 이용하기 위해 파망 . 스낌 스미싱 등의 사이버 범죄 대응 방안올 작성합 . 스프레드시트에서 임의 결재린올 그림으로 복사 기능올 사용하여 정확하게 그 러냉. AR 디지털 교과서 제작에 참이하이 정치와 법 교과서름 재구성하여 급우들에게 발표함. 한문 I : 계록올 활용한 자신만의 고사성어 책 만들기 활동에 참여하여 쭉와 #의 조합 원리큼 적고   용의 유의자름 설명하여 한자에 대한 이해률 도우며 책울 구성함. 유래 , 관련 뉴스 등올 찾고  성어의 의미 , 유사 속담 등올 서술하다  조조와의 가상 인터뷰틀 작성함. 계록의 상황올 나타내 문제틀 만들고  계록올 들고 고민에 빠진 조조의 모습올 한 컷의 만화로 표현함. '기 초름 튼튼히 하지 못하면 심계 무너질 거야 . 모래성처럼 무너지지 암게 기초름 튼튼히 하자'라미 사상누각을 이용하여 자신에  --- Page 8 --- 정부24 과목 세 부 능력 및 특기사 항 게 글을 쓰고 발표함. 코로나 장기화로 인한 VR 근렌즈 시장 급상승 관련 기사름 창고  기사에 사용된 주도 ,  명소  상위 등의 한자어의 의미블 유추하고 . 한자 사전 입의 정확한 의미와 비교해 본 후 설명함. 논어 위정편 15장의 내용올 파악하고 , 문장 에 담긴 사상을 이해하다 자신의 생각올 서술합. 학습과 복습 간의 조화의 필요성에 깨달고  개선해 나가아켓다고 이야기합. 코딩올 하면 반복 작업올 하여 특정 규칙올 찾아내는 AI와는 달리 인간의 뇌의 기억은 영원하지 않으므로 복습과 사고름 거 처야 하고   사고의 과정만 거치는 것은 위태롭기에 배움이 필요하다는 것울 알게 되없다고 함. <진로 선택 과목> 성취도 성취노별 학기 교과 과목 단위수 원점수 / 과목평균 (수강자수) 분포비율 기술 ' 가정 / 제2외국 인공지능 기초 78/84.1 B(155) A(76.8) B(22.6) C(O.6) 이 /한문 / 교양 기술 . 가정 / 제2외국 인공지능 기초 100/93.7 A(154) A(89.0) B(9.7) C(1 3) 어/한문 / 교양 이수단위 합계 과목 세 부 능력 및 특기사 항 인공지능 기초: 인공지능의 개념과 특성올 설명하는 활동에서 알파고루 예률 들어 심게 설명하는 모습이 인상적이없으미, 공지능의 특성으로 추론 능력 , 학습 능력, 빠른 문제 해결 능력올 쉽계 설명하여 학생들의 호응올 얻음. 인공지능이 개인의 삶과 사회름 어떻게 변화시키논지 담색하는 활동에서 , 개인 AI 비서 시대률 소개하다 소교 보조 로봇올 예로 들어 설명함. 메 타버스 게임올 구현하는 조별 활동에서 다양한 오브적트물 추가하다 설정하는 역할울 담당하엿고   게임에 재미블 부여하기 위한 아이디어름 제시함 . 반복적으로 테스트틀 하여 잘못되기나 부족한 부분올 수정 . 보완하면서 프로적트의 완성도름 높이 논 데 크게 기여함 .  기계학습의 개념울 이해하고 . 지도학습과 비지도학습의 차이률 비교하여 설명함. 주어진 데이터가 갖는 속성의 역할과 중요성올 이해하고 있으미, 문제 해걸에 필요한 데이터틀 선정하고 핵심 속성올 추출함으로씨 불록 코딩올 활 하여 보스템 주백가격올 예측하는 인공지능올 성공적으로 구현함 <체육 . 예술> 학기 교과 과목 단위수 성취도 체육 체육 예술 음악 예술 미술 체육 체육 ; 예술 음악 예술 미술 이수단위 합계  --- Page 9 --- 정부24 과목 세 부 능력 및 특기사 항 체육: 꾸준한 체력단런과 연습으로 체력이 향상되어 수업에서 진행되는 수행핑가에 자신감을 가지게 팀 . 또한 스포츠에 대한 즐거움올 느껴 열심히 참여함. 음악: 수업 시간에 학습한 내용올 잘 기억하다 교사의 질문에 어리움 없이 대답하는 복습이 철저한 학생임 바로크 시대부터 후기 낭만 시대의 서양 음악사의 흐름올 정확하게 이해하고 ,  30여 개의 불래식 명곡올 감상함. 불래식 실음 듣기 평가에서 대부분 곡을 듣고 작곡가와 곡명올 정확하게 적어 종은 성적올 거듭 . 그중 소극의 '혹건'에 대해 조사하고 보고서름 작성함 . 흑건 '이라는 제목이 붙은 이유률 조사하고 연주 영상울 직접 찾아보는 등 밤구 활동에 적극적인 모습올 보임. 또한 곡울 감상 한 후 빠른 댐포와 올아치는 분위기라는 점올 근기로 들어 만화에시 싸우는 장면에 '흑건'곡올 활용하면 좋올 것이라는 의견 올 제안함 . 가창 활동에서도 학생의 끼름 엿불 수 있있음. 학급 음악회에서 상송 '상엘리제' 틀 원어로 2절까지 완벽하게 불러 친구들에게 군 박수록 받음. 프랑스어률 직접 연구하고 정확한 발음울 위해 영상울 찾아보며 끊임없이 연습함. 그리고 공연 당일 자신감 D게 무대에 서서 원어로 노래하미 무대륙 즐기는 모습이 매우 인상적임. 미술: '화페 디자인' 활동에서 화페에 들어갈 이미지로 '소나무' 틀 소재로 선택하여 수채화 물감올 활용하여 나뭇잎올 사실감 앞기 표현함.  '수능 응원 캠리그래피' 제작 활동에서 '문제도 있지만 답도 있다'라는 구절올 선택하여 강조하고자 하는 단어름 크게 배치하고 킬리그래피의 조건에 맞취서 시각적으로 안정보 캠리그래피블 제작함 . '미래의 명향 제작하기' 활동에서 평소 자신이 관심이 있는 VR 분야 전문가의 모습올 흑백의 명암올 활용하여 작품올 제작함 . 명합 속에 있는 캐릭터 표현에서 '권 두어 트로엉' 형식울 빌러 라인으로만 표현햇지만 , 로봇과 VR 장비의 형태률 정확하게 표현함. '미래의 명함 제작하기' 활동 올 통해 미술 분야블 VR과 접목해 생각해보는 계기가 팀. VR 장비에 자유롭게 표현할 수 있는 미술 분야의 특성올 3차원 김 퓨터 그래되으로 구현할 때 나타날 수 있는 파급 효과에 대해서 정리하여 친구들 앞에서 발표함.",3410,5,4,8,1.466275659824047,1.1730205278592376,2.346041055718475
202510801,1,2022,1,영어,영어,"새학기블 맞아 자신올 소개하는 짧은 글을 형식에 맞게 영직한 뒤 친구늘 앞에서 발표함. 적절한 목표 언어 형 식과 어휘블 활용하여 이름_ 이름올 이용하 별칭 , 정직하고 재치있는 성격  취미 , 좋은 영어성적올 반기위한 목표와 계획올 표현하없음. 또한 자연스러운 발음과 억양과 크기  속도로 청중에게 내용올 확실하게 진달합 . 자기소개블 하기 위한 여러가 지 표현올 익엿으며   특히 성격올 나타내는 단어블 더 알아보고 싶어합 . 자기소개블 작성하면서 자신에 대해 돌아보는 계기 보 삼앉다고 피드배합 단원 정리활동 시 파드장올 맡아 팀원과 협력하여 주어진 문제늘올 해결합 . 활동올 통해 여러 단어와 표현   독해법올 익하으 며 , 특히 'with 목적어 전치사구 틀 활용하여 문장올 만늘출 앞.",389,2,0,1,5.141388174807197,0.0,2.5706940874035986
202510801,1,2022,2,영어,영어,"영어 listening 수업 시간 교사의 발문에 적극적으로 대답하다 활발한 수업 분위기블 조성하는 학생으로'제안 권유하기 '관련 주제름 다른 영어 대본올 연습하여 발표하는 역할극에서 상황에 맞는 몸짓과 표정으로 역할올 유창하고 정확 하게 수행하고 , 발화의 리듬 , 강세 ,  억양 등올 자연스럽게 구사하엿으다 5 ~6과 본문 임기에서 정확한 발음으로 유창하고 자 신감앗게 완성도 높은 문장 임기블 수행함.",227,0,0,0,0.0,0.0,0.0
202510801,1,2022,1,한국사,사회,"전근대 한국사의 흐름올 이해하고 우리 역사가 민족적 정체성올 바탕으로 지속적으로 발전히엿음올 알머 , 와 관련된 자료물 찾아 분석하는 활동올 수행함 . 병자호관올 전후한 시기 ,  명에 대한 의리보다 청과 화친올 맺어 나라물 지키 논 것이 옳다고 주장합 . 세도 정치블 주제로 외척 세력의 권력 장악 , 삼정의 문린 , 농민 봉기의 발생 등올 다른 역사신문올 작 성합. 흥신 대원군의 정책 중 세도 정치 타파가 왕권 강화물 도모한 긍정적 정책으로 평가하엿고 , 서양과는 통상 수교로 양요 틀 막고 빠르게 발전해야 햇다고 비판함.",295,1,0,1,3.389830508474576,0.0,3.389830508474576
202510801,1,2022,2,한국사,사회,"근현대 한국사의 주제 담구 서술형 활동지틀 정리하는 활동올 실시함. 무려올 앞세운 일본의 경복궁 점령과 내정 간섭에 맞서 자신이 동학 농민 봉기에 가담하여 일본 군과 맞서 치열한 전투름 벌없으나 우금치에서 패배하게 되없다는 내용과 살만한 세상에 대한 희망의 마음올 담은 가상일기블 작성하고 발표하여 호응올 얻음.  독도 소개, 독도가 우리 땅인 역 사적  지리적 , 국제법적  실효적 지배 증거와 독도블 지키기 위한 우리의 다양하 노력의 필요성 등올 다른 독도 홍보 물올 제 작함. 자신이 일제 강점기 민족 운동가엿다면 실력양성으로 장기 항전올 준비하자는 입장이없으리라 주장함 . 통합사회 : 시장경제 참여자 중 경제 활동올 활성화하는 소비자는 생산올 담당하는 기업가에 비해 상품에 대한 정확한 판단 능력과 기술직 조작에서 열등하 위치가 덜 수 있음올 지적하면서 기업의 과장광고와 허위광고 등의 피해블 줄이기 위해 각종 단체물 조직하는 것이 중요함올 인식하고 활동지블 완성하없음. 영국에서 시작한 소비자 협동조합의 사례블 예시로 늘어 소 비자의 구매력올 모아 유통 구조 개신 및 공동 구매 사업 등으로 진정한 소비자 주권올 실현하는 소비자 역할에 대해 자신의 의견올 강하게 주장하없음. 영화 아름다운 청년 진태일의 영상 학습올 통해 영화 속 주인공의 부당한 노동 현실올 알아보기 위해 근로기준법올 검색하여 제50조 근로시간올 근거로 비판적 사고력올 보여주는 활동에 참여합 . 노동자에게는 동등한 세 가지 권리가 주어저야 한다는 노동삼권 사행시블 작성하면서 노동과 인권의 중요성올 학습함 . 노동과 인권의 학습 내용올 종 합하여 가로세로 심자말 풀이블 완벽하게 완성합.",821,1,1,3,1.2180267965895248,1.2180267965895248,3.6540803897685747
202510801,1,2022,1,통합과학,과학,초진도체의 저항이 0이 되는 조건올 설명할 수 있으머 자기력올 이용하여 불제가 떠 있는 이유블 설명합. 궁금하거나 모르는 내용이 있으면 질문올 하는 호기심 많은 학생이머 교사의 질문에 대답하는 적극적으로 수업에 참여하는 학생임. 직업올 과학개넘으로 연결하는 활동에서 가수름 주제로 조사함. 가수가 서라운드 스피키블 사용하면 효과적으로 소 리블 전달할 수 있다는 것올 알고 서라운드 스피키의 원리블 제시함 . 서라운드 스피키의 원리블 파동의 특징과 간섭현상올 활 용하여 설명하다 강조하고 싶은 파동의 진쪽이 키저 효과적으로 전달할 수 있다고 제시함,305,1,0,2,3.278688524590164,0.0,6.557377049180328
202510801,1,2022,2,통합과학,과학,"핵산 단위체에 대한 관심이 높아 DNA 입체 모형 만들기에 도전함. 염기 결합 규칙에 따라 종이름 조립하 며 대형 구조물올 완성합 . 활동 보조 , 소감문 작성 등에 모범올 보임. 멸종위기종 후원 물품 기획 활동에서 국립생 물자원관 사이트블 통해 담비와 하늘다람쥐의 생태적 정보물 수집합 . 기존 후원 불품인 테라리움 세드의 장단점올 분석하여 하늘다람쥐 극세사 후드 담요블 디자인하고, 기획안올 발표함. 담요의 디테일한 * 본 증명서는 열람용이며, 법적 효력이 없습니다:  --- Page 10 --- 과목 세 부 능력 및 특기사 항 부분까지 설계하는 진지한 담구 자세가 돌보없으며   PPT틀 활용하여 하늘다람쥐에 대한 정보와 기획 과정올 소개하는데 정 성올 다함 과학담구실험 : 실험 전 준비물올 확인 후 자신만의 유의사항올 만늘어 모문원에게 전달해 안전의 중요성올 강조하다 자신만 의 방법올 만드는 창의직인 학생임 . 단진자 실험 중 히터가 켜저 있으면 기류의 변화가 생겨 오차가 발생한다고 생각하여 히 터늘 끄고 실험올 진행하는 사고력이 뛰어년 학생임   전자례인지에 비누블 농고 놀리면 부푸는 영상을 보고 부푸는 원리에 궁 금증올 느껴 비누블 불에 담근 시간과 전자례인지블 놀리는 시간올 독립변인으로 실험올 구상함 . 실험 전 물올 문인 비누가 덜 부풀어 오늘 것이라고 예상올 햇지만 실험 결과 불에 담긴 시간이 갈수록 더 부풀어 오르고 단면과 축감이 더 축축하다는 것을 관찰합 .  결과 해석에서 비누가 부푸는 원리블 비누 안의 온도가 증가하여 비누의 부피가 커지논 사늘의 법칙올 활용하여 학생 늘에게 설명함 . 실생활에서 이와 같은 현상은 도시가스계량기에서 볼 수 있다고 소개하다 계량기가 외부의 온도와 압력 에 영향올 받아 평창하기에 스마드 계량기로 교체되고 있음올 학생 들에게 이야기합. 발표 후 전자례인지블 놀리면 온도가 올 라가는 이유에 대한 질문올 물의 분자구조와 진자리인지의 마이크로파의 특성올 활용하여 학생늘에게 설명한 준비성이 철저 한 학생임. <진로 선택 과목> 성취도 성취도별 교과 과목 단위수 원점수 / 과목평균 비고 (수강자수) 분포비율 이수단위 합계 세 부 능력 및 특 기사 항 해당 사랑 없음 <체육 예술> 학기 교과 구 과목 단위수 성취도 비고 체육 예술 음 예술 미술 제육 예술 음악 예술 미술 이수단위 합계 세 부 능력 및 특 기사 항 체육: 운동 처방의 요소 및 원리에 대해 배우고 체형교정이라는 운동 목표물 세위 개별성의 원리에 근기한 스트레칭과 근력 운동 위주의 운동 계획올 작성합 . 배구의 기본 기능인 인디핸드 도스와 오버해드 도스의 자세에 대해 배우고 연습하는 과정에 참여합 . 배구 리그진의 경기 규칙과 방법올 이해하고 심판으로 참여하다 공정하게 판정올 내리기 위해 노력하없으며 선수로 * 본 증명서는 열람용이며, 법적 효력이 없습니다:  --- Page 11 --- 과목 세 부 능력 및 특기사 항 서 안정적으로 리시브할 뿐만 아니라 경기 진 먼저 상대에게 인사하는 경기 예절올 보여중. 또한 경기 중 팀원의 실수늘 격러 하고 팀원이 특점하엿올 때 누구보다 기뻐하고 즐거워하는 진정한 스포츠 퍼스심올 보여중 . 투핸드 숫의 자세와 백보드블 활 용하여 골밑 숫올 하는 방법에 대해 배우고 연습하여 목표릎 성취하는 모습이 보기 중앞음. 무릎 반동올 잘 이용하고 손끝의 방향이 정확해 자유투의 숲 성공물이 높음   자유투 후 지그재그 드리블 ,  레이업 숫 , 체스트 패스블 연결하여 기록으로 축정하 눈 농구 종합 기능 평가에서 종은 기록올 얻기 위해 연습 축정에 도전히 엿으며 완벽한 레이업 숫의 자세와 스템올 구사할 수 있음올 보여중 . 체육 수업에 항상 밝은모습으로 즐기면서 참여하는 학생임. 음악: 기본학습 태도가 바르게 형성되없으다 , 맡은 일올 성실하게 수행하는 태도가 동보임. 주요 3화음의 구성 원리블 잘 알 있으미 화음 기호로 바르게 나타) 수 있으며 , 주요 3화음올 이용하여 다양한 반주틀 만들어 노래에 맞추어 연주할 수 잎 미술: (인포그래관) 사회에 참여하는 미술의 하나로 지구 환경과 관련한 인포그래픽 작품올 제작하여 환경오염의 심각성올 알리고 변화블 유도하는 캠페인 활동올 힘. '바나나가 진옆병올 이기지 못하는 이유'틀 탄색하여 바나나의 번식과정이 꺾끗이 방식이고 이것은 바나나가 하나의 개체라는 것올 의미하여 진옆방에 취약하게 되다는 것과 인류의 입맛을 위해 생물의 다양 성울 무시하고 단일 품증올 길러 이러한 위기블 맞게 되없다는 사실올 알게 팀 . 이에 생물의 다양성의 중요성올 알리논 인포 그래픽 작품올 다양한 이미지와 텍스드틀 사용하여 제작하여 홍보하는 활동올 합 (미술 감상과 비평) 빵크시의 다규먼터리 영화 '선물 가게블 지나야 출구' 틀 감상한 후 현대 미술에 관한 자기 견해틀 발표하 논 활동에서   스드리드 아트에 관심올 가지고 담구하여 거리블 캠버스 삼아 자신의 생각올 표현 할 수 있다는 점이 매력적이 라고 발표합",2416,4,1,7,1.6556291390728477,0.4139072847682119,2.8973509933774837
202510808,1,2021,1,통합과학,과학,"'컴퓨터의 구성요소'라는 주제로 남구활동올 수행함. 컴퓨터의 주요 구성요소로 중앙처리장치와 기억장치 가 있으머 기억장치는 속도가 빠르지만 실행중에만 사용되는 주기억장치와 속도는 느리지만 영구저장능력올 가진 보조기억 장치로 구분되며 , 사용자가 컴퓨터와 상호작용 할 수 앞게 해주는 입출력장치가 있음올 조사 발표함. 추후 컴퓨터의 발전 역 사에 대해 담구하고자 하는 계획올 밝힘.",211,1,0,1,4.739336492890995,0.0,4.739336492890995
202510808,1,2021,2,통합과학,과학,"컴퓨터름 켜고 사용하기까지의 과정에서 실행되는 과정에 궁금증올 갖고, '컴퓨터의 작동 원리' 틀 주제로 팀구 수행함. 컴퓨터 구성 요소의 기능과 부팅과정올 조사 발표함. 이률 통해 컴퓨터률 곁 때 나는 소리는 전기가 송신되는 소리라는 것울 깨달음. 추후 컴퓨터름 구성하는 메모리의 구조와 운영 체제틀 담구하려는 계획올 밝힘. 과학밤구실험: '프로적트학습' 활동에서 착시 현상에 대해 담구함. MBL올 이용하여 운동량 보존에 대해 밤구함 . 운동랑의 정의에 대해 담구하없으미 , 실제 실험에서 오차가 발생한 정도와 이유에 대해 분석하는 등 분석적인 면모가 돕보임.  '주제담 구활동' 에서 신소재물 이용하 컴퓨터률 조사함. <진로 선택 과목> 성취도 성취도별 교과 과목 단위수 원접수 / 과목평균 비고 (수강자수) 분포비율 기술 . 가정 / 제2외국어 /한 프로그래망 82/78.2 A(267) A(52,4) B(32,2) C(15.4) 문 / 교양 기술 . 가정 / 제2외국어 /한 프로그래망 94/69. A(264) A(31.8) B(37.9) C(30. 3) 문 /교양 이수단위 합계 과목 세 부 능력 및 특기사 항 프로그래망: 프로그래망하기 위한 통합개발환경의 개념에 대해 배우고 여러 종류의 IDE 중 프로그램 입문지에게 적합한 de Y C++올 직접 설치해보고 파일올 생성하여 실행하는 방법울 학습함. 프로그래망에 대한 심화학습올 하기 위해 방과후학교 에서 아두이노반 (20 시간) 올 수강하고 , 자율 동아리에서 게임 개발 프로그램인 '유니티'에 대한 기초름 배우고 응용하여 게임 프로그램올 개발하는 활동올 함. 실시간 쌍방향 온라인 수업에 성실하게 참여함 . 알고리롬 표현 방법의 종류와 특징올 잘 알 고 이틀 활용하여 기본 프로그램올 작성활 수 있음. <체육 예술> 학기 교과 과부 단위수 성취도 비고 체육 체육 예술 음악 체유 체육 예술 미술  --- Page 8 --- 정부24 이수단위 합계 10 과목 세 부능력 및 특기사 항 체육: 운동 동작에 대한 이해가 빠로고 체력이 좋아 운동 기술과 전술음 습득하는 능력이 좋으며 축구에서 패널티키올 정화 하게 잘 차기 위한 방법에 대해 생각하고 여러 종류의 직울 연습하여 자신이 원하는 위치에 골을 넣울 수 있는 능력올 키움. 농구 경기에서 기본기의 중요성올 잘 알고 있어 드리블 연습에 열정적으로 참여하없고 양손올 활용하여 방향전환올 자유롭게 하며 우수한 능력올 보여p.  검노에 대한 이해노가 높고 관심이 많으미 집중력 , 인내심 , 상대에 대한 배려와 존중올 아는 인 성올 지니고 있음. 음악: 음악과 예술에 관심이 많은 학생으로 수업 시간 중 교사의 질문에 적극적으로 대답하는 모습올 보임. 올바른 자세와 호 흙   발성으로 악꾸의 특징과 본인의 개성올 풍부하게 살리 노래로 표현하는 능력이 뛰어나 교가 가창 평가에서 우수한 실력올 발휘함. 우불렉레률 연주할 때 음정과 연주법이 정확하고  곡의 특징과 분위기름 살려 자신감 핑게 표현하는 능력이 우수하 여 평가곡인 '도레미 승'올 칼립소 스트로크로 실수 없이 연주하다 노래까지 잘 해념 . 다양한 시대의 음악올 감상하다 각 시대 의 음악적 특징과 상황 , 배경올 파악하는 능력이 우수하이 비발디의 사계름 듣고 재치 있는 감상평올 작성하여 친구들 앞에서 당당하게 발표함 미술: 인물화의 특성올 파악하여 그 특징울 성실하게 표현하고자 노력함 . 풍경올 구드에 맞게 열심히 표현함. 서로 다른 명노 의 단계물 표현하려고 노력합.",1703,4,3,8,2.3487962419260127,1.7615971814445097,4.697592483852025
202510808,2,2022,1,기하,수학,"넥터의 내적과 게임 개발 활용 사례름 학생주도 기하 주제담구활동 보고서 주제로 정함. 넥터의 내적공식올 조 사하고 공부하다 플랍이어의 시야각에서 사용되는 개념, 오브적트의 명암 조절 , 오브적트가 어디로 텅겨나가느지 계산하는 반사넥터지 구하는 활용 사례름 조사하여 발표함. 게임개발 속에 쓰이는 백터의 외적 및 3차원에서의 활용에 대해서 더 조사 하고 싶다고 생각함. (2022.6.22.)",218,1,0,0,4.587155963302752,0.0,0.0
202510808,2,2022,2,기하,수학,"게임 속에서 활용된 넥터의 외직 개념과 활용 사례블 학생주도 주제밤구활동 보고서 주제로 정함 . 3차원 공간 에서 사용되는 외적에 대한 궁금증올 해결하고자 주제름 정함 . 백터의 외적의 개념 , 백터의 외적이 게임에서 활용되는 사례 물 조사하여 공부함. 조사물 하단 중 외적에 쓰이는 행력식에 대해서 더 공부하여 이해도물 높이고 싶다는 생각울 함. 인공지능 수학: 항상 수업시간에 적극적올 참여하는 학생으로 수학 실력-한 우수한 학생임. 인공지능의 강화학습에 많은 관 심올 가지고 있으머 다양한 인공지능 자료블 찾아보고 인공지능 학습 방법에 대하여 발표함 . 핸드포올 이용하여 인공지능올 만들어 보고 다양한 학습방법음 실습함 . 인공지능에 사용되는 다양한 수학 개념에 관심을 보이고 수업시간에 적극적으로 참 여하고 교과성적이 우수한 학생임.  --- Page 12 --- 정부24 과보 세 부 능력 및 특기 사 항",455,2,0,2,4.395604395604396,0.0,4.395604395604396
202510808,2,2022,1,음악 감상과 비평,예술,"적극적인 태도로 수업에 임하고 항상 웃는 얼굴로 발표에 참여하는 학생임 . 표전 국약 비평 시 동 양의 장단과 서양의 박자의 차이점올 잘 구분하고 국악의 장단이라는 주제물 가지고 자신의 주관적 해석으로 자유롭게 비평 함. 국악사에 대한 이해도가 높고 시나위 연주 비평 시 한배의 따른 형식이 장단에 따라 어떻게 바뀌논지름 중점으로 비평함, 르네상스 다성음악과 화성음악의 차이률 잘 구분하여 비평함. 오보에 악기에 유래와 종류 및 소리 나는 원리풀 파위포인트로 사용하여 이해하기 쉽게 설명하고 특히 소리의 원리블 과학적 접근으로 하여 설명함 . 가브리엘 오보에 작품 비평 발표 시 작 품의 탄생 배경올 중심으로 조사하고 오레스트라 연주의 라리넷 기능을 소개하면서 비평 발표함",376,1,0,2,2.6595744680851063,0.0,5.319148936170213
202510808,2,2022,2,음악 감상과 비평,예술,영화 음악 감상 비평 시 줄거리와 배경 음악의 상관 관계률 잘 구분하고 본인이 좋아하는 스타일의 음악 적용하는 창의적인 모습올 보여중. 오페라 수업 시   작품이 탄생된 배경올 잘 이해하고 특히 카르만 작품 비평 시 '진 정한 사랑이관? '주제률 가지고 자신이 생각하는 주관적 해석으로 잘 정리하여 비평 발표함.,174,0,0,0,0.0,0.0,0.0
202510808,2,2022,1,미술 감상과 비평,예술,"그리고자 하는 오브적트름 파악하여 형태와 구도름 안정감 체게 표현하없으다 , 사물이 가지는 고 유의 색감울 살려 표현함. 미술의 역사에 관심이 잇고  미술의 영역의 특징과 각 사조의 특성울 이해하고 있음",113,0,0,1,0.0,0.0,8.849557522123893
202510808,2,2022,2,미술 감상과 비평,예술,"평행두시도에 대해 이해하고 그 원리에 따라 실내투시도틀 정확하고 아름답게 제작하고자 노력올 다함. 유각투시도에 대한 설명올 열심히 들으다 2소점올 이용하여 쌓여 있는 불렉올 완벽하게 그림 수 있음. 사부시도에 대 한 내용올 파악하고 3소점올 이용하여 다양한 육면체블 사두시도의 원리에 맞게 정확하고 깨끗하게 제도함. 우리나라 미술의 특징올 이해하고 '검이불루 화이불치' 의 내용올 파악하면서 조선시대 궁권의 아름다음올 감상하고 다양한 우리나라의 미술 울 경험함. 프로그래망: 프로그래망 언어의 프로그램 개발 환경 및 특성에 따라 프로그램올 작성하고 실행하고 , 창의적으로 생각하는 능 력이 뛰어나머 , 스크래치루 이용하여 프로그래망하다 문제름 해결하고, 프로제트틀 설계하는 등 수업 참여도가 높음. <체육 예술> 학기 교과 과복 단위수 성취노 비고 체육 운동과 건강 체육 운동과 건강 이수단위 합계 과복 세 부 능력 및 특기 사 항 운동과 건강: 하이흘리어 과정에 대한 손목 활용 은 다소 부족하지만 경기름 즐길 줄 알아 신사도 정신이 우수하다 육상에서 최대한 저향력올 줄이고 뛰는 자세름 가지고 있음",560,0,0,3,0.0,0.0,5.357142857142857
202510808,3,2023,2,움합과학,기타,"교과서 주제발표시간에 유전자의 전달과 다양성 '올 설명함 스포츠 생활: 배구 수업에 적극적으로 참여하없으머 , P준한 연습올 통해 민섭성과 판단력올 향상시귀 . 개인 기능으로는 서 비스와 공격력에 열중하없으다 , 조별 연습에서 주도적인 역할로 팀원늘의 협력과 자신감울 갖게 하여 활기찬 수업 분위기률 이끌어 감. 꾸준한 운동올 통해 근력과 전신 지구력 등의 체력올 향상시키기 위해 노력학이 바람직함. 일본어 I : 가나와 한자가 포함된 긴 문장올 정확한 발음과 억양울 바르게 읽올 수 있으머, 두 가지 중 비교해서 선택하는 것 과 여러 종류 중 가장 좋은 것을 문고 선택하는 표현올 구분해서 말합 수 있음 2과 일본의 관광 명소와 관련하여 진행한 나만의 일본 여행 계획 세우기 활동에서 시간 계획과 활동별 비용 예산 계획이 매우 꼼꼼한 2박 3일의 도교 여행 계획올 만들어 친구들에게 소개함 <체육 ` 예술> 학기 교과 과목 단위수 성취도 비고  --- Page 16 --- 정부24 이수단위 합계 세 부능력 및 특기사 항 해당 사랑 없음 독서활동상황 학년 과목 또는 영역 독서 활동 상황 국어",556,3,0,3,5.39568345323741,0.0,5.39568345323741
202510818,1,2022,1,영어,영어,"책소개 카드뉴스만들기 활동 시 평소 본인이 즐거 읽엿년 공상과학 소설인 아이작 아시모프의 'I, robot'올 선 정하여 책의 줄거리블 명확하게 서술하없으다 책 속 로봇이 인간올 따르도록 설계하는 '로봇공학의 제3원칙'이라는 개념과 멀지 암은 미래에 인간이 마주하게 볼 로봇사회에 대한 우리와 본인의 의견올 영어로 유창하게 발표한 부분이 매우 인상적임. 또한 발표 시 작가의 다른 작품과 로봇과 관련 된 심화학습울 하여 추가적인 내용올 보탤으로서 뛰어난 메타인지적 사고능력 올 볼 수 있없음",274,0,0,0,0.0,0.0,0.0
202510818,1,2022,2,영어,영어,"평소 경청하여 수업올 듣는 모범적인 모습올 보이고  모퉁발표시 리더름 맡아 조원들의 발표파트름 정해주고 자신의 맡은 부분올 훌륭히 급우들에게 이해시켜 공동체역당과 의사소봉역량올 발휘함. 스티브잡스와 마크저커버그의 졸업 식 연설올 보고 '포기하리 햇년 자신의 굽에 다시한번 도전하자 '라는 영어에세이름 작성해 심미적 감성여량올 나타님 . 자발 적인 해식 발표로 친구들과 서로 해석에 대한 의견올 주고 받으면서 수업올 진행해 칭찬올 받음. 'Frozen' 올 시청한 뒤 모르 던 문법올 문어체와 구어체로 나누어 설명 문올 작성해 자기관리역량울 보여중. 한국사: 집중력이 뛰어나고 질문에 근 소리로 답하다 수업분위기름 밝게 만늘없고   역사글쓰기틀 하여 학습태도의 개선과 학 력향상올 위해 꾸준히 노력한 모습 속에서 앞으로의 발전이 더욱 기대되없음. 1학기 발표수업에서는 '조선시대 UFO'라는 주 제로 조선왕조실국의 기상현상과 비행물체에 대한 기록울 조사하여 광해군 때 기록된 양양, 고성 등에 나타난 기상현상울 폭 발형 유성이라는 취지로 발표하는 등 한국사에 대한 흥미와 적극성 및 역사적 기록올 직접 담구할 줄 아는 능동적인 자세틀 소유함 . 2학기 '문화통치의 실상'이관 주제로 담구학습올 진행하다 영화 '밀정' 올 시청하엿고, '1923 경성을 뒤혼든 사람들 ( 김농진) ' 올 읽엎으며  일본 경찰의 무자비함과 밀정 활동 등 이튿바 문화봉치의 실상에 대해 가상일기 형식올 포함한 생동감 있는 언어로 감상문올 작성하는 등 역사름 포함한 사회담구능력 향상올 위해 적극적인 태도름 보임.",776,1,0,7,1.288659793814433,0.0,9.02061855670103
202510818,1,2022,1,통합사회,사회,"한일 양국의 사형 제도에 대한 분석 활동올 행합. 이틀 통해 한일 양국의 불래 기업에 대한 고찰을 해보고 싶은 계기가 팀. 자율주행차의 문제점올 주제로 발표름 진행함 . 자율주행차로 인해 발생한 사고에 대해서  법적 , 운리적 , 경  --- Page 12 --- 과목 세 부 능력 및 특기사 항 제적문제틀 세분화하여 내용올 전달함 . 법적 해결책으로 독일이 '기술감독관' 올 법적 책임 주체로 정한 사례틀 참고하여 명문 화물 이뤄내야 함울 주장함. 또한 운리적 문제에 대해서논 사회적 합의률 농한 가치의 재정립이 필요하다고 강조함.",298,2,0,0,6.7114093959731544,0.0,0.0
202510818,1,2022,2,통합사회,사회,"일본 중등 공민 교과서 소단원 '에너지와 자원의 미래'틀 담독함. 이틀 통해 일본이 추진하는 또 다른 에너 지 화보름 위한 방법에 대해 궁금증올 가지게 된 계기가 팀 . 답러님과 AI에 대한 주제로 발표름 진행함. Novel AI가 가지는 사회적 문제하 저작권뿐만 아니라 추가적으로 창의성 문제도 제시한 점이 인상깊없음. 인간만이 할 수 있는 발상울 아직 구현 해내지 못 하는 점흘 지적하다 기계나 기술은 대체가 아난 병용의 형태가 되어야 함을 강조함. 통합과학: 목우가 내럿단 날의 기억올 떠올리다 기권 내 상호작용으로 전선이 형성되어 생물권에계까지 영향올 미칠 수 있다 눈 사실올 흥미롭게 학습함 . 지구시스템의 물질 순환과 관련하여 화석연료는 다른 형태로 바뀌어 결국 고갈월 수 있다는 사실 올 알고 순환 가능한 천연재로플 활용하여 에너지루 생산하는 방법에 대해 고민하는 모습올 보임. 풍력발전과 태양광 발전 및 핵발전의 장단점에 대해 담구 후 발표함 . 풍력발전은 이론적으로 무한하고 에너지 생성 중엔 오염 물질올 생성하지 않지만 설치 전후에 온실가스와 그 외의 해로운 것들이 유발되며   핵발전은 방사성 폐기 ,  원전사고 발생가능성이라는 치명적인 문제 볼 안고 있음올 그림자료늘 바탕으로 효과적으로 설명합 . 리듬이온배터리에 대해 담구함 . 리늄이온배터리의 산회환원반응올 통해 화학에너지름 전기에니지름 바꾸는 원리름 이해하고 , 한때 뉴스에서 방단 폭발사고의 원인은 외부의 물리적 충격 , 외부 단락 , 내부단락 . 과중전 등으로 생갈수 있다는 것울 설명함. 진화론의 일종인 핸디차 이론에 대해서 심화밤구하여 발표함. 다 원 진화롭과의 차이점   강조점 등에 대해 설명함 . 핸디차 이론의 대표직인 예시름 소개하다 심계 이해하도록 발표하는 모습 이 돌보임 과학담구실험: 담구 환동에서 복습하다 이해가 안 되는 부분을 교사와 친구에개 질문하고 피드백올 통해 완벽하기 이해하리 고 노력하는 학생으로 항상 성실한 모습으로 수업에 참여함 . 공콩 멸종의 원인과 관련된 자료의 규칙성울 발견한 뒤 결론울 도출하는 과정에서 귀난적 담구방법에 대해 이해하는 모습올 보임. 우리 주변에서 발견되는 천연 항생물질인 코코넷 오일, 프로플리스   자일리둘에 대해 조사한 결과루 모든원들과 공유하다 항생물질이 필요한 까닭에 대해 논의하는 등 과학적 의사 소봉능력올 높임. 현미경 조작 방법올 숙지하고 있으머 꼼광이 프레파라트물 관찰하는 실험에서 조동나사와 미동나사물 이용 해 초점올 정확히 맛주고 결과름 담구 환동지에 작성함 . 개미가 길을 찾는 수학적 원리에 관심을 가지미 프로적트 활동올 진 행함 . 개미가 태양의 위치률 확인하고 주변의 시각 정보 및 폐로본으로 먹이률 발견한다는 사실울 제시한 뒤 직접 변인올 설 정하여 개미의 이동 동선올 관찰한 결과틀 발표함. 개미들이 거리상 가장 빠른 길이 아니라 바닥의 재질올 고려하여 짧은 시 간이 걸리는 길을 찾아 움직인다는 결과루 영상을 이용해 설명하다 친구들의 근 호용올 얻는 등 자료 정리 및 발표 능력이 뭐 어난 모습올 보임. 진로와 직업: Be your 장점 찾기 (나의 장점 50개 찾기, 반 친구들이 찾아주는 장점) , 도덕성 . 자아존중감 , 다중지능검 사(제1 강점 대인관계지능  제2 강점 논리수학지능 ,  제3 강점 자기이해지능) , U&I 학습 유형김사 (학습행동유형 : 만족 /학습 성격유형 : 담구) , 커리어넷 진로 심리검사 (적성: 제1 순위 언어능력  제2 순위 창의력 , 제3 순위 음악능력 / 흥미 :제1 순위 담구 제2 순위 관습형 , 제3 순위 기업형) , MBTI 성격유형 검사 (ISTP, 백과사전형 / 논리적이고 뛰어난 상황 적응력올 가지고 있는 사람들) ,  세상에 나름 알리다 (스토리델림 / 내:일) , 진로 독서 (n분이 1의 함정 / 하이 사피라 저) 등의 자기 이해틀 위한 활 농 , 스승 멘토   진로 영화 Men of honor 등올 통한 인물밤색 활동 , 운동 (건강) 에 관련한 문화밤색 활동 등 다양한 진로 수 업 활동에 긍정적이고 자기 주도적으로 참여하여 진술한 자기 이해로 직성에 맞는 진로름 찾고자 하는 노력에 열정올 보임 특히 학과 체험으로 전자공학과 컴퓨터 정보학과에 대한 관심을 드러님. 일본어 I : 일본어에 대해 학습하고자 하는 의지가 있으미 힘든 허라가나름 외우려고 영상을 보미 노력하는 모습올 보임. 핸 드포 자판을 일분어로 바꾸어 종종 활용하기도 하고 단어률 외우면 한자로 찾아보기도 하여 허라가나에 익숙해 지고자 노력 함. <일본여행 계획 짜기> 활동올 통해 '사포로여행' 올 계획하다 즐거워햇고  상황별 여행일분어블 정리하면서 다소 부족햇던 일본어 학습에 대해 즐거움올 느낌 . 또  일본의 음식올 소개하는 동영상을 보고 새로운 단어들올 꼼꼼이 정리해 나감. 또한, sell.  --- Page 13 --- 과목 세 부 능력 및 특기사 항 우리나라 음식올 일본어로 소개하는 글을 작성하고 이틀 바탕으로 음식주문하기 대화문올 만들어 냄 . <일본 애니메이선 속 일상회화 찾기>수행평가에서 영화 '조조의 기요한 모험' 올 보고 자신이 좋아하는 문장울 찾아 스스로 의미풀 학습하는 등 종 아하는 분아에 있어서는 직극적인 자세름 '일분어로 인사하기 '활동에도 즐기운 마음으로 참여합 . 한문 [ : 언제나 어디서나 성실함과 꾸준함으로 승부클 거듭 학생으로 기억에 남음. 늘 수업 시간에 앞에 앉아서 누구보다 대 답을 성실히 하며  자기가 배운 내용올 깊이 핑게 사색하고 궁구할 줄 아는 학생이없음  한지루 배우는 과정에서 제자원리인 형성과 회의에 대한 설명올 듣고  잘 이해하여 다른 친구들에게 한자루 암기하는 방법적인 흑면올 제자원리률 적용하여 알려 주는 모습에서 남다른 재능올 엿볼 수 있없음. 평소 컴퓨터와 관련된 일에 대해 관심이 많아 , 수업 시간 본인의 활동올 마무 리 하고 나서 컴퓨터 관련 정보와 자료름 찾아보는 노력은 자주 엿불 수 있있음. 한문 문장음 이해하는 데에도 탁월하 능력올 선보없으다 , 주로 어범에 대한 이해도가 높앞고 . 다른 학생들에게 자기가 배운 내용올 잘 알려주어 책임감과 성실함올 엿볼 수 있는 학생이없음. 친구들의 어리움과 힘든 짐을 잘 파악하여 그 친구의 성향에 맛게 리드할 줄 알고 잘 배려해주는 학생으 로 기억에 남음. 한시와 관련된 활동올 하면서 친구들의 역할 분담올 잘 정해주는 등 리더적인 면모물 불 수 있없음. 철학: 인문학 독서로 바갈로레아 철학적 글쓰기 프로그램에 참여해 '인간관계문 (데일 카네기) ' 라는 책올 선택하여 사람을 다 무는 방법 , 사람들이 당신울 좋아하게 만드는 방법 , 사람들울 설득하는 방법 , 기분 상하게 하거나   적개심울 불러일으키지 암 고, 사람올 바꾸는 방법 , 결혼 생활올 행복하게 하는 방법들이 30가지가 넘계 기술되면서 상대방   중요한 사람이라는 생각올 들 수 있도록 하는 것이라고 이 책올 소개함. 이 책올 통해 남의 말울 잘 경청하여 상대방으로 하여금 어떻게 잘 소통하여 그 사람의 장점올 잘 이용해서 원할한 인간관계에서 오는 어려운 난제틀 해결할 수 있는 긍정적인 느낌올 받앗으며 한 순간에 이뤄질 수 없기에 끊임없는 반복과 되새 깊이 되없올 때 저자가 말하는 단계에 오름 수 있다는 생각을 하기 되있다고 소감을 발표함. 자신의 진로인 자연과학계열과 연관하여 인간관계에서 오는 여러 상태에 대한 과학적 인체의 변화 특히 뇌의 변화에 대해 관심을 가지게 되있다고 함 , <진로 선택 과목> 성취도 성취도별 하기 교과 과목 단위수 원점수 / 과복평균 비고 (수강자수) 분포비율 이수단위 합계 세 부능력 및 특기사 항 해당 사랑 없음 <체육 예술> 학기 교과 과목 단위수 성취도 비고 체육 체육 예술 음악 체육 체육 예술 음악 이수단위 합계 보임.  --- Page 14 --- 과목 세 부 능력 및 특기사 항 체육: 묵국하게 자신의 부족한 부분올 개인 연습으로 채위 경기할 때 자신의 실력올 충분히 발휘할 수 있도록 최선올 다해 노 력함 . 수업 중에 주변 친구들올 배려하는 모습이 인상적이다 , 효과적인 모든 상호작용이 되도록 노력함 . 근력과 순발력이 종 아 달리기와 지구력 운동이 뛰어나고  기본적인 체격과 체력이 우수하여 어떤 운동이든 잘 소화함 . 수업 중 부족한 부분이 잎 올 경우 인터넷올 통한 복습과 방과 후에 연습으로 우수한 성적올 올림. '플라엉디스크 얼티미트' 수입에서 게임 기능 항상 수 업에 재미루 느끼면서 자신 체력의 한계들 넘어 적극적으로 수업에 참여하는 모습이 인상적임. 또한 모든 경기 상황울 잘 이 해하고 '배구 경기 수행 능력 향상' 수업에 참여 게임에서 효율적이고 팀에 도움 되는 움직임올 보여중. 음악: 가창 활동에서 음정 , 박자 ,  발성이 대체로 정확하게 부르고 자신의 감정올 잘 살려 노래블 부름. 노래의 악상기호틀 살 리기 위해 최선을 다해 노력하는 모습음 보임 . 리듬과 탤로디에 대한 이해가 빠르고 악기름 이용하여 이름 표현하는 것에 뭐 어남. 음악에 대한 열정과 재능이 돕보임.  민족주의에 나타난 음악 사조와 특징올 이해함. 다양하 민족주의 음악울 듣고 작품 들의 특징올 찾아 노트에 정리함 .  신세계교향곡의 작곡 배경올 체계적으로 서술함 . 리듬 창작 활동에서 음표  심표  보표의 구성올 정확하게 이해함 . 여러 가지 박자의 변화에 따른 음표의 기준이 달라지는 것율 학습하고 창작 활동에 활용함 . 음악은 조화와 균형에 맞게 창안하는 것올 알고 부족한 부분은 스스로 담구하는 모습올 보임.",4624,6,3,12,1.2975778546712802,0.6487889273356401,2.5951557093425603
202510823,2,2023,1,기하,수학,건축 설계에 관심이 많은 학생으로 교과 담구 활동에서 '건축에 활용되는 이차곡선 ' 올 주제로 포물선올 활용하 아치 구조   지반이 불안정한 곳에 고층 건물올 세율 때 환용되는 쌍곡선의 원리큼 조사하고 각각의 건축물 예시률 찾아 보고 서물 작성함. 이 과정에서 이차곡선올 활용하 건축물의 장단점에 대해 생각해 보대 이차곡선의 성질에 대해 너 깊이 이해하게 되없다는 소감을 밝힘 . 각 단원올 학습한 후 포트플리오틀 작성해 보미 자신의 학습올 스스로 짐검하여 부족한 부분올 파악 하고 그 부분올 보완하기 위해 노력하는 모습올 보임,295,1,0,3,3.389830508474576,0.0,10.169491525423728
202510823,2,2023,2,기하,수학,"매시간 성실한 자세로 포트풀리오클 완성함 . 개넘이 잘 정립되어 있어 여러 공식과 정리들올 스스로 유도함. 공간 도형올 학습하는 과정에서 3차원의 문제름 2차원으로 단순화하기나 이름 다시 3차원으로 구현해 내는 것에 관심을 보 이미 공학도구로 3차원 입체도형올 팀색함. 적극적으로 문제풀이 활동에 참여하다 마무리 활동으로 관련 문제물 제시하고 깔 꼼히게 해결합 . 교과담구활동에서 다양한 3차원 프린딩 기술과 방식올 조사하고 레이어블 사용한 기술에 대해 심도 앞게 정 리한 보고서름 작성함 . 비드맵과 넥터이미지름 추가로 조사하여 제출하는 등 정보처리능력이 돈보임 2025년 11원 13일 13/21  --- Page 14 --- 정부24 과목 세 부 능력 및 특기사 항 미술 창작: 폐나키스토스코프 애니메이선 제작에서 범고래가 물 위로 점프하는 모습올 12컷의 화면에 효과적으로 표현하여 움직임올 나타님 . 인물 소개 자료 꾸미기 활동에서 소개 인물올 직접 그려 화면올 구성하없고 그의 데부작과 최근 노래물 인 물이 직접 소개해 주는 형식으로 소개 자료틀 구성하여 제작함 . 핸드포 테이스 디자인 활동에서 범고래가 바닷속에서 자유롭 게 움직이는 모습올 표현하여 청량감이 느껴지는 작품올 제작함 . 다양한 색상의 활용이 돈보이는 작품O 제작함. 이모티큰 제작에서 범고래가 담요들 두르고 있는 모습올 캐릭터로 창작해서 표정과 동작의 변화글 주어 다양한 감정이 전달 되도록 이 모티근올 제작함 . 여러 가지 표현기법 활동에서 일리오스 마을 풍경올 스크래치로 표현하여 사실적으로 섬세하게 묘사한 작 품율 제작함 . 캠리그래피 표현에서는 '고통 없이 얻는 것은 없다'라는 글귀출 표현해 힘는 시기률 잘 이거내고 노력하다면 스 스로 바라는 결과가 올 기라 믿으미 자신에게 하고 싶은 말올 나타내고자 햇다고 작품에 관해 설명함 . 다양한 현상에 대한 지 각을 통해 자신의 느낌과 생각을 이해하고 표현하다 미적 경험은 통해 완성도 높은 작품올 만들어 냄. 프로그래망: 코덩에 대해 어려운 문제가 있으면 친구와 협력하여 최적의 해결 방법올 찾는 것' 즐거함 . 상수와 변수의 차이, 자료형 , 연산자 , 조건문   반복문에 대해 학습함 . 입출력문 , 배열 , 포인터 ,  함수률 이해하고 있어 이률 활용하여 프로그램올 작성활 수 있음. 배열올 학습하면서 규칙성이 중요함올 학습함 . 직접 작성한 프로그램의 논리적 오류와 문법적 오류블 찾아 고치면서 문제해곁 능력올 기름. 3명의 성적올 입력받아 배열에 저장한 후 저장된 값들올 순서대로 읽어서 총합과 평균을 구 하는 프로그램울 작성해 봄. 포인터률 이용하여 프로그램올 작성하고 디버강해 보면서 논리적 사고력이 향상팀 . 가위 , 바위 보 프로적트틀 계획해 보면서 생각하는 힘을 기름 . 구구단 프로그램올 여러 가지 방법으로 해결함으로씨 창의력올 향상시귀 프로그램이 실행되지 않아도 포기하지 암고 계속하는 과정에서 인내심과 끈기률 기름 . 넥데이터 , 머신러님   답러낭에 대해 담구해 봄 . 소프트웨어 생명 주기 모형인 폭포수 모형   프로토나입 모형 나신형 모형에 대해 비교 설명할 수 있음. 원근감이 있는 리듬 게임올 제작하여 학생들 앞에서 발표함. <체육 예술> 학기 교과 과목 단위수 성취도 체육 운동과 건강 체육 운동과 건강 이수단위 합계 과목 세 부능력 및 특기사 항 운동과 긴강: 평소 차분하다 말수가 많지는 않지만 체육시간에는 누구보다 적극적이고 활발한 자세로 임하는 모습이 매우 보 기 종은 학생임. 여리 농료들과도 잘 어울리다 상대방에 대한 이해심이 깊고 배려심이 좋아 교우관계 또한 종음. 특히 단체경 기나 반 대항 배구경기에 있어서도 항상 참석하여 현동심올 발휘하여 자신보다 상대방울 먼저 배러하려는 마음이 깊으면, 자 신의 기향울 마음껏 펼치다 활동하는 모습이 매우 인상적이고 돈보이는 학생임. 또한 혹시라도 운동능력에서 부족한 부분이 있으면 본인이 빨리 파악하여 극복하려는 모습이 멋있음. [3하년] 원점수 / 과목평균 성취도 학기 교과 과복 단위수 석차능급 (표준편차) (수강자수) 국어 화법과 작문 87/63.0(24.3) (218) 수학 미적분 88/74,1(18.3) (88) 2025년 11원 13일 14/21  --- Page 15 --- 정부24 원점수 / 과목평균 성취도 학기 교과 과목 단위수 석차등급 (표준편차) (수강자수) 수학 확물과 통계 87/59.5(24,.0) (267) 영어 영어 독해와 작문 94/52.0(25,6) (274) 기술 . 가정 / 제2외국 환경 어 /한문 / 교양 국어 '화법과 작문 74/48.4(25.0) (218) 수학 미적분 68/50.8(20.3) (88) 수학 확물과 통계 75/46.1(20.9) (267) 영어 영어 독해와 작문 68/46.8(21.9) (274) 기술 . 가정 / 제2외국 환경 어 /한눈 / 교양 이수단위 합계 26 과목 세 부 능력 및 특기사 항 화법과 작문: '왜 인공지능이 문제일까? (조성배) '틀 임고 '인공지능과 운리   법'이라는 주제로 작문 맥락 고려 및 타당한 논거 풀 수집하여 비평문올 작성하고 발표함. 소프트웨어 관련 분아물 희망하는 학생으로서 강한 인공지능과 약한 인공지능의 개 넘울 조사하고 인공지능 사회에서 법 , 운리적으로 문제가 팀 수 잇는 상황울 찾아 제시함 . 특히 인공지능 첫붓이 출시되자마 자 16시간 만에 중단되없년 사례와 자율 주행차의 운리적 달레마름 조리 앞게 설명함으로써 학생들에게 좋은 반응올 얻음 인공지능 개발에 앞서 인권 , 책임 , 투명성올 신경 씨야 함울 강조하고 인공지능이 운리적 판단의 주제가 되지 암도록 조심해 야 한다는 성숙한 결론올 도출한 것이 인상 깊음. 벽화 마을 조성올 주제로 한 시사 비평에서 두어리스터피켜이선 현상   지역 주민들 간의 내부 갈등 등올 근거로 하여 조성 과정에서 발생할 수 있는 문제점과 한계에 대해서 철저히 분석함. 미적분: 가상현실 전문가름 희망하는 학생으로서 가상현실의 기술이 활용되는 사례름 관심 주제로 정하여 낚구 보고서름 작 성함 . 3D 게임에서 활용되는 투사체는 기하의 넥터 개념울 사용하여 투사체의 속력과 방향울 나타별 수 있고, 사인함수와 코 사인 함수의 합성으로 투사체의 이동 거리름 계산할 수 있다는 내용올 담구해 냄. 유체들의 부피름 구하는 데에 부분적분법 치환적분법이 활용되올 추가로 탄색함 본인의 흥미와 진로 직합성이 높은 자료인 '데이터 사이언스에서 미분은 왜 필요함까? ' 틀 얇고  데이터 사이언스에서의 미분 올 주제로 삼아 모델과 오차함수에 관해 담구하여 서평 쓰기 활동에 참여함 . 데이터 사이언스름 활용하여 미래의 예측도름 높 이는 최적화 모델올 나타내는 오차함수의 기울기가 0이 되도록 하면 , 효율적으로 데이터블 사용할 수 있다는 결론울 끌어님. 가상현실 내에서 움직임올 예측하기 어려운 물 , 불 , 연기와 같은 액체 , 기체와 같은 물질의 움직임올 자연스럽계 구사하기 위해서 모델과 오차함수의 필요성올 밝힘. 확출과 통계 : 바른 자세로 앉아 수업올 귀 기울여 듣는 학생으로 문제 풀이 발표에 적극적으로 참여함. 같은 것이 있는 순열 울 활용하는 서술형 문항 풀이 시 문제 해결의 핵심 포인트물 잘 파악하여 나율 수 있는 모든 경우의 수물 빠짐없이 구함. 최 단거리의 경우의 수   중복조합올 이용하 방정식의 정수해 개수   독립 시행의 확출 , 조건부 확출음 구하는 다양한 문제름 풀 수 있음  이항 정리률 이용하여 이항계수의 성질올 논리적으로 증명함 . 구체적 상황울 활용하여 이산화물변수가 포함된 문제 틀 만들고  확물분포표블 이용하여 평균 . 분산 ,  확물올 구할 수 있음. 수학 독서와 담구 수행평가에서 '통계학 , 넥데이터블 잡 다'틀 읽음. 다양한 분아에 환용되는 통계학에 대해 알고 넥데이터 , 머신러님 , 통계학의 유기적 관계가 중요함올 활동지에 기 목함 . 수학 진로와 밤구 수행평가에서 '넥데이터와 확출과 놓계 '에 대해 조사함 . 인터넷 쇼핑 시 경험하는 온라인 상품 추천 2025년 11원 13일 15/21  --- Page 16 --- 정부24 과목 세 부 능력 및 특기사 항 이 넥데이터에 기반한 알고리금에 의해 선별되미 사망 예측 시스템이라는 것도 환자의 병력 , 가족력 , 진료기록 등 방대한 박 데이터률 분석해 환자의 생존 가능성울 예측하는데 , 그 바탕에 확물과 농계가 활용되다는 점울 알게 되없다는 소감울 남김. 영어 독해와 작문: 프랑스의 극작가이자 영화 제작자인 마르실 파늘(Marcel Pagnol)의 일대기름 다른 글을 위고 문장에 대 한 철저한 분석과 내용의 효과적 전달에 대한 고민   노력올 봉해 발표 자료물 준비하고 일일 맨도가 되어 수업올 진행함 . 발 표름 통해 문법적 규칙들올 상세히 설명하고   미리 준비한 PPT와 함께 본인의 수업올 차분히 진행함 .  민감하고 특이한 주제 풀 다른 책울 사전에 검열하여 청소년올 보호하려 햇년 미국에서 일어난 책 김열과 관련된 글울 잎고 다양한 학습 활동에 참 여합 . 기사을 요약하고 책 검열에 반대하는 본인의 입장올 논리적으로 잘 피력함 . 본인의 관심사와 부합하는 주제틀 신택해 한 편의 글로 완성하는 글쓰기 활동에 참여하여 데이터와 알고리증의 관계름 담구함 . 각각의 개념을 설명하기 위해 관계사름 활용하고 가정법 , 분사구분 등의 다양한 언어 형식울 이용하여 넥데이터의 역할울 설명하는 등 주어진 조건올 충족시키다 글 올 완성함 환경: 기후변화로 인한 재난에 대한 영상울 시청한 후 생태적 전환에 관해 담구함. 경제 성장에 대한 자각은 있으나 환경이 무너지고 있다는 자각이 없는 일부 사람을 비판하다 , 자인과 더불어 살아가는 사회름 주구하는 내용올 활동지에 작성함 , 지 구예서 일어난 대멸종 사건울 남구한 후 현실 상황과 비교하는 활동에서 지층에 쌓인 성분올 파악한 후 기후 변화률 이해하는 모습올 보이미  플라스틱이 쌍인 현 지층 상황울 비판한 후 개개인부터 일회용품 사용흘 줄여야 함율 주장함 .  생태계와 사회 체계 사이의 복잡하고 역동적인 상호 작용의 결과로 환경이 형성되고 변화 과정올 남구함. 환경 변화의 이해률 바탕으로 환 경 문제의 예방 및 해결 방안올 분석함. 노 플라스틱 챔런지에 참여함. 생태 중심적 환경관과 인간 중심적 환경관에 대해 알 아본 후 인간 중심적 환경관을 지지하다 그 이유름 인간이 자원올 독점햇기 때문에 빠른 속도로 발전해 편안한 생활올 누덧기 때문이라고 밝힘. 적정기술에 대한 영상울 시청한 후 적정기술울 손풍기로 비유함. 그 이유률 용도와 쓸보에 맞게 변화켓기 때문이라고 밝히다 , 누구나 사용할 수 있는 적정기술이 소수 집단만 누리는 청단기술보다 더 중요한 기술이라는 결론올 도출 함 통계의 역사적 유래와 용도 , 종류 , 나타날 수 있는 오류 등에 대하여 알 수 있는 학교 자율과정 '데이터의 거짓말'에 참여하여 그래프와 지도 등의 시각적인 자료물 통한 결과에서 가져울 수 있는 해석의 오류물 알게 되없다고 밝힘. 모든 활동울 통해 세계적인 컴퓨터 관련 대기업에서 인공지능올 사용하는 과정에서 백인 우월주의 등의 편향된 데이터틀 입력하여 부직절한 곁 과물이 나온 것을 보미 데이터의 중요성올 깨달앉다고 밝힘 학교 자율과정 '미래블 준비하는 공존의 삶' 수업에 참여함. 로봇 및 인공지능에 의해 사라지거나 , 새로 생긴 직업올 담구한 후 , 로봇과 인공지능으로 대체별 수 없는 미래에 필요한 여량울 주제로 팀원과 함께 자료름 수집하고   결과물올 제작 및 발표 '인류의 99퍼센트는 로봇에게 일자리풀 빼앗긴 후 프레카리아트가 된다 '라는 영상울 본 후 엉상의 내용과 프레카리아트 라는 용어름 활동지에 정리함 . 인공지능에 대한 철저한 이해틀 바탕으로 로봇과 인공지능으로 대체월 수 업는 인간의 역량울 찾아 미래름 예측하고 대비해야 한다는 소감문올 작성함. <진로 선택 과목> 성취도 성취도별 학기 교과 과목 단위수 원점수 / 과목평균 (수강자수) 분포비율 사회 (역사 / 도디포함) 사회 과제 연구 85/78.8 A(99) A(59.6) B(22.2) C(18.2) 과학 물리학 I 65/62.6 B(51) A(17.6) B(27.5) C(54 과학 화학 I 78/80.8 B(6o) A(51.7) B(48.3) C(O.0) 과학 물리학 실험 92/74,6 A(54) A(55,.6) B(27.8) C(16 7) 2025년 11원 13일 16/21  --- Page 17 --- 정부24 성취도 성취도별 학기 교과 과목 단위수 원점수 / 과목평균 (수강자수) 분포비율 과학 화학 실험 96/80,4 A(58) A(70.7) B(172) C(12. 1) 체육 스포츠 생활 81/71.7 A(279) A(39.1) B(32.3) C(28.7) 기술 . 가정 / 제2외국 인공지능 기초 74/70. 5 B(93) A(38.7) B(38.7) C(22.6) 어/한분 / 교양 사회 (역사 / 도덕포함) 과제 연구 53/49.5 (99) A(16.2) B(8 1) C(75.8) 과학 물리학 I 70/67.3 B(51) A(27.5) B(37.3) C(35. 3) 과학 회학 I 88/79.5 A(60) A(51.7) B(48.3) C(O.0) 과학 물리학 실험 68/48,1 B(54) A(16.7) B(5, 6) C(77.8) 과학 화학 실험 48/48.2 C(58) A(10. 3) B(8.6) C(81.0) 체육 스포츠 생활 78/66.0 B(279) A(24,0) B(39.4) C(36.6) 기술 . 가정 / 제2외국 인공지능 기초 44/52,1 C(93) A(16.1) B(18. 3) C(65.6) 어 /한문 / 교양 이수단위 합계 과목 세 부 능력 및 특기 사 항 사회 과제 연구: 정보화 시대 도래로 디지털 격차가 심화하므로 빠른 대책올 세워야 한다는 논지의 보고서클 작성함 . 기사을 근거로 디지털 걱차가 점점 벌어지는 배경올 설명하고 , 이에 따라 사람들이 겪는 어려움올 사례와 수치름 사용하여 독자의 이 해물 높임. 해결 방안으로 지역사회 차원의 체계볕만 아니라 사물 인터넷 등올 활용하는 방법처럼 자신의 관심 분야인 기술울 환용하이 해결하는 방법을 제시함 . '로봇시대 인간의 일(구본권) '올 읽고  자동화 시대가 도래하면서 변화하는 인간의 삶을 중심으로 서평올 작성함 . 과거에 실시된 최소한의 노동인 고용이라는 법울 통해 문제출 해결할 수 있다고 하는 모습올 보앞올 때 기시적 관점으로 사안을 보는 능력이 있다고 보임. 독서 후 인간이 갖취야 할 능력에 대해 돌아보며 감성의 중요성과 여 러 분아에 대하여 포관적으로 학습하는 것이 중요하다고 서술한 내용올 통해 높은 통찰력올 갖츰. 물리학 I : 미래사회담구 프로적트에서 홀로 타일 기술에 대해 조사하고 보고서클 작성 , 발표함 우연히 영상에서 훈로 타일 올 보고 가상 현실의 단점인 공간의 제약올 어떻게 해결한 것인지 궁금해 조사하게 되없다는 이유률 밝힘 . 홀로 타일은 최근 발표한 신기술로 사용자가 공유, 또는 개별 가상 현실 경험에 볼입할 수 있으머 공간에서 충돌하지 암고 어느 방항으로든   무 제한으로 걸을 수 있는 기술이라고 소개함. 트레드밀 원리큼 오직 바닥에만 적용하이 허리와 벽에서 보조하는 장치 없이 움직 임울 자유롭게 부여하다 , 모둘식 바닥울 설치하여 한 곳에서만 경험할 수 엿는 게 아니라 이동식으로 사용할 수 잇고, 360도 회전하는 타일에 압력 센서률 적용하이 사람의 무게나 운동 능력올 파악하여 압력올 전기 신호로 변환하고 스위칭 출럭올 업 눈 원리라고 자세히 설명함. 홀로 타일은 가상 현실에 사용되어 공간의 제약올 없액 수 있으머 무대 장치나 영상 연출에도 호 울직적으로 사용월 수 있어 적용 범위가 대단히 넓올 것이라고 소개합 . 홀로 타일 기술은 엄청난 기술이 아니라 현재 사용하고 있는 기술음 연계하고 복합적으로 심화 활용한 것이라는 것을 알계 되어 지금의 기술음 자세히 알고 있는 것이 중요하다는 소 감울 발표함. 화학 I : 주제 팀구 활동에서 넘러님올 동한 분자구조에 대해 논리적으로 보고서률 작성함 .  유기 발광다이오드의 정의와 님리 낭, 분자구조의 관계에 대해 학습함 . 또한 실제 대기업에서 분자구조와 물성 정보가 축적된 데이터베이스블 기반으로 구조와 물성 간의 관계식올 찾는 덥러님 모형올 구축하는 과정과 그에 따른 예측하는 프로그램올 짜는 과정올 담구하고 소개함. 농 2025년 11원 13일 17/21 사회  --- Page 18 --- 정부24 과목 세 부 능력 및 특기사 항 도의 전환에서 퍼센트 농도름 몰농도 및 몰발농도로 전환하는 이론과 실험 방법올 숙지하고 수산화나트롬 수용액 1 몰걀 농 도와 35퍼센트 염산율 가지고 0. 1 물농도 만들기에서 용질의 양울 정확하게 계산 및 정량하고 실험 기구률 원만하게 다무고 제조함 . 임비엘 키드틀 이용하여 훈열 반응 실험에서 시트르산과 단산수소나트룹 반응시키 온도센서로 양울 일정하게 증가시 키미 반응 시 온도 감소울올 그래프로 정화하게 분석하고 산과 염기 반응이 흉열반용도 있다는 사실과 화학반용식울 정확하 게 이해하고 설명하없으며 강산 (엄산) 과 강염기 (수산화나트름) 의 중화 반응 실험올 추가 실시하는 열정과 호기심이 강한 학 생임 물리학 실험: 주제별 실험 설계 및 자료수집 과정에서 발생할 수 있는 오차의 원인올 줄이기 위해 신중한 자세로 실험에 임 함. 축정된 자료름 표와 그래프로 한 눈에 알아보기 심계 정리하고 즉정값 사이의 관계름 명화하게 분석함 . 실험감과 이론값 울 비교하여 오차의 원인올 논리적으로 분석하고 해석함 . 마이크로미터 , 버니어캠니퍼스   전자저울 , 멀티테스터 등올 이용하 기본 물리량의 즉정 활동  감각기관에 따른 사람 손의 반응속도 축정 , 뉴단의 운동 법칙 분석 ,  원운동 분석 , 용수철 진자의 주기 및 역학적에너지 보존 등의 다양한 실험올 하는 동안은 물론 결론 도출 과정에 이르기까지 분업 및 힘업올 이끌어 성공 직인 결과블 도출함 . 실험올 하는 동안 학생의 과학적 통찰력으로 실험올 설계하고 주도하다 실험감올 인위직으로 조작하지 않은 상태로 오차의 원인은 찾고 올바른 결과름 얻어님. 주제 발표 활동에서 '양자 컴퓨팅'올 주제로 양자컴 퓨터의 정보처리 방식울 남구하고 양자컴퓨터가 빠르게 정보처리블 처리하는 원리 및 양자컴퓨터의 활용성에 대해 상세히 급우들에게 발표하 여 근 호응올 받음. 늘 성실한 태도로 수업에 적극 참여하고 꾸준히 노력하고 있어 더 맘은 발전이 기대뭐. 화학 실험 : 학생주도적 실험에서 할로제의 반응성올 주제로 한 실험올 맡아 조원과 함께  진행합. 관련 이혼과 발표 준비 및 급우들이 실험올 함께 해 볼 수 있도록 구성함 . 실험 과정에서 각 조에서 원활히 실험올 진행하노록 지원하는 역할울 수행함, 실험올 시작할 때 주의가 집중되게 알컷으며 , 실험 목적과 배경 이론으로 주기율표루 소개하다 할로젠 왼소트 인지시김. 특 히 이론적 배경으로 함로젠 즉의 특성과 반응올 관찰하면서 다루어야 할 화학반응식올 적절히 소개함. 실험준비가 매우 꼼꼼 히 잘 이루어진 점이 매우 돌보이미 이름 위한 노력이 짐작씩. 각 조에서 질문하는 사항울 모두 답변하는 모습올 통해 충실히 원리블 이해하엿고 실험과정올 숙지하고 있음올 알 수 있음. 4명인 조와 비교해 볼 때 둘이서 준비와 실험올 해나가는 데에 도 부족함이 보이지 않울 만큼 완성도가 높음. 용액의 양울 줄이는 등의 교사의 요구사항 및 제안이 있있는데 이에 대해 빠르 게 변경하는 운동성 있는 모습이 눈에 팀. 시약의 양울 재는 경우가 많아 피찢 사용 개수에 대한 고민율 많이 햇으나 적절한 해결책올 찾은 점도 인상직임. 화학전지의 구성 원리블 알고 다니엘 전지에서 산화 또는 환원이 일어남울 설명합 스포츠 생활: 네트 종목에서 배구블 특히 좋아하다 , 숙달하기 어려운 과제 연습에 진지한 태도로 꾸준하게 노력하여 높은 성 취름 달성함. 배구 경기하기름 좋아하다 팀원들에계 보램이 되고자 집중하는 모습올 보이미 , 밝은 모습으로 경기에 참여하는 학생임. 다양하고 복잡한 배구의 규칙과 용어의 의미풀 대략 이해하고 경기에 적용할 수 있으L, 배구 경기률 놓하여 경험행 던 스포츠맨십 발휘 상황울 설명하며 자신의 의견올 서술함 . 체력의 중요성올 이해하고 있으미 , 학생 건강 체력 평가 축정에 서 다양한 체력 요소에 비교적 우수한 등급으로 체력의 균형이 좋은 학생임.  체력 향상올 위해 과제에 성실히 참여함 인공지능 기초: 성실한 자세로 매시간 수업에 임하다 항상 배우러는 자세름 지념 . 수업 시간에 배운 기본 개념과 원리블 문제 해결에 적용하여 남구할 수 있음. 인공지능 시대의 자신의 꿈에 한발 다가가기 위해 시대에 요구되논 역량과 요구되는 인재 상 등에 꾸준히 관심올 두고 '가상현실 전문기 '라는 자신의 직업 적성올 담구함 . 센서와 인식 활동에시는 이미지 인식올 적용 한 사물 인식 모델올 활용해 그림 맛히기 게임을 스스로 만들어 뵙으로씨 인공지능 기술이 적용되는 분아에 대해 성찰함. 8피 줄 문제름 해결하는 과정에서 현재 상태와 목표 상태률 이해하고 문제 해결울 위한 밤색 과정올 구조화하여 정확한 해결 방안 올 도출하러고 노력하는 모습이 칭찬할 만함 . 머신러님은 인공지능의 가장 기초가 되는 개넘이기 때문에 이번 활동올 바탕으 로 후에 자신이 원하는 여러 가지 프로그램올 만들 때 도움이 덜 것이라고 생각하다는 의견올 활동지에 기록함. 2025년 11원 13일 18/21  --- Page 19 --- 정부24 <체육 . 예술> 학기 교과 과목 단위수 성취도 이수단위 합계 과목 세 부 능력 및 특기사 항 해당 사랑 없음 행동특성 및 종합의견 학년 행 동 특 성 및 종합 의 견 침착하고 안정감이 있으며 , 항상 긍정적인 생활태 도름 가진 학생임   학급 책상 교체 작업 , 학급 청소 , 은퇴하시는 선 생님올 위한 행사 준비 등 학급의 크고 작은 일들올 긍정적인 마음을 갖고 함. 또한 주변 친구들에게 좋은 기운올 북 돈아 주는 모습음 보임. 2학기에 철판과 교탁 정리 담당음 맡아 쉬는 시간 마다 철판과 교탁올 정리하여 면학분위기 조심에 기여함. 학교 축제 준비 , 수능 대비 대청소름 진행할 때 무거운 집을 옮기는 일이나 오물올 정리하는 일 등 많은 사람들이 기피하는 일흘 묵도히 함. 평소에도 청소 당번이 아남에도 쉬는 시간에 학급올 청소하는 모습올 보임 학급 대항 운동 경기에 모두 참여함. 줄님기 , 배구, 농구 경기에서 친구듬과 협력하여 열심히 운동하고 경기에 임하 이어 학급이 좋은 경기 성적올 거둘 수 있도록 하늘데 기여함. 다양한 분야의 진로름 담색하이 이공계열 진로로 마음을 정하없으미 , 이름 위해 교과 수업올 열심히 듣고 다양한 교내 프로그램도 열심히 참여함. 이해심이 많아 주변 친구 들의 어려움올 잘 들어주고 문제름 해결하리고 친구등의 장난은 재치있기 대응해 더 친해질 수 있는 계기로 바 구는 마음 가짐이 멋진 학생임 긍정적인 태도물 갖춘 학생으로 주위의 의견올 수용하고 이률 바탕으로 성장울 이루도록 노력하는 모습이 돕보이미 부족한 부분에 있어서 포기하지 암고 노력하여 성장하고자 하는 모습이 뛰어남. 진로에 대한 진지한 고민올 농해 희 망하는 진로률 결정하고 이률 이루고자 다양한 활동에 참여하없으다   성취도 주면에서도 성장할 수 있도록 노력하는 보습울 바라블 때 앞으로의 발전 가능성이 매우 높은 학생임. 또한 의욕이 넘치다 자기 일울 성실히 하고 진로에 대 한 진지한 성찰과 노력이 톤보여 긍정적인 성장이 기대되. 체육 관련 분아의 능력이 뛰어나 학급 구성원늘과 함께하 논 활동에 적극적인 자세률 갖추고 동소력올 발휘하없으다 . 하급 내에서의 신망이 매우 두터운 학생임 . 평소 대화하 논 과정에서 주변 친구들에게 긍정적인 언행울 사용하다 . 명량한 자세물 바탕으로 타인올 대하는 모습이 돈보이고 타인올 위한 이해와 배려심이 있음. 학급 행사물 진행하는 과정에서 적극적으로 참여하여 학생이 가진 능력올 발휘 하없으  , 타인의 의견올 수용하고 이률 바탕으로 최고의 결과루 도출하는 등 협력과 존중의 자세가 돈보이는 학생 밝고 긍정적인 성격올 가진 동시에 유머와 재치틀 갖추어 주변 사람들에게 즐거움올 주는 존재임. 또한 ,  책임감이 강 해 어려운 역할도 피하지 암고 스스로 나서는 모습올 보여중 . 특히 , 많은 학생이 부담스러워하는 2학기 학급 자치 부 회장 역할에 자원함. 학생의 도전 정신과 책임감 있는 행동은 다른 친구들도 선기에 관심올 가지고 참여할 수 있도록 유도하는 긍정적인 결과블 낭음. 그 결과 부회장 선기에서 많은 표틀 얻어 당선되어 , 리더로서의 면모클 보여중. 학 급 배구 대항전에 선수로 참가하여 자두리 시간율 활용해 협동하다 열심히 연습하는 모습올 보임. 경기 도중 다른 친 구가 실수하다라도 비난하지 암고 오히려 걱려하여으미   개인의 현동심과 배려심이 빛올 발하여 전체 2 위라는 우수 한 성과블 보임. 가상현실   증강현실   메타버스 등 침단 기술 분아에 깊은 관심이 있어 관련 학과 진학올 목표로 하 고 있음. 이에 따라 학급 프로적트나 학교 활동에 활발히 참여하고 , 스스로의 목표록 달성하기 위해 지속직인 자기 2025년 11원 13일 19/21 하머,  --- Page 20 --- 정부24 학년 행 동 특 성 및 종합 의 견 계발에 힘쓰는 학생임. 사회적 책임감을 바탕으로 더 나은 미래름 꿈꾸녀 성장하고 있기에 , 앞으로도 자신의 꿈을 위 해 노력하다   공동체와 함께 발전함 수 있는 인재로 성장함 것을 확신함. 2025년 11원 13일 20/21  --- Page 21 --- 정부24 학 교생활기 록 부 (대입전형용) 성 인적 사랑 주민등록번호 위 사람의 학교생활기록부 (대입전형용) 사본임올 증명합니다. 2025년 11월 13일 g]당트 담당부서 담 당 자 전화번호 2025년 11원 13일 21/21",12561,8,4,18,0.6368919672000637,0.31844598360003185,1.4330069262001435
202510824,1,2020,1,농합과학,기타,'매머드물 되살려도 되까요' 주제열기 자료물 위고 토론활동에 참여함. 거대한 봄집과 상아로 위협올 느낌 인류는 매머드틀 대량 학살하엿고 더 이상 무리틀 지어다날만금의 개체 수 유지가 어려워서 멸종햇다고 생각함 . 매머드 멸종 의 원인은 여러가지가 복합적으로 작용햇올 것이라고 의견올 제시함.,162,0,0,1,0.0,0.0,6.172839506172839
202510824,1,2020,2,통합과학,과학,"불리학적 개념 문제물 잘 풀고 과학적 사고력과 관찰력이 종음 과학밤구실험: '플라스틱 인류' 물 시청하고 플라스틱 대체 신소재는 무엇이 있울지 생각하고 생체 플라스틱과 PEF에 대해서 조사하여 학생들 앞에서 발표함. 이후 새롭게 개발되고 있는 신소재들에 대해서 흥미틀 갖게 되는 계기가 팀. 한문 [ : 논어의 학이시습지 불역열호라는 구절올 엎으면서 , 배움에 대한 자신의 태도물 성찰해보는 시간율 갖고 이에 배운 다는 것은 돈 없이도 사람을 풍요롭기 하고, 사람 자치름 영원히 빛날 수 엇기 해주는 것이미 , 선현들이 삶을 통해 인은 교훈 들이 현대에 와서도 크게 다르지 암고  현재물 고치기 위해서는 과거물 반성하는 일이 먼저임올 깨닫아 스스로 일기률 통하여 자신올 돌아보는 자세틀 갖게 되없다고 함. 철학: 매 시간 던저지는 질문에 자기 자신만의 대답올 얻고자 끊임없이 고민함 . 그 중 인간의 욕망울 다른 수업에 흥미름 느 꺼 최진석 교수의 '자신의 욕망에 집중하라' 틀 시청하면서 생각해앞던 욕망과 어떤 차이가 있는지 비교해봄 . ""수행자로 살 것 인가 주인으로 살 짓인가"" 라는 마무리 멘트에 이 둘의 차이논 철학적 생각의 유무라고 생각하다 철학하는 삶울 살고자 다짐 <진로 선택 과목> 성취도 성취도별 학기 교과 과목 단위수 원점수 과목평균 (수강자수) 분포비율  --- Page 7 --- 정부24 이수단위 합계 과목 세 부능력 및 특기사 항 해당 사랑 없음 <체육 예술> 학기 교과 과목 단위수 성취도 체육 체육 예술 음악 체육 체육 ^ 예술 음악 이수단위 합계 과목 세 부 능력 및 특 기사 항 체육: 체육활동은 건강한 육체와 정신올 만듣다는 생각올 가진 학생임 . 모든 환동올 통해 팀위크름 기르고 공동체 정신올 기 풀 수 있다는 철학올 지난 학생임 . 수업 중 발표 기회가 있올 때마다 자발적으로 손율 들고 참여하여 지도 교사에게 칭찬올 자주 반고 상점올 여러 번 반는 등 학습 과정 평가에서 만점올 기록함 . 학년 초 4모든장올 맡아 매 수업 모든원의 출결 , 권디 선 , 복장 및 준비물 등올 일일이 챙기고 수업에 집중할 수 잇도록 함. 제기차기 수업 중 목표 의식 부재에서 오는 안일함울 깨달아 자신의 실력올 객관적으로 분석하고 문제점올 개선활 수 있는 방 항으로 연습 계획을 설정하여 연습함 . 이틀 통해 연습 의지름 높엇고 또한 제기 숙련자들의 영상울 참고하고 자세름 분석함. 땅과 제기의 각소가 수직일수록 잘 차지고 이 자세률 유지하고 차능 순간의 신체 리듬올 유지해야 한다는 것울 깨닫게 팀. 제 기차기 수업올 통해 스포츠 분야의 관심이 확장되없고 스포츠 활동에 영향올 미치는 소재와 스포츠 활동에 직용되는 물리 법 책들에 관해 담구해보고자 함. 음악: 우출렉레 모퉁에서 모든장 역할올 맡아 모퉁원들이 연주 중 의문점이 생겨올 때 연습하다 익N던 것흘 바탕으로 모든 원들올 도와주엇고 '맨정신' 올 부르면서 연주함(2020.03.02. 2020.08.14.) . 음악과 뇌의 연관성에 대해 조사하고 발표함. 일상 속에서 오감 마켓팅 경험에 의문점올 가져 '뉴로 마켓팅'예 대해서 추가로 조사하여 친구들에게 예시블 들어 발표하여 공감을 형성함 (2020,11.10,) .",1569,5,1,9,3.1867431485022304,0.6373486297004461,5.736137667304016
202510824,2,2021,1,물리학 [,기타,"'여학과 에너지' 단원올 학습하면서 여학 수레름 이용한 운동량 보존 실험 중 다양한 질량 변인으로 운동량 이 보존되논 과정올 이해하고 운동 에너지의 양은 보존되지 않은 경우물 직접 계산함. 또한 , 마찰면에 따라 용수철 진자의 진 동 시간이 달라지는 실험올 통해 마찰면이 기칠수록 역학적 에너지가 감소하여 보존되지 않으나 전체 에너지는 보존되다는 개념을 확인함.",202,1,0,1,4.9504950495049505,0.0,4.9504950495049505
202510824,2,2021,2,물리학 I,과학,"할로전 기체의 방전관율 간이분광기로 관찰한 결과 선 스패트럽이 관찰되는 원인올 원자 내 전자 에너지의 양자화률 들어 설명함 .  전자기유도와 패러데이법칙올 정확하게 이해하고 손발전기름 이용하여 유도전류름 발생시키는 실험 올 통해 그 결과가 패러데이법칙과 일치함올 확인한 후 자기평가서률 작성함 . 항상 성실한 태도로 수업에 임하는 모습올 보 화학  : 화학 반장으로서 매시간 칠판울 깨끗이 닦고 수업에 적극적으로 참여함 . 플라스틱 아일랜드에 대한 다규먼터리블 시 청한 후 플라스틱올 대체할 수 있는 소재틀 찾아보면 중 생분해성 플라스틱에 대해 새롭게 알게 팀 . 다양한 친환경 소재들의 개발과 전망에 대해 조사하고 자연에서 비생물적인 요인과 생물적인 요인들의 작용에 의한 자연 순환의 원리롭 설명함 . 화학 반응에서의 양적관계 문제물 화학 , 수학적 원리블 이용하여 풀이할 줄 알머 , 원소의 주기성과 전자쌍 반발 원리에 의한 분자 의 구조와 결합각올 파악하여 설명함 . 생명과학 I : 지식 시장 활동에서 뇌에 대한 내용올 담정 큰섭트의 연극으로 재치 앞게 설명함 . 이 과정에시 아이디어름 주도 적으로 제공하고 , 식은만의 원인이 항상성 유지가 아난 아세렉골린에 의한 것임올 조사름 통해 파악하여 조원들의 오개넘올 수정함. 간의 기능울 별주부전올 활용하여 참신하게 설명하는 UCC글 제작함 . 이 과정에서 파드너와 활발하게 의사소봉올 진 행하고 다양한 아이디어름 제공하는 모습이 돈보임 UCC의 만화름 직접 그리고 자신의 목소리로 녹음하여 근 호용올 얻음 멸종위기종 업서 제작 활동에서 일리스트물 담당함 . 멸종 위기종인 저어새의 외형적 특징올 사람들에게 효과적으로 전달하기 위해 저어새들의 사진올 분석하여 특징올 잡아내고 친근한 캐릭터로 보일 수 있도록 일러스트로 표현함 . 또한 멸종위기종 동 물올 지키야 하는 의무에 대한 법 조함올 활용하여 염서름 완성함 , 관심 분야와 생명과학올 연관 지어 조직 공학과 생체 로봇 에 대해 조사하여 보고서률 작성함. 이 과정에서 자연 선택년 생명체의 특성이 생존 경쟁에서 검중본 것임울 인지함. 또한 유 전자루 활용하여 유기 조직체틀 합성하여 생물학적 기계름 만드는 과정올 조사하여 로봇이 더욱 다양한 일흘 할 수 있음올 깊 이 앞게 이해함. 일본어 I : 후구시마 원자력 발전사고름 주제로 발표함 (2021.12.02 ) 핵움합 원자력 발전소의 원리와 후구시마 원전 사고 흙 정리하여 발표함. 도호구 지방에서의 지진이 발생하여 그로 인한 쓰나미가 원전올 덮치다 사고가 일어나논데 단순히 침수 사고가 아난 변전설비가 침수되고   그로 인해 냉각수 공급 순환편 프에 대한 전력 공급이 중단되없다는 등의 내용과 노심냉각 과 원자로의 소재로 자르코늄이 이용되논 원인에 대해 소개함  --- Page 10 --- 정부24 <진로 선택 과목> 성취도 성취도별 학기 교과 과목 단위수 원점수 / 과목평균 (수강자수) 분포비율 수학 기하 64/73.3 B(68) A(44.1) B(36.8) C(19. 1) 기술 . 가정 / 제2외국 '가정과학 58/73.0 C(197) A(36.5) B(47.2) C(16.2) 어 /한문 / 교양 수학 기하 53/64. 2 C(65) A(27.7) B(35.4) C(36.9) 기술 . 가정 / 제2외국 [가정과학 65/72.1 B(191) A(36.6) B(45.0) C(18. 3) 어/한문 / 교양 이수단위 합계 과보 세 부 능력 및 특기사 항 기하: 수업에 열심히 참여하려고 노력함. 어러운 개념울 포기하지 암고 공부하려고 노력함으로 점점 나아지는 모습올 보임. 생활에서 쓰이는 스칼라량과 백터량올 '속도와 속력' 이라는 주제로 발표(2021.12.22 )함. 가정과학: '우리 다시 결혼햇어요 '라는 제목으로 재혼가족의 정의 ,  현황 , 오늘날의 결혼형태 ,  복지제도 등의 내용올 담은 가 즉신문올 완성함 .  집안의 가사분담이 암국적으로 이성올 향해 있다는 점은 인식하다 일가정 양립 가족의 문제름 분석하고 이 풀 극복하기 위한 기업과 정부의 노력에 대해 탄색하고 이틀 바탕으로 하여 '너 하나 나 하나 캠페인 울 기획함. 가족 구성원 이 집안의 가사일올 무조건 하나씩  책임저 생활한 뒤 인종올 하는 방식으로 행복한 가정올 만들어가는 캠페인과 그 홍보지름 완성함 . 소비자 8대권리에 대한 학습내용올 이해하여 알 권리 , 안전할 권리 , 선택할 권리에 대한 인포그래들올 제작하고 생 활습관병의 정의  진단   생활지침   식이요법올 보석맵의 형태로 정리함 . <체육 . 예술> 학기 교과 과목 단위수 성취도 체육 운동과 건강 예술 미술 체육 운동과 건강 예술 미술 이수단위 합계 과모 세 부 능력 및 특기사 항 운동과 건강: 평소 책임감이 굉장히 강하고 적극적인 수업태도록 보여춤. 학급의 1학기 체육부장 (2021.03.02. 2021.08. 0, )으로 공동체의 목표 달성올 위해 구성원의 화합과 단결올 이끌어가는 여량이 굉장히 탁월함 . 배구와 줄님기 등 다양한 활 동에 흥미률 보이며 참여햇고 언제나 성실하게 자신의 기향울 향상시키기 위해 노력하고 도전하는 모습올 보임 . 물리 교과시 간에 학습한 역학이 운동과 밀접한 연관이 있다는 것울 알고 양궁 종목과는 어떤 상관이 있율지 궁금증이 생겨 개인적으로 조 사하고 보고서름 작성함 . 화살을 당기는 외력 , 할이 가지고 있는 탄성력 , 활시위와 화살에 의한 회전력과 중력 등에 대해 조 사하며 과니의 정중앙에 맞추기 위한 방법에 대해 풀이함 . 물리와 체육교과루 움합하다 새로운 지식울 습득하고 심화학습하 눈 모습올 보임. 기리두기 텔레이 체조 평가에서 오불리크 덥스 등의 동작올 선택해 장점과 효과에 대해 소개하고 정확한 자  --- Page 11 --- 정부24 과목 세 부 능력 및 특기사 항 세로 시범올 보이미 친구들의 기초체력 향상에 도움올 ,",2854,5,0,9,1.751927119831815,0.0,3.1534688156972672
202510824,2,2021,1,미술,예술,미래도시설계 작품활동 시 '친환경 타위' 틀 주제로 선정하여 작품올 제작함. 타위름 친환경적으로 만들고 미세먼지름 막아주어 사람들이 쾌적한 공간에서 생활 할 수 잇도록 공간율 구성하여 입체적으로 작품올 완성함.,117,0,0,0,0.0,0.0,0.0
202510824,2,2021,2,미술,예술,주제선징올 잘 하고 조형요소에 따라 잘 표현하는 학생이미 드로/ 실력이 있음. 아크길 벽화 수업시간에는 만 화 캐릭터의 배경에 꽃잎올 점이라는 방법울 통해 시각적인 물입감올 줄 수 있도록 화면올 구성하없음.  재치있는 주제선정이 돈보이는 학생으로 다양한 미술의 표현방식올 담구하면서 얼굴 마사지블 반는 사람의 얼굴사진올 이용하여 디지털 미디어 아 트름 제작하고 발표함,205,0,1,0,0.0,4.878048780487805,0.0
202510837,1,2021,1,국어,국어,도종환의 '흔들리다 피는 꽃'올 감상하고 자신의 관점에서 작품올 패러디하는 활동올 함. 평소 자신이 좋아하는 컴퓨터 오락의 상황올 시적 내용에 비추어 해석하면서  원하는 성취름 얻기 위해서논 부지런한 노력과 인내의 시간이 필요하 다는 것울 작품 속에 담아념.,144,0,0,1,0.0,0.0,6.944444444444444
202510837,1,2021,2,국어,국어,"글을 쓰는 과정에서 목직에 맞는 적절한 매체 자료블 활용하는 것의 중요성올 이해합 . 특히 정보전달의 글쓰기 에서 독자의 이해름 돕기 위해 시각적 자료름 활용하는 짓이 필요함올 알고  글쓰기 과정에서 이름 적극적으로 활용하는 모습 올 보여중. 수업 활동으로 한 학기 한 권 위기름 통해 '고스모스'틀 위고 인류의 생각과 삶을 바꾸어 나가는 과학의 힘에 대해 느낌 점을 담아 감상문올 작성함 . 별자리와 전문학 , 우주에 대한 비밀올 파헤치기 위한 외계 교신 등의 내용올 독서률 통해 접하면서 자 신이 평소 가지고 있있단 철학적이고 종교적인 질문올 해결하는 시간올 가짐. 수학: 대끗값울 직접 만들어 보는 팀 프로직트형 수행평가에서 올해의 가을 날씨루 추론해보기 위하여 여러 가지의 대끗값으 로 사용되는 강수량   기온, 습도 등올 분석하고 최종적으로 어떤 수치적 데이터가 핵심적으로 작용하는지름 결정하기 조원들 과의 의사소동올 통해  협력적 구한 점이 인상적임. 영어: 고민과 관련된 말하기 발표 수업에서 자신의 고민을 수업시간에 배운 적절한 표현으로 잘 활용하이 발표함. 발표한 때 발음과 억양이 정확해 말하기의 유창성과 정확성 모두 뛰어남. 평소 수업 준비률 철저히 하고 수업 참여도가 대단히 높으미 질문에 막림없이 답변함 . 수업 시간에 이해하지 못한 내용올 영어 방송올 청취하여 스스로 부족한 부분올 채우는 모습이 보  --- Page 6 --- 정부24 과목 세 부 능력 및 특기사 항",724,3,0,3,4.143646408839778,0.0,4.143646408839778
202510837,1,2021,1,한국시,기타,"'미디어 속에 표현된 역사의 진실'활동에서 다양하게 표현되는 임진왜관의 장면올 통해 이순신의 업적과 관련 지식 , 오다 노부나가와 도요토미 하데요시 등 전국시대 인물 정보 ,  호국불교의 성격올 갖는 한국불고의 특징 등에 대해 인지 함. 또한 영상으로 묘사되는 안시성 전두름 분석하여 당태종  개마무사   양만준에 관련된 지식올 습득하엿으며 , 영화 속 역사 적 상상의 허용범워에 대해 논평함",219,1,1,0,4.5662100456621,4.5662100456621,0.0
202510837,1,2021,2,한국사,사회,"'대한민국 정당의 변천사 둘러보기' 활동에서 1990년대 이후 정당의 해체와 창당 과정올 분석하고 , 민주시민 에계 부이런 참정권의 의미블 되새김. '친일파 진상규명위원회가 되어보자! ' 활동에서 친일 기업의 의혹올 받는 기업들에 대한 기준올 논평함 .  현대 사회에서 기업 의 기원이관 너무 많은 기준이 존재활 수 있기 때문에 , 국가 혹은 국제사회의 법물이 결국 적대직인 기준이 및 것이라는 주장 올 드러님 통합사회: 일상 속에서 정규직과 비정규직 , 최고 경영자와 근로자의 임금의 격차가 어떤 기준에 의해 나타나는지 생각하여 각각 그 기준의 장단점올 표로 정리하고 그 기준들의 정당성 여부률 근거률 들어 설득력 엇게 주장함.",352,1,0,1,2.840909090909091,0.0,2.840909090909091
202510837,1,2021,1,통합과학,과학,동일본 지진올 주제로 지진의 형성 과정과 특징올 인터넷으로 자료 조사하여 발표함. 변온 동물에 대해 조 사하고 생물과 환경과의 관계에 대해 설명함.,82,1,1,1,12.195121951219512,12.195121951219512,12.195121951219512
202510837,1,2021,2,통합과학,과학,"원소들이 형성되는 과정과 화학결합올 통해 다양한 물질이 되는 원리블 이해함 . 규산염 광물과 단소 화합 물이 결합되는 방식울 이해하고 , 신소재의 특징올 설명할 수 있음. 역학적 시스템올 설명할 수 있음. 충돌과 관련된 안전사고 예방 장치플 고안하고 효과성올 충격량   운동량올 이용하여 평가 합 수 있음. 세포가 하나의 시스템임올 설명하고 , 세포막울 경계로 한 물질의 출입 ,  생체 축매의 작용  유전 정보의 흐름올 생명 시스템 유지와 연결하여 설명할 수 있음. 산화 환원 반응의 규칙성과 특성올 분석하고   산과 염기름 구별하고   중화 반응과 특징올 설명할 수 있음. 산화 환원 반응과 중화 반응올 이용하는 사례물 찾아날 수 있음 생태계 평령이 유지되는 원리, 환경 변화가 생태계에 미치는 영향에 대해 이해하고 설명합 수 있음 과학밤구실험: 주기울표의 역사 및 주기성 담구하기 (되베라이너의 세쌍 왼소설 , 뉴랜즈의 욕타브설)    맨텔레예프의 주기울표 (원자량 순서로 배열할 때 일정한 간격올 두고 주기적으로 성질이 비슷한 원소가 나용) 와 현대적 주기울표의 특성 담구하기 ( 원소들올 원자번호 순서로 배열하여 성질이 비슷한 원소물 세로줄에 오도록 배열) 에서 협력올 봉해 어려운 문제들올 해결하 논 모습올 보임 지구과학 I : 환경 다규먼터리블 시청하고 자신이 지구 환경에 대해 느낌 점을 에세이로 작성하여 제출함. 종교학: 종교학 수업올 봉해 인간의 삶울 건강하고 풍요롭게 하기 위해서는 다양한 필요들도 있지만 인문학적으로 과학과 종 교의 여할이 대단히 중요함올 알게 팀 . 종교적 사고없이 과학적 관점만 주장하게 되면 원인과 결과에 의한 유물론적 사고에 치우철 수 있음올 깨닫게 팀 <진로 선택 과목> 성취도 성취도별 학기 교과 과목 단위수 원점수 / 과목평균 (수강자수) 분포비율 이수단위 합계  --- Page 7 --- 정부24 과목 세 부 능력 및 특기 사 항 해당 사랑 없음 <체육 . 예술> 학기 교과 과목 단위수 성취도 체육 체육 예술 미술 체육 체육 예술 미술 이수단위 합계 과목 세 부 능력 및 특 기 사 항 체육: 판단력이 빠르고   근력과 민접성이 뛰어나 구기운동에서 탁월한 능력올 발휘하없으다, 정의적 주면에서도 봉사 정신 , 통속력이 강하게 나타남 . 자신이 부족한 부분에 대해 보완하고 개발하러는 의지블 갖고 있는 학생임. 미술: 움합미술 프로적트 활동에서 축구 사이트물 만드는 것울 가정하고 홍보하는 영상울 만들기 위한 기획올 함. 진로와 미래에 대한 고민을 토대로 스토리름 구성함. 만화에 등장하는 캐릭터름 창의적으로 표현하는 능력이 매우 우수함 알 맞은 비레률 활용하여 안정감 있는 구도로 대상울 스레치 하여 밀노 있는 웬문 작품올 완성함. 단원의 학습 목표에 대한 이론올 숙지하고 작품에 잘 반영하려 노력함. 여행 드로임에서 바다위의 새와 물고기 . 갈매기등올 그러넣어 바다에 새름 중심으로 벌어지는 이야기름 한 화면안에 그러 표 현함. 초현실주의 작품에서 원하는 직업이 컴퓨터 프로그래망의 상징인 컴퓨터틀 가지고 화면올 창작함.  진로로부터 나오는 가치와 행복 등올 소재로 나의 미래물 희망적인 메시지루 담아 화면에 표현함 . 안정적인 구도 감각과 색상울 활용하는 감각이 우수",1582,4,1,5,2.5284450063211126,0.6321112515802781,3.1605562579013906
202510837,3,2023,1,과학사,과학,"라부아지에 연소 이론   돌단의 원자설 ,  맨텔레예프의 주기울표 등의 과학사적 의의블 설명할 수 있없으머 다 원의 진화로의 배경과 근대 생물학 연구의 과학사적 의의름 설명할 수 있없음",103,1,0,0,9.70873786407767,0.0,0.0
202510837,3,2023,2,과학사,과학,"개념적인 내용뿐만 아니라 교과서에 나와 있는 전 과정에 대한 이해도가 높으미 , 이률 바탕으로 주위의 친구 들에계 이해시켜주는 등 보조 교사 여할올 수행함. 친구들에게 자신이 설명올 해주는 과정에서 더욱 발전하는 모습올 보이미 자신 스스로도 그 과정올 즐기는 듯함. 과학 문제록 풀 때 여러 가지 방법울 생각해내어 교사의 의견올 요청하는 창의성올 가 짐. 문제틀 접근하는 방법에서 자신만의 독특한 생각올 개념과 공식에 적용하여 이해하려고 노력하는 학생임. 스포츠 생활: 체육의 기술적인 뜻울 알고 계획적인 신체활동으로 신체적  정신적   사회적으로 모범이 되며 보이지 암게 굉장 히 노력하는 학생임 . 아울러 현응성이 뛰어나 운동수행에 있어 높은 기향을 보이미 , 다른 친구들올 도와 수업에 참여하는 배 러심이 깊은 학생임. <체육 . 예술> 학기 교과 과목 단위수 성취도 이수단위 합계 세 부 능력 및 특기사 항 해당 사랑 없음 행동특성 및 종합의견 학년 행 동 특 성 및 종 합 의 건 침착하고 분석적이다 굉장히 논리적인 생각과 다양한 사고 전환이 굉장히 종은 학생임 . 친구들과 교우관계도 종고 친구들과도 보이지 앞논 배려심도 굉장히 종음. 아울리 본인의 장, 단점이 무엇인지 알아서 잘 판단하는 학생임 . 앞으로 지금처럼 꾸준히 자기 폐이스물 유지해 간다 면 군 무리없이 본인이 원하는 쪽으로 잘 성장해 나갈것이라고 판단독. 성격이 온순하고 예의 바르미   집단활동에 성실하게 참여하는 학생으로서 , 내면적으로는 삶의 가치관이 확고히 자리  --- Page 13 --- 정부24 학년 행 동 특 성 및 종합 의 견 잡고 있기 때문에 우유부단하거나 나태해지는 모습올 보이지 않음. 자발적으로 아침마다 일찍 등교해서 교실문올 열고  이동수업이 있는 경우 마지마에 나가며 문단속올 하는 등 집단을 위해 봉사함 줄 아는 배러심이 돈보임. 긍정 적인 피드백에 동기름 부어반는 성향이기에 칭찬해 줄 수 있는 조력자나 주변환경이 어우러진다면 크게 발전할 수 있으리라 기대함 주1회 지속적인 담임멘토랑올 통해 자신의 흥미와 적성올 찾아보고 이에 맞는 진로름 담색하마 이에 필요한 여량이 무엇인지 함께 고민함 . 더불어 이에 걸맞은 학교생활의 의의틀 찾고 학습의 방향울 설정하다 방법에 대해서도 함께 고민함. 또한 멘토일지름 활용하여 월단위 , 주단위 ,  일단위로 학습계획올 세우고 실천한 내용올 매일 기록하다 하루 틀 점검 , 반성하고 내일올 다짐하는 등 자기주도적 학습올 통한 학업능력향상올 위해 부단히 노력함 차분하고 조용하지만 밝은 성격의 소유자로서 교우관계가 원만함 . 학습에 있어 꾸준히 노력하는 모습으로 앞으로의 발전이 더욱 기대Y.  --- Page 14 --- 정부24 학 교생활기 록 부 (대입전형용) 성 인적 사랑 주민등록번호 위 사람의 학교생활기록부 (대입전형용) 사본임올 증명합니다. 2025년 11월 19일",1413,1,0,7,0.7077140835102619,0.0,4.953998584571833
202510839,1,2022,1,국어,국어,"반대신문식 토론에서 서기의 역할울 담당하여 인간 유전자 편집 금지법올 제정해야 한다는 논제로 토론올 진행 합. 사회자루 도와 반대신문식 토론의 질차에 맞게 토론이 진행되노록 함. 나만의 시집 만들기 활동으로 '인생학교 (이해인) ' 의 시평올 쓰고  자신의 복잡한 마음올 잘 표현한 , '미로'라는 제목의 시름 창 작함",178,0,0,0,0.0,0.0,0.0
202510839,1,2022,2,국어,국어,"설득하는 글쓰기 활동에서 청소년들의 과도한 비속어 사용 문제름 주제로 하여 글을 솜 . 청소년늘은 인터넷올 사용하는 시간이 많은데 청소년들이 많이 시청하는 인터넷 방송은 공중파에 비해 규제가 약해서 청소년들이 비속어 사용에 노출되다고 보고 인터넷 방송인들이 정제년 언이놓 사용할 것은 설득함 시조의 개념 및 특징울 배운 후 , 사랑하는 사람울 얻고 싶어하는 마음을 표현한 , '해'라는 제목의 평시조률 창작하고 낭송함 . 수학: 성실하고 적극직인 태도로 친구들의 과제해걸울 도우며 협력하는 모습올 보임 수업시간에 발표루 하기나 짝에게 수학 적 개념을 설명하는 과정에시 수학직인 언어률 사용하여 내용올 쉽게 설명하는 모습올 보여중으로씨 수학적 의사소통능력과 탁월하 문제해결력올 가진 학생으로 판단팀. 항상 집중하는 자세로 진지하게 수업에 임하고 수업시간에 다무있단 내용올 잘 정리하고 발표에 적극적으로 참여하여 수업분위기에 매우 긍정적인 영향울 미처고 매 수입시간 후 주어지는 과제름 꾸준한 자세로 모두 수행햇년 모습이 논보/으머 틀린 문제는 다시 틀리지 암기 하러고 자기주도적으로 오답노트틀 제작하고 틀린 문제와 비슷한 유형의 문제름 여러 교재름 찾아보다 해결함. 원의 방정식 단원에서 좌표평면 상에 이동하 점들의 집합으로씨 자취의 방정식올 서술하는 과정올 낮은 수준의 친구들도 잘 이해가 되도록 그래프름 열심히 그러가다 명확한 논리로 정리하 려고 노력하는 모습이 무척 인상적이없음. 영어: 진로담색 프로직트 활동에서 다중지능이론과 임비티아이 김사 결과물 바탕으로 자신의 적성울 담구하고 그에 맞는 직 업균올 찾아보고 자신의 성격이나 관심사루 표현한 포스터클 제작함 . 자신율 잘 드러널 수 있는 단어에 '꾸준함   내향적  친 절함' 등이 있다고 제시하다 이런 특성올 고려햇올 때 역사에 관련된 진로에 관심이 생격다는 자기성찰 글쓰기름 완성함 . 영 어로 장보름 얻고 직문하면시 영어의 4가지 기능울 골고루 사용하없으다 임기자료에 대한 정보 처리억량이 뛰어남. 자신이 무엇올 알고 잎고 모르는지와 원하는 목표릎 이루기 위해 보완해야 할 것이 무엇인지름 알고 실행하는 메타인지에 대 한 영상과 글을 접하고 '중간고사 성적 향상' 올 목표로 설정하여 계획올 세위 실천함 . 공부시작올 계속 미문다는 단점올 보완 하기 위해 포모노로 공부법과 복습올 꾸준히 하여 실천한 결과 영어와 수학 과목에서 높은 성취도름 보어있다고 함. 실천 과 정올 담은 영상을 제작하여 공유하면서 자기성찰의 가치름 알게되없고 다음에도 목표록 이루기 위해 계획올 세위 실천하켓다 고 밝힘 . 영어로 대년올 쓰고 녹음하면서 관계대명사와 분사 능 수업시간에 다뒷년 눈법 요소름 적절히 사용하다 적용력이 뭐 어남. 한국사: '한국사 지식 뿐내기' 활동에서 '공m에 바탕은 문 정치 운영은 어떠하없올까?' 라는 주제에 대한 ppt불 제작하여 발 표함 . 특히 이려운 용어에 대한 기본적인 개념 설명에 충실하없으 또한 발성이 좋아 내용 전달력이 뛰어나 급우들의 근 호 응율 얻음; '나만의 역사 연표 만들기' 활동에서 '6 . 25 진쟁' 에 대한 연표름 정리하여 제출함 . 오늘날까지 근 영향울 미치고 임는 가슴아 끈 전쟁의 역사틀 정리해보고 싶어 이 주제름 선정하엿으다 그 중에서도 특히 전쟁의 반전올 이끌어 번 인천 상류 작전올 구  --- Page 11 --- 침부2 과목 세 부능틱 및 특기사 항 체직으로 설명하다 강조한 점이 동보임 '한국사 속 가장 존경하는 인물 조사하기' 활동에서 세중대왕에 대한 인물 담구 보고서클 작성하여 제출함 . 한글올 창제하고 다방면에서 천재직인 면모름 보인 그룹 존경하기에 이 인물올 선정하엿다고 하여 ,  세중대왕의 생애와 활동 업적에 대해 구체 적으로 조사하여 정리한 짐이 인상깊음 통합사회: 정의로운 사회름 만들기 위한 실천 방안을 남색하는 수행평가에서 뉴스 기사 속 시각 장애인에 대한 차별 문제의 실태틀 피아함 . 장애 이해 교육의 필요성과 함께 현실적인 시설 개선 및 관련 법의 정비가 필요하다고 주장함. 경제 단원 독 서 토론 수업에서 '잠깐 애덤 스미스씨 , 저녁은 누가 차려 짚어요 (마르살) '틀 선정하여 민영화   자연가격 등 경제 관련 개념올 조사하고   남성중심사회에서 여성의 희생으로 인한 경제 발전이 있없다고 발표함. 추가로 국부로에 대한 밥구 계획올 세움. 안전하고 쾌적한 정주 환경 조성올 위한 실천 방안 팀구 활동에서 엘리베이터 안전사고훈 주제로 캠페인 영상울 모든원들과 제작하여 발표하없으며 모든 내에서 자료 조사 및 배우 역할운 주도적으로 수행함. 예능 프로그램의 영상과 상황울 재연한 영 상울 활용하여 위험성울 부각하없으며  안전사고의 유형별 원인과 예방 방법울 제시하고 안진 수칙올 캠페인송으로 표현함이 동보임,",2325,4,2,10,1.7204301075268817,0.8602150537634409,4.301075268817204
202510839,1,2022,1,통합과학,과학,"교통수단에서 충돌과 관련된 안전사고름 예방하기 위해 '시내 버스 안전탤트와 버스 벽'라는 새로운 안전장 치틀 고안함 . 안전디트와 버스 벼 장치름 시각화하여 설계도틀 작성하고 , 이에 적용된 과학적 원리지 학습한 운동량과 충격 량 개념울 사용하이 논리적으로 서술함. 지구시스템 내에서 단소의 이동으로 인해 나타나는 현상올 그림으로 표현하여 발표하없으다 , 광합성과 호흡이 지구 시스템에 끼치는 영항에 대해 설명함. 이름 통해 기상현상이 발생하는 원리름 중발과 강수의 개념을 들 수 잇고  광합싱과 호흡현상울 농해 반소의 순환올 설명합 수 있음.",304,0,0,0,0.0,0.0,0.0
202510839,1,2022,2,통합과학,과학,"염소에 대해 '업소가 늘어있는 학스   뭐문지 깨끗하게' 원소카드물 제작해 (2022.10.31,) 살군 표백력이 강 하여 수퍼물과 수영장 소득에 활용되 울 광고함. 생명제의 주요 구성물질과 각 구성물질의 단위체문 알고 구성물질의 구조와 기능에 대해 발표함, 세포막의 구조와 세포막울 경계로한 물질의 이동올 물질의 크기와 화학적 성질올 이용하여 설명활 수 잎 음. 생명체 내에서 일어나는 물질대사루 동화작용와 이화작용으로 구분하고 각 예시틀 설명할 수 있음. 우리 주변에서 일어나는 다양한 산화-환원 반응과  산과 염기의 특성에 대해 조사하고 이틀 발표함,",311,1,0,0,3.215434083601286,0.0,0.0
202510839,1,2022,1,과학담구실험,기타,자유 낙하 하는 공의 운동과 수필 방황으로 단진 공의 운동올 비교하는 실험에서 두 공에 작용하는 힘 이 중력으로 같다는 사실울 알고 바닥에 당은 시간이 같음올 확인합. 공을 떨어뜨리는 높이름 변화시키다 실험올 수행하고 그 래프로 올바르게 나타님 . 다른 행성에 인간이 살기 위한 환경올 조성하는 과정인 테라포망과 관련된 영상을 시청하고 테라포 망의 원리에 대해 이해함. 또한 테라포망의 가능성이 가장 높은 행성으로 화성올 선정하고 화싱의 환경올 조사하는 활동올 진 행함. 이틀 통해 화성에서 인간이 살기 위해 필요한 시설물올 설계하는 환농올 수행함,306,2,1,2,6.5359477124183005,3.2679738562091503,6.5359477124183005
202510839,1,2022,2,과학밤구실험,기타,"생환 속에서 발견한 문제 상황 해결올 위한 과학 탑구 활동 계획올 수립하고 남구 활동올 수행함, 한문 1 : 기본 한사에 대한 배경시식이 풍부하다 우리말 이뤄의 많은 부분울 차지하고 있는 한사이 학습은 통해 언어 구사력 이 향상되어 언어생활울 원활하게 함. 다양한 한자 성어의 유래에 대해서 관심울 갖고 자신이 배운 한자이와 성어 등울 활용 하여 수업 중에 발표함 . 고사성어   직언   명구 등의 학습올 통하여 건진한 가치관과 바람직한 인성올 함양하려고 노력함. 합교과 학습과 연계한 각종 한자 기록 문현올 이해하는데 필요한 기본직인 능력올 갖수고 이틀 활용하는 능력이 뛰어남 . 교과 서에 나온 한자들올 씨가다 반복 학습올 통해 다양한 분야의 배경지식으로 통합적인 사고려과 응용려올 높이러는 열정이 인 상적임 <진로 선태 과목>  --- Page 12 --- 침부2 성취도 성취도별 학기 교과 과목 단위수 원점수 / 과목평균 비고 (수강자수) 분포비율 이수단위 합계 과목 세 부 능력 및 특기 사 항 해당 사랑 없음 <체육 예술> 학기 교과 과목 단위수 성취노 비고 체육 체육 예술 음악 체육 체육 예술 음악 이수단위 함계 과목 세 부 능 력 및 특기사 항 체육: 진로 담구활동 중 축구와 IT틀 움합하여 축구선수들의 기향울 분석하고 있는 내용의 뉴스 기사에 흥미가 생김. 핑소  T와 인공지능 분아에 관심이 많아는데 이러한 분야에서 선수들이 기록올 분석하고 경기력올 향상시키논 중요한 역할을 하는 것에 매력올 느낌. 스포츠 기록분석가의 여할과 그 직업올 갖기 위한 과정올 조사하이 보고서에 작성함. 농구 경기 수행에 필 요한 기능과 방법올 이해하이 경기력올 높일 수 있도록 지속적으로 수련하고, 다양한 경기 상황에 맛게 적용할 수 있음. 축구 틀 놓하여 팀 스포츠에서 필요한 힘농심과 다양한 여할올 경험해보는 시간을 가짐 . 특히 환동 자체름 즐길 줄 아는 마음올 지 님. 또한 경기름 지배함 정도로 축구의 기숙과 경기운영능력이 뛰어나 팀의 기여도가 높음. 마루운동 평가 농작 중 물구나무 동작에서 자신이 실정한 복표 이상의 동작은 수행하기 위해 끊임없이 노력하없고  불구나무 동작의 신체적 효과에 대해 구체 적으로 설명올 할 수 있음. 물구나무 동작에서 신체 중심 근육운 잘 활용하여 자기 신체의 균형운 잘 유지할 수 있음 음악: 서양 음악사 중 중세 시대에서 계이름이 탄생되는 과정에 라위햇고  관련 자료률 더 찾아볼 뿐만 아니라 동 시대 우 리나라의 음악에 대해 궁금해하는 등 직극적인 자세틀 보임.  '가수의 김싱크논 대중 예술의 한 부분으로 볼 수 있는가 '라는 주 제에 대해 대중들에게 만족감을 줄 수 있다면 예술로 볼 수 있다는 의견올 발표함. 우굴렉레 연주할 때 F코드 , G7코드가 어 러있으나 손가락 하나씨 짚어가면서 천천히 인습하여 발표 시간에 개선된 연주름 선보임",1395,4,0,6,2.867383512544803,0.0,4.301075268817204
202510843,1,2022,1,국어,국어,'우리말 바로 쓰기' 수업 활동 때 평소 출입말과 소리 나는 대로 표기햇년 자신의 언어생활에 대해 반성하다 올 바른 언어생활올 실천하기 위한 '나의 다짐' 5가지름 설정하고 실천해 나가는 추진력올 보임. 또한 소설네트위크 사이트에서 선풀 날기 운동올 필침.,143,0,0,0,0.0,0.0,0.0
202510843,1,2022,2,국어,국어,"자발적 독서 참여 수업 때 자신의 관심 분야와 관련된 '오늘부터 IT늘 시작합니다 '틀 임고 IT 분야 전문가의 꿈을 키워나켓다고 함. 특히 IT 전문가의 꿈을 이루기 위해 컴퓨터 언어와 영어에 대한 심화 학습의 필요성올 깨닫고 학습 풀 쾌너물 수립하여 실천하고 있다는 자신의 변화본 행동도 함께 소개하는 것이 인상적이없음 수학 : 수업의 참여도가 높고 학습 분위기름 이끄는 학생임. 자기주도적 학습능력이 우수하며 친구들과 문제해결의 다양한 접 근 방법올 공유하고 새로운 풀이 방법올 찾기 위해 토론하는 모습올 보임. 각 단원의 기본 문제에서 심화 문제까지 풀어 학습 내용올 노트에 정리, 활용함 . 틀린 문제는 유의점과 강조점음 꼼꼼히 정리하고 비슷한 유형의 문제름 풀어 보미 수학 실력올 향상 시김. 핵심올 파악하여 문제의 본질에 쉽계 접근하는 학생임. '컴퓨터와 핸드데에 쓰인 프로그래망과 이차합수 틀 주제로 이차합수 틀 이용하여 예측 , 해식 , 분식하는 방법에 대한 보고서름 작성하고 개수와 가격 관련 이차함수의 최대값과 최숙값 문제름 만  --- Page 7 --- 정부24 과목 세 부 능력 및 특 기사 항 들어 풀이 방법을 설명함 . '컴퓨터 작동 원리 속 명제 '틀 주제로 컴퓨터에 사용된 명제의 참 , 기짓의 판별에 대한 보고서름 작 성함 . 직사각형 넓이와 직육면체 부피의 최대값 관련 발전 문제률 만들어 산술평균과 기하평균 올 이용하여 풀이 방법울 설명 합. 복잡한 조건이 주어진 유리합수 , 무리합수의 그래프틀 정확히 그림 수 있음. 유리합수 , 무리합수의 그래프와 직선의 위치 관계의 이해 , 분식하는 능력이 우수하여 이름 통해 여러 유형의 문제움 단계적 풀이 방법으로 이해하기 쉽게 설명함.",849,0,0,4,0.0,0.0,4.7114252061248525
202510843,1,2022,1,영어,영어,"수업 태도가 학기 내내 시종일관 매우 올바르고 교사의 설명에 가장 커다량계 공감해 주는 학생으로서 듣기 및 위기 능력이 나날이 향상되고 있음 교과서 지문의 핵심 어법 (관계사. 종속접속사 등) 올 개인적인 연습올 통하여 확실하게 다 지고 이틀 평가에서 증명합 . 원어민 교사의 수업 활동 설명에 귀름 기울이다 , 팀별 과제 해결을 위한 활동에 열정적으로 참여 함. 부활절에 관한 숨겨진 문장을 어법에 따라 완성하고 , 이름 기초로 하여 단서름 찾아내는 활동에 적극적이다 , 'PC Rice' 라는 포스터 제작에서 레시물 순차적으로 배열하는데 주도적인 역할울 수행함.",316,1,0,4,3.1645569620253164,0.0,12.658227848101266
202510843,1,2022,2,영어,영어,"교과서 글을 읽고 내용올 정확하게 파악한 후 , 교사의 발문에 신속히 대답하고 , 핵심 어법인 분사루 이용한 문 장의 의미풀 잘 파악하다 , 또한 분사의 쓰임올 명확히 숙지하여 현재분사와 과거분사물 활용하 문장올 쓸 수 있음. 설득올 목 직으로 하는 말하기블 위한 쓰기 작업으로 주제 관련 어휘블 직절하게 선정한 다음 이틀 이용하여 제목에 부합하는 글을 완 성함. 통합사회: 기후 위기름 알리기 위한 방법올 고심하면 중 , '감염병 탄소중립 , 기후변화로 영역 확장하는 슈퍼컴퓨터'라는 신 문 기사루 소개함. 코로나19 바이러스가 인체 세프에 감염되논 과정올 슈퍼컴퓨터로 시물레이선할 수 있다는 사실울 알게 팀. 이전에는 불렉던 분아틀 가리지 암는 슈퍼컴퓨터의 활용도에 대해 자신의 호기심올 자극함 . 인공지능과 콜라우드 관련 대규모 데이터 분석에 적극적으로 활용하다는 사실올 통해 , 슈퍼컴유팅은 과학의 지속적 발전과 산업경쟁력올 위한 필수 불 가결한 요소라고 주장함. 다양한 세계 문화권의 특징과 사람들의 삶의 방식울 비교 문화의 관점에서 설명함 . [T기업들이 모 여있는 실리곤뱉리가 행글로 아메리카 문화권에 있다는 사실올 알고 '세계 문화권 담구하기' 활동에서 행글로 아메리카 문화 권율 선정하여 담구함 . 이후 엉글로 아메리카의 여러 사회적 문제에 관심을 가짐, 사이버 공간에서 일어나는 인권 침해률 주 제로 인권 보장올 위한 정책제안 서물 작성함 . 특히 온라인 상의 개인정보 유출로 인한 인권 침해 문제에 대응하기 위해 소비 자의 정보 제공권 및 선백권의 폭넓은 보장과 개인 정보 처리자 및 개인 장보 감독 기구의 책임성 강화름 제안함. 통합과학: 분말손난로의 원리블 산화환원 반응으로 설명함 . 철의 산화수가 0예서 3으로 증가하여 산화되없으머 산소의 산화 수가 0예서 -2로 감소하여 환원 되다는 산화수법올 학습하여 설명한 점이 인상적임 .  손난로 속의 가루상태인 철이 표면적이 넓기 때문에 산소와 더 많이 접촉할 수 있어서 반응속도가 더 빨라지게 되는 것이미 숫가루물 함께넣어 열이 빨리 달아나지 암도록 잡아준다고 함 . 실제 숙집 팩의 사용전과 사용후 사진올 보고서에 척부하엿으머 산화 후 명확한 색변화와 산화반응은 되돌리기 어렵다는 자세하면서 이해하기 쉽게 설명한 점이 매우 논보임. 신재생 에너지에 대해 학습하고 , 신재생 에너지의 종류와 특징에 대해 담구함 . 그 중 태양광 발전에 관심이 많아 태양 전시에 대해 알아보고 태양 전지는 2개의 다른 반도체기 집합되어 형성되올 알아념 , 이름 토대로 반도체로 주제로 프레센테이선올 제작함 . 반도체름 활용하 미래 전망은 4차 산업력 명 시대에 꾸준히 증가할 것이미  국산 AI 반도체률 활용해 K-불라우드가 추진월 수 있음올 설명함 . 지구 시스템의 에너지 원에 태양 에너지와 지구 내부 에너지 , 조력 에너지가 잇고  태풍이 태양 에너지에 의한 현상임올 설명함 . 또한 각 에너지원 이 일으키는 현상울 밤구함. 과학담구실험 : 역사 속의 과학 담구 영역의 파스되르의 생물 속생설 도출 과정 검토하기 활동에 적극적인 태도로 참여함. 과 학사에서 우연한 발견으로 발전하는 과학의 본성올 이해하고 설명할 수 있음. 또한 일상 속 과학적 원리가 포함는 제품 중 하 나름 선징하여 그 속에 담긴 과학적 원리지 설명하는 담구 활동에 무선충전기름 주제로 함. 무선충전기의 작동 원리지 통합과 학과 언계하여 친구들에게 설명하고 . 무선중전기의 중전 방식 유형별 어떠한 장단점이 있는지 수업 중 발표함. 나아가 휴대 혼은 무선 충전올 자주 이용하지만 ,  보다 근 노트북 같은 기기에서도 사용할 수 있는지 실현 가능성올 두고 자료 조사물 기반 으로 친구들과 토의함 .  --- Page 8 --- 정부24 과목 세 부능력 및 특기사 항 기술 . 가정 : 지능형 로봇의 두 종류인 안드로이드와 휴머노이드에 대해 학습하고 두 로봇의 다른점올 비교 분석한 보고서률 작성함 . 안드로이드는 인간의 지적 사고름 모방한 로봇으로 관리 , 중앙제어 , 자동화 분아에 활용되다 휴머노이드는 인간의 신체 조건과 행동올 모방하 로봇으로 가사 , 노동 등에 활용된다는 점이 차이점이다 두 로봇이 등장한 영화름 예름 들어 설명해 친구들의 흥미물 유발함 . 기술적 문제해결 과정올 이용하여 장의적 제품 구상 및 설계 과정올 하고 보고서로 작성함 제품 설계의 첫 단계인 문제상황 인식 단계름 브레인 스토망 방법올 이용해 구체화하고 문제 해결 조건올 정리함 . 노트북에 저장매체률 좀 더 심게 끼우기 위해 자식 슬못올 부착하는 아이디어률   구상하고 다양한 아이디어 선정올 위해 피엽아이 방법 올 직절히 잘 활용함. 선정된 아이디어블 프리핸드 스레치틀 통해 구체화함 . <진로 선택 과목> 성취도 성취노별 학기 교과 과복 단위수 원점수 / 과목평균 (수강자수) 분포비율 기술 . 가정 / 제2외국 프로그래망 90/88.0 A(12) A(91.7) B(8. 3) C(O.0) 어/한문 교양 이수단위 합계 과목 세 부 능력 및 특기사 항 프로그래망 : 파이씬, HTML, 유니티 등 다양한 프로그래망 언어에 관심올 가지고 독학이나 스터디롬 통해 공부할 정도로 프 로그래망에 대한 열의가 높으미 다양한 프로그래망 언어물 구현하고 싶다는 포부물 가지고 지역연계 공동교육과정에 참여하 게 되있다고 밝힘 . 묵국하게 자신에계 주어진 과제름 수행하고 잘 해결되지 암는 문제도 포기하지 암고 끝까지 고민하여 해결 하는 자세가 논보이는 학생임 프로그래망 관련 책소개자료 만들기 수행평가을 통해 '오늘부터 IT틀 시작합니다 (고코다) '틀 읽고 IT 분야에 처음 입문하는 사람들에게 추천함 . 책 속에 나온 내용 중 Http와 Httpg의 차이점 ,  플라우드 서비스의 역할 등 우리 주변에서 심게 접할 수 있지만 정확한 개념울 알지 못햇던 것울 콜라 조사하고 이률 친구들 앞에서 발표함. 프로그램 제작 수행평가에서 '공평하게 청소당번 뽑기' 라는 프로그램올 제작함 . 수업시간에 다루지 암은 라이브러리와 명령 어름 활용하여 1부터 30까지 숫자 중 15개의 숫자가 무작위로 출럭되는 프로그램올 구현함 <체육 . 예술> 학기 교과 과목 단위수 성취도 체육 체육 예술 음악 체육 체육 예술 미술 이수단위 합계 과목 세 부 능력 및 특기사 항 체육: 긴강한 생활 습관에 필요한 건강 관리 방법올 탄색하여 자신의 체력 향상울 위해 노력햇으며  전체적 몸의 균형이 좋아 육아.  --- Page 9 --- 정부24 과목 세 부 능력 및 특 기사 항 지논 모습올 보임. 농구 경기에서 공격 및 수비 전술의 수립올 위해 자료름 미리 수집하고 경기 상황에 따른 포지선별 역할에 대해 분석하는 등 문제 해결 능력과 상황판단력올 높이기 위해 노력함. 배드민큼에 대한 기본기는 반단하나 포핸드 스트로크 의 수행이 어려워음  그러나 실력 향상울 위하 꾸준한 노력과 능동직인 수업 참여 태도로 포핸드 스트로크와 백핸드 스트로크 도 완수해 냄 . 자신의 기향 항상울 위해 적극적으로 임하다 차근차근 실력올 향상시켜가는 성실한 모습올 보임. 음악: 우리나라 대중 음악에 나타난 역사 . 사회 . 문화적 배경올 조사하는 활동에서 '내일 또 만남시다'와 1960년대의 시대적 상황과의 연관성올 찾아 악곡의 배경울 분석함 . '내가 좋아하는 불래식 곡 소개하기' 예서는 맨텔스존의 무언가 30번율 선정 하고 이 곡을 좋아하게 된 이유름 구체직으로 설명하엿으다 음악적 용어름 사용하여 소개 글을 작성함 . 다양한 장르의 음악울 감상활 때 감상 활동지름 성실히 작성하고 매사에 감상 태도가 진지함 . 특히 춤곡을 듣고 리듬 명을 맛히는 활동에서 모든 문제물 맛싶으다 소리풀 듣고 악기름 맞히는 활동에서도 해당 악기름 정확히 파악하는 등 음악 듣기 능력이 중은 학생임. 노 래름 개사하는 모든 활동에서는 '코로나19'라는 일상적인 주제름 선정하여 모든원과 실제 경험에 대한 의견올 나누없으미 모 눈원의 의건올 경청하고 수용하면서노 자신 앞게 활동올 주도함으로씨 개사물 완수함. 칼림바 연주 수업 때마다 성실하게 연 숨에 임하없으며 그 결과 제재곡을 바른 자세와 주법으로 박자와 가락을 지켜 연주함. 악보 필사 활동에서는 '내 맘의 강물' 올 선택하이 음자리표와 음표 등올 오선보의 정확한 위치에 그러워으머 다양한 악상기호 , 나타님말  가사름 꼼꼼하게 필사함. 미술: 여러 가지 감각과 대상올 통해 자신의 모습올 발견하는 '비주얼 싱싱' 활동에 적극적으로 참여함 . 활동 과정에서 자신 에 대한 소개 및 내면세계률 상징적인 기호률 활용하여 표현하없고  표현 매체와 표현 도구의 특징올 이해하여 효과루 점검하 고 수정해 가미 자신의 특징올 나타님 . 자아람색한 내용올 바탕으로 자신만의 개성 있는 마인드맵올 제작하고 ,  이와 연계하 여 자화상 그리기 활동올 수행해 냄. 자신의 사진올 바탕으로 이미지름 나타년 핸드포 입을 활용하여 자신 얼굴의 특징올 호 과적으로 나타년 점이 인상적임. 패러다 활동에서 패러디의 필수 조건올 학습하고 해학적 요소홀 더하여 군대물올 그러번 영 화틀 패러디하여 영상물올 제작함 . 모퉁인들과 함께 패러디 영상울 제작하는 과정에서 연기, 기획올 맡아 자신의 역할에 최 선올 다함 .  특히 출중한 연기 실력올 보이미 완성도름 높이고 서로 의견올 공유하여 작품 내용올 점검하다 활동에 임하는 모 숨에서 남다른 책임감과 협동심올 보여중.",4557,6,4,10,1.3166556945358787,0.8777704630239193,2.194426157559798
202510843,2,2023,1,보건,교양,"심페소생술의 목적과 원리률 확인하고 모형 및 자동심장충격기률 이용하여 단계별로 시연함 . 특히 가슴압박 자 세와 자동 제세동기 사용법올 올바르게 실시함 . 일상생활 속 응급상황 대처 능력올 키우기 위해 외상과 치아 손상 , 엄좌와 골 절 시 대처 방법올 익힘. 또한 , 약물 오남용 예방수업에서 약물 오용과 남용올 사례름 통해 구분함 . 제시된 사례름 바탕으로 팬타날 패치률 흔입하는 청소년의 문제점   팬타닐 패치에 대해 용량 , 투여 방법 , 부작용   주의사항 등 약물 오 . 남용이 건강에 미치는 영향울 담색함.",290,0,0,0,0.0,0.0,0.0
202510843,2,2023,2,보건,교양,"질병 예방 단원 중 신체 기관별 건강에 대해 배운 내용올 바탕으로 안구건조중올 주제로 선정해 밤구함. 안구건 조중의 발생 원인   증상 , 치료 , 합병증에 대해 조사함 . 약물로 증상올 경감시길 수 잎고 이외에도 오랜 시간 동안 독시나 전자 기기 사용을 피하고 안구에 적절한 휴식울 취해중으로씨 올바르게 관리해야 함울 제시함 . 이성 간의 사랑 및 성적 자기 결정 권에 영향울 미치는 요인율 이해하고 , 바람직한 성적 자기 결정권의 기준울 주어진 자료에서 찾아 제시할 수 있음 일본어 I : 기초문자 쓰기 수업에서 다소 숙지하기 어러운 허라가나의 속음  발음올 철자볍에 맞게 바르게 쓰는 반복 연습으 로 정확하게 숙지하려고 노력하다 일본어 지문 읽기에 적극적으로 참여하고 친구늘의 발표물 경청하는 등 친구들에게 모범이 팀 . 일본의 관심 분아에 대한 발표 수입에서 일본 음식 문화름 이해하고 우리나라와 일본의 공통점과 차이점올 조사하여 발 표함 . 기초적인 일분이 의사소동 표현올 어휘 수준에서 말할 수 있으며 이름  국적 . 나이 , 학년   취미 등 자기소개물 일본어로 말하는 활동에서 요음   발음  혹음 등에 대해 이해하고 이에 유의하면서 어휘와 문장올 숙지하여 최대한 자연스러운 어투와 표정으로 자신올 소개하고자 노력함. 철학: 철학적 질문에 대한 이해도와 비판적 사고력이 뛰어나머 창의적인 답변올 만들어 내는 학생으로 공학도의 길을 건고자 희망하고 있음. 수업 시간에 '신기관' 에서 발휘년 원문올 보고 철학 독서 시간에 '10대와 통하는 철학 이야기 (손석춘) '에서 과학적 방법?올 주장한 프랜시스 베이컨의 부분올 읽음. 수학적 원리블 바탕으로 철학에 접근한 새로운 발상을 해내는 베이 권에 대해 감명받앗으미 연역법과 귀밥법처럼 과학적 원리롭 도출하는 방법올 보고 자신이 관심있는 공학 분야는 발전 속도 가 매우 빨라 새로운 원리 도출올 위해 매번 접근올 다르게 해야 하늘데 베이컨의 이론과 사상이 이에 적합한 것 같다는 내용 의 소감문올 작성함 . 또한 1인 1철학자 담구 프로적트에서는 베이컨의 신기관을 스스로 분석하여 결과물올 제출함 . 프로제트 결과물에서 베이컨의 '신기관' 에서 사고의 오류와 편건올 나타내는 '4가지 우상' 에 대해 언급하다 자신 또한 새로운 이론올 담구하는 과정에서 기존의 고정관념과 우상에 힘싸이지 암고 자유로운 사고와 독립적인 판단올 통해 난관올 혜처 나가켓다고 다짐함 . 인간 존임성에 대한 토론 활동에서 인간의 자유와 안위름 위해 존임성올 동등하게 취급하여 타인과 상호작용해야 한 다고 주장함. 16+1 자율교육과정의 움합수업으로 내손으로 만드는 스피커와 음악 활동올 선택하여 실제 붙무투스 스피커름 만들어 봄. 불 무투스의 원리가 아이에스웨이라는 방식으로 2402~2480mHz의 채널올 이용하 전자기기간의 쌍방향 통신이라는 점울 조사 하고 와이파이와의 차이점올 비교하여 발표 자료름 제작함   기계의 원리 조사하는 과정과 직접 스피커름 제작하는 환동에 적  --- Page 14 --- 정부24 과목 세 부 능력 및 특 기사 항 극적으로 참여함 . 불무투스 스피커름 만드는 과정에서 복잡한 전기 배선표름 보고 전선 연결을 능숙하게 하없으미 함께 활동 하는 친구률 돕는 따뜻한 모습올 보임. 인공 지능 작곡프로그램올 사용하 작곡 활동에서는 '도전' 이라는 제목의 곡울 창작하 엿는데 , 자신의 좌우명 올 인용하여 진취직인 가사을 창작한 점이 돈보임. 주로 욕타브 간격의 화음올 사용하여 풍부한 사운 드름 만들어 넷으 , 빠르기름 알레그로로 설정하여 경쾌한 분위기의 곡을 완성시김 <진로 선택 과목> 성취도 성취도별 학기 교과 과목 단위수 원점수 / 과목평균 (수강자수) 분포비율 이수단위 합계 과목 세 부 능력 및 특기사 항 해당 사랑 없음 <체육 . 예술> 학기 교과 과목 단위수 성취도 1 체육 운동과 건강 체육 운동과 건강 이수단위 합계 과목 세 부 능력 및 특기사 항 운동과 긴강: 배구 경기 중 오버핸드 패스의 정확성이 높아 경기 중 공격수에계 정확히 연결하는 모습올 자주 보임. 배구 경 기 중 무회전   정회 전으로 손목의 스냄올 이용하여 오버핸드 서비스률 자연스럽게 수행할 수 있음. 스포츠 활동에서 배운 관 계 기술과 태도블 일상생활에 적용할 수 있는 학생으로 보임. 탁구 경기 중 포핸드 서비스블 연속적으로 같은 지점에 보날 수 있는 성취 수준올 보이고 있으미, 동료와 서로 서비스트 구사하미   공의 회전과 속도름 파악하고 , 리시브 수업에 성실히 참 여합. 스매시물 수행활 때 허리률 둘면서 라켓은 머리 위에서 높이 논 공의 회전올 주지 암고 강하게 스매시물 수행할 수 잎 음. 긴강달리기 실천 활동에서 입을 활용해 스스로 자기 목표릎 설정하고, 수시로 본인의 속도틀 확인하다 속도틀 조절하는 등 내적동기름 스스로 강화하는 자기 주노적인 태도릎 보임 '나름 이기는 왕복 날리기 도전' 활동에서 자신이 선택한 목표 기 목울 달성하기 위해 포기하지 암고 인내하여 완주함 .  건강과 신체활동의 관계블 이해하고 있으머  포기하지 않는 삶의 참 의 미름 실천함 수 있는 마음가짐올 갖춤.",2494,3,1,7,1.202886928628709,0.40096230954290296,2.8067361668003206
202510845,1,2022,1,국어,국어,"자전적 소설쓰기 프로적트 수입에서 가족 여행에서 겪은 경험올 비탕으로 기획서와 개요름 충실하게 작성하옆 고   '미로에서 있엿던 일'이라는 제목으로 소설올 솜 . 주인공이 가족 여행 중 형과 미로글 봉과하면서 미선올 수행하다 노는 장면들올 대화 , 서술 , 묘사름 통해 구체적으로 표현하여 완성도가 높음",169,0,0,0,0.0,0.0,0.0
202510845,1,2022,2,국어,국어,사회적 문제물 인식하고 문제 해걸올 위한 건의문 쓰기 수업에서 담당부처의 장관율 예상 독자로 하여 건의문 올 작성함 . 여성전용주차장으로 인한 문제점올 연급하면서 그 해결 방안올 건의문 형식에 맛취 건의함 중세 문법 개념 풀이 활동 (종 6회)에 3회 참여함 . 중세국어 학습의 필요성올 인식하고 수업 활동에 적극적으로 참여할 수 잎 도록 노력해야 합.,197,0,0,2,0.0,0.0,10.15228426395939
202510845,1,2022,1,수학,수학,'자율주행자동차와 연립방정식 '올 주제로 선정하고 이에 대한 주제밤구활동올 실시함 . 자율주행과 관련한 상황 에 대한 대처방법올 연립방징식올 이용하이 해결할 수 있음올 알기 되없음. 특히 자율주행 중 방지턱올 감지하고 속도름 줄이 눈 과정에서 연립방정식올 활용할 수 있음올 예풀 통해 확인함. 나아가 연립방정식이 ct촬영 등 다양한 실생활에 활용되울 알 게 팀 자율주행자동차에 대한 주제담구활동 이후 관련 독서활동으로 '모빌리터의 미래'라는 책올 읽엎으벼 전기차   자율주행 등 모 빌리티 기술에 변화와 발전에 대해 자세히 알게 팀.,298,1,0,3,3.3557046979865772,0.0,10.06711409395973
202510845,1,2022,2,수학,수학,"암호기술과 함수름 주제로 선정하고 주제담구활동올 실시함 . 함수   암호학에 대해 조사 및 정리 한 후 함수암 호기술과 배타적논 리합  해시함수 , 카이사르암호 , 흉채인식기술 등에 대해 담구 및 발표함. 이 과정올 통해 수학 , 특히 함수 논 우리 실생활에 많은 연관이 있다는 것' 알게 팀, 영어: 배움의 자세가 돈보이다 수업 참여와 집중력이 우수하고 과제름 완벽하게 수행합 . 다양한 내용의 영어지문올 분석하고  --- Page 8 --- 정부24 과목 세 부 능력 및 특기 사 항 어휘 , 어법 , 내용올 정리하여 공부하는 성실한 모습올 보임. 업을 활용하 활동에 참여하여 어휘력 향상울 위해 노력함. '영어 뉴스로 세상울 얼다' 시간에 사회의 이J와 문제에 관한 기사름 읽고 핵심 문장올 찾아 기록하는 활동올 함 . 비규얼 생신 활 동에서 교과 내용올 분석하고 필요한 표현올 분류하는 활동에 적극적으로 참여함 . 단순한 나열과 배치에 그치지 암고 자신의 글에 대한 이해틀 바탕으로 시각적 언어기호와 그림올 사용하고 핵심 내용 배치률 고민한 흔적이 여력함 . 언어적 내용올 시각 화하는 과정올 동해 깊이 있는 이해먹이 향상되고 자신만의 영어적 표현올 배우는 기회률 가짐. 핵심 단어 및 주요 표현올 찾 아 정리하는 러님 로그 활동에 성실히 참여하고 수업 내용올 꼼꼼히 정리하는 태도가 돈보임. 글이 내용올 해석하고 정리하는 활동올 통해 문장의 구조름 파악하고 글의 전체적 흐름올 파악하는 과정올 즐기고 영어문장올 내면화하는 활동에 적극적으 로 임합. 사람들의 소비틀 부추기는 다양한 마게팅 전락과 현명한 소비물 위한 아이디어에 대해 배우고 관련 경제 용어블 학 습함. 한국사: '세종 때 과학기술 ' 올 주제로 창의발표수업올 진행함 . 세중대왕이 왜 과학기술 발전에 힘을 씻은끼? 라는 질문올 던지 고 세중실묵올 인용해 태평성대물 이루기 위한 기반이라 설명함. 이후 자격루물 소개하고 파수호 , 수수호 등올 설명하다 작 동원리블 소개합 . 양부일구는 글자을 모르는 백성들올 위해 그림으로 시간을 표현한 내용과 축우기, 흔천의와 간의 등올 설 명함 . 훈민정음에 나타난 과학적 원리에 대한 영상울 준비햇으나 실행되지 못한 아쉬움이 남으 , 느낌점과 출처률 소개하고 수업올 마침.",1110,3,1,6,2.7027027027027026,0.9009009009009009,5.405405405405405
202510845,1,2022,1,통합사회,사회,"주제밤구 과정에서 전쟁과 인플레이선의 상관 관계플 주제로 밤구함. 리시아와 우크라이나의 전쟁울 보면 서 전쟁 후의 경제 변화에 궁금증올 갖고 인플레이선에 대한 원인과 유형 그리고 사례름 조사하고 하이퍼 인플레이선이 발생 하없음올 주장함. '인풀레이선 이야기 (신환종) '올 잎고 정리함 . 인권 담구 프로적트에서 학생인권조레 학습올 바탕으로 실생활 덜레마에 따른 침해받은 권리블 구분하고 합리직인 근기에 기 반한 대처방안올 제시함 . 자유권의 정보접근권에 관심올 기울이면서 학생인권조레률 모든 학생이 이해할 수 잇도록 청소년의 언어로 작성하없으며 , 정보 매체 및 인프라블 감각적으로 제시함.",331,1,0,3,3.0211480362537766,0.0,9.06344410876133
202510845,1,2022,2,통합사회,사회,"희망진로 관련 심화 활동으로 '정보걱차 극복방안 '올 주제로 선정하여 담구하기 참여함 .  장애인 , 노약자, 저소득층 등 사회적 약자들의 정보격차 실제 사례 조사틀 바탕으로 실생활에서의 정보격차 문제률 설명함 . 특히 최근 주변에 서 심계 이용하는 키오스크에 대한 노년충의 어리움올 소개하머 이틀 해결하기 위한 방안올 제시함 . 노년층 대상 교육 확대 유니버설 디자인 방식의 간결한 이용울 돕는 기술의 고도화 등의 필요성올 강조하다 디지털 환경 이외의 현장적용 환경도 확 보해야함올 발표함.",275,2,1,2,7.2727272727272725,3.6363636363636362,7.2727272727272725
202510845,1,2022,1,통합과학,과학,"주기울표등 학습한 후 , '질소' 의 원소카드틀 제작하여 왼소의 특징올 조사하고 과자봉지 , 질소 아이스크림, 질소의 순환 등올 그림으로 표현함. '내가 선생님이라면? 어떤 문제름 내불까? '라는 활동에 참여하여 학습한 내용올 적용하 눈 문제물 출제하여 친구들이 문제물 해결하도록 하고 풀이블 직접 실명함. 자유주제담구활동으로 '관성'에 대해 발표함   관성과 관련하여 식탁보 실험과 정지 관성과 운동 관성의 개념과 각각의 예시 등울 설명함.",247,2,0,1,8.097165991902834,0.0,4.048582995951417
202510845,1,2022,2,통합과학,과학,"생명체의 주요 구성 물질인 핵산의 구조적 특징올 정확하게 이해하고 있으머, 비즈 공예로 뉴글레오타이드 률 정확하게 구현하여 DNA 모형올 완성함. 자신이 만는 DNA 모형의 염기 서열로 만들어지는 단백질의 아미노산 순서와 세 포 내 정보의 흐름올 보고서로 작성함 일상생활에서 일어나는 산소의 이동과 전자의 이동에 의한 산화 환원 반용올 담구함. 특히 각종 매체의 자료름 탄색하여 철의 부식과 방지하는 법올 정리하여 이률 바탕으로 담구한 내용올 친구늘과 토론하는 과정올 통해 과학의 학습에 대한 적극적인 자세름 보임 수업에 적극적으로 참여하여 다양한 분아의 과학적 개념울 농합적으로 이해하려 노력하는 대도록 농해 성취 기준올 확장하는 모습올 보여중  --- Page 9 --- 정부24 과목 세 부 능력 및 특기 사 항 과학밤구실험 : 안전한실험실만 늘기 , 낱말피슬만들기 , 구강세포 현미경으로 관찰하기 카달레이스실험 , 비행기의 비행원리와 시대별 비행역사조사하기 식물의색소분리, 타이포그래피등 실험담구활동올 수행하여 작성한 학습지름 제출함 . 현미경 사용법 울 익히고 구강상피세포물 채취하여 관찰한 후 식물세포와 동물세포물 비교하여 활동지에 나타님 . 현미경으로 관찰한 것울 구체적으로 배율과 함께 나타님 . 선행연구 검색하기 활동에서 자신의 관심분야 연구물올 조사하이 읽고 연구의 목적과 필요 성울 활동지에 나타년 후 발표함. 크로마토그래피블 이용하 식물의 색소분리에서 재료틀 준비하고 전개액올 이용하여 식물의 색소틀 주출함 . 전개 울올 구하는 과정에서 모든원들과 토의름 진행하고 실험의 마무리까지 성실하게 임함 . 과학적 남구능력과 문제해 결력이 우수하다 적극적 으로 학습으로 태도가 인상적임 .  독서산출불 발표에서 뇌과학과 인공지능 분아의 도서물 임고 인상적인 부분과 연계학습계획 올 구체적으로 작성하여 발표함. 또한 산출물 계획서름 체계적으로 작성하면서 도서내용과 자신의 생각을 논리적으로 나타내 어 우수한 평가루 받음. 기술 . 가정 : 수업태도가 바르며 실습과 이론수업 모두 성실하게 참여하는 학생임.  침단기술의 종류 , 특징 , 농향 올 알아보고 3 차시에 길친 책 만들기 활동올 통하여 그 내용올 요약하고 정리하여 종은 작품올 완성함 . 창의 공학 설계틀 배우면서 도면에 사용되논 선의 종류와 용노룹 익혀 도면올 그림 수 있는 기초 능력올 함양하없음. 산업의 각 분아에서 발생하는 안전사고와 산업재해의 사례물 찾아보고 사고가 왜 일어나게 되엿는지늘 분석하여 이에 대한 예방법과 대응책올 제시하는 보고서늘 작성 함. 목공실 습에서 사포질과 오일 바르기 등의 활동으로 좋은 작품올 완성함. 자녀 둘보기 단원올 학습하 후 프로이트의 심리성적 발달단계 , 피아제 인지 발달 단계 및 도덕성 발달 단계률 근거로 발달 단 계틀 연결 짓고 이에 대한 의문점과 제 생각들올 정리하여 실천적 문제해 결능력올 보여주는 포트플리오름 작성함 . 한식과 건 강한 식생활 단원에서 한식과 세계 여러 나라의 다양한 음식 문화들의 특징올 학습한 후, 각 나라의 전통 음식이 생기게 된 역사직인 배경 등에 궁금증올 갖고 이틀 해결하기 위해 자기 주도직으로 심화 학습함 .  가정 수업 시간에 앞자리에 앉아 교사 률 응시하다 수업 분위기률 조성하는데 일조하는 학생임. 우리 지역 교량분석 및 수학적원리 담색 '프로그램 (2022.07.14-07.18)에 참여하여 교랑의 종류에 대해 학습 후 트러스교량 올 직접 그려보며 상하부구조의 개념올 익힘. 현수교의 구조v 배우며 주컷이불과 현수재가 하중울 어떻게 지지하눈지 이해 함 . 충남의 대표적인 교량올 지도름 통해 확인하고 종류와 원리큼 담색함 . 현수선 , 포물선의 차이름 확인 후 직접 그러보고 포물선올 종이로 접어봄 . 포물선에서 빛이 초점에 모이는 이유률 알고 안테나   전조등 둥에 이 원리가 활용되올 이해함. '통계 분석으로 본 외국과 우리나라의 교육환경 비교' 음합수업 (2022.12.22.-2022.12..23.)에서 노르웨이와 우리나라의 양성평등교육 실태률 통계의 성장물 개념올 활용하여 발표자료큼 준비함. 노르웨이의 아동성평 등부와의 협력올 통한 유아기 에서부터의 성평등 교육  올바른 성역할 학습 등 으로 여성의 사회진출이 건축공업 분아에서는 59 미만에서 11%로 , 제조업에 서논 129에서 1896로 증가한 사례름 근거로 실질적인 사회적 양성평등 문제해결올 위한 우리나라 양성평등교육의 방향성올 제시함. <진로 선택 과목> 성취도 성취도별 학기 교과 과복 단위수 원점수 / 과목평균 (수강자수) 분포비율 이수단위 합계 과목 세 부 능력 및 특기 사 항 해당 사랑 없음  --- Page 10 --- 정부24 <체육 . 예술> 학기 교과 과복 단위수 성취도 체육 체육 예술 미술 체육 체육 예술 음악 이수단위 합계 과목 세 부 능력 및 특기 사항 체육: 체력의 요소인 민섭성 , 조징력 , 협응성 , 심폐지구력 , 근력 , 근지구력 등이 잘 발달되어 있음. 자기주도직 활동 종목인 축구, 농구, 배드민터, 탁구  즉구  헬스 둥에 급우들과 협동하면서 열심히 활동함. 건강체력속정평가 방법울 이해하고 수행 할 수 있음 음악: 음악 수업에 적극적으로 참여하없으머 가장 영역에서 제재곡울 바른 자세로 노래함. 호흡이 부족하여 고음역에서의 정 확한 음정 표현은 어러워햇지만 , 가사름 잘 숙지햇고 바른 리듬과 박자로 노래함. 음악 감상과 비평 수업에서 유지겉 '헤어스 프레이 '틀 감상한 후 '차별올 비판하고 자신감울 가져라'라는 주제로 비평문올 발표함. 늘 자신감에 차 있는 주인공의 밝은 성 격과 차별 없이 모두가 함께 춤추는 장면이 인상적이없다고 소개함 . 극음악에 대한 수업에서 오페라와 묶지걸올 비교하여 발 표하없으다 특히 연주 방식 , 작품의 소재. 구성요소률 중심으로 누 장르의 공통점과 차이점올 소개함. 미술: 내면 표현올 위한 진행글 연습 과정에 참여하고 이름 토대로 자신의 자화상올 제작함 . 울동감이 느껴지거나 심미성이 느껴지는 패단들에 흥미블 보엿고 학습지의 패m올 성실하게 따라 그리미 연습해 자화상에 적용한 패런들도 완성도가 높으미 깔끔한 선과 형태가 돈보이는 작품이 제작팀 전통회화 문자노에 대한 상징적 의미와 조형성에 대한 이해률 바탕으로 자신의 소망울 담은 문자도록 제작함. 부모님께 호도 하고 싶다는 학생의 마음을 담아 '효도 효'틀 시각화함 . 부모님의 장수틀 기원하다 기북  학식올 쌓아 시험에 합격하여 부모 넘울 기뻐게 해드리고 싶다는 마음으로 책 , 화목한 가정올 상징하는 제비률 소재로 정햇고 획울 소재로 표현하거나 주변에 자 연스럽게 어우러지게 표현함 .  관찰력이 종은 편이다 작품 속 소재의 표정에 생동감이 느껴짐 . 매시간 집중하는 모습올 보여 짚고 주어진 시간을 계회적으로 사용할 줄 앞",3299,9,1,10,2.7280994240678993,0.3031221582297666,3.031221582297666
202510845,2,2023,1,일본어 1,기타,"일본의 문자와 발음 수입에서 허라가나름 익험. 청음   탁음  반탁음 요음  속음, 발음 장음 등의 내용올 이해하고 구분할 수 있으대 , 자유롭게 표기할 수 있음. 또한 일분어률 잎고 , 내용올 파악하는 연습올 지속적으로 하고, 들리 논 일본어틀 허라가나로 받아 쓰는 연습올 함으로씨 위기  듣기, 쓰기 능력이 비약적으로 향상팀 .  자기소개하기 수업에서 그 동안 학습한 어위 , 문법올 적극 활용하여 취미 , 진로  가족 소개 , 기호 , 놓아리 등올 포함한 원고률 완성하고 , 이률 암기하여 일본어의 발음과 박자 등에 특히 유의하여 말하듯이 자연스럽게 발표함. 원고의 문법이 정확하고 , 어뤄의 사용도 자연스러우 며 , 서체도 반듯하여 해독하기 쉬운 글을 완성하리고 노력한 점에서 학습에 대한 열의름 느낌 수 있있음",402,1,0,1,2.487562189054726,0.0,2.487562189054726
202510845,2,2023,2,일본어 [,기타,"담임선생님께 연하장 쓰기름 함. 연하장의 의미블 이해하고 . 목적에 적합한 내용으로 감사하는 마음을 전 함 . 여러 제시문 중 비교적 길고 어리운 문장올 선택하여 내용올 구성하고  문법적 오류 없이 잘 작성함 . 가나와 한자쓰기 연 습울 성실히 하여 서체가 유려하고 해독하기 쉬움. 일본문화에 관심울 가지고 의식주 및 종교와 관련한 다양한 활동에 적극적 으로 참여하여 결과 물올 제출하고   해당 영역올 한국과 비교함. 한문 I : 한자의 모양 , 음 뜻올 바르게 구별할 수 있으머 하나의 한자가 여러가지 음과 뜻올 가지고 있다는 것울 이해하고 한 자 사전에서 한자의 여러가지 뜻올 찾아보는 등 한문 학습에 적극적인 모습올 보임. 한자 쓰기 활동에 적극적인 자세로 참여 하여 하나의 한자루 최소 5번 이상 따라 쓰면서 한자루 필순에 맞게 쓰고 모양과 음   뜻올 정확하게 익히려는 태도물 보임. 한문 걱언 만들기 활동에 참여하여 마음에 드는 m언으로 '인수지우 책인주명 수유총명 서기주혼 ' 이라는 문장올 선택하여 바 르게 쓰고 해석한 후 남울 탓하기보다 나 자신올 먼저 돌아보라는 문장의 의미풀 파악함 . 자신만의 격언으로 '우리논 모두 나 비가 월 가능성올 가진 번데기이다. '라는 문장으 만들어 발표함 . 우리 모두 높이 날아오르러고 준비 중인 번데기이므로 계속 노력하면 다양한 형태로 성공할 수 있다는 문장의 의미블 설명함 .  걱언올 만드는 과정에서 자신은 아직 번데기이므로 아픔다  --- Page 14 --- 정부24 과목 세 부 능력 및 특기 사항 운 나비가 되기 위해 더욱 노력하켓다는 각오름 다짐함 자율형 교육과정 음합직 화학' 에 참여하여 분자 구조 예측에 사용되는 기하적 요소클 담구함 . 독일의 화학자 프리드리히 필 러가 유기 합생올 통해 최조로 만든 요소의 화학적 역사름 살펴보고 학습한 루이스 구조식을 활용한 전자점식으로 표현하고 공유와 비공유 진자쌍 여부클 확인함 . 단소 원자의 경우 산소와 이중 결합이 존재하지만 분자 구조물 예측할 때는 공유 전자 쌓이 3개인 것으로 판단하고 약 120도로 예측함  질소 원자는 반발력이 근 비공유 전자쌍이 1개 존재하여 삼각별형 , 약 107 도름 나타내게 되다고 설명함. 탄소 원자루 중심으로는 평면 구조이지만 질소 원자는 입체 구조여서 요소의 전체 분자는 입체 구조름 나타번다고 결론올 도출함. <진로 선택 과목> 성취도 성취도별 학기 교과 과목 단위수 원점수 / 과목평균 (수강자수) 분포비율 2 '수학 기하 78/55,2 B(128) A(1L 7) B(31 3) C(57,0) 이수단위 합계 과목 세 부 능력 및 특기사 항 기하: '기하의 역사 ' 틀 주제로 담구하고 그 내용올 ppt로 작성함 . '보글보글 기하 (김용관) '틀 읽고 유글리드기하와 해석기하 에 대해 알게되없으다, 기하의 역사적 배경과 그 발달과정에 대해 알아보고자 이률 주제로 선정하게 되없다고 주제선정동기 틀 밝힘 . 기하학의 발달올 유글리드 기하 , 해석기하 , 비유글리드기하   변환기하의 순으로 설명함 . 특히 도형의 성질올 변환 또는 함수적 관점에서 파악하는 변환기하의 관점과 그 활용사례로 고유한 좌표계름 사용하다 이들 사이의 변환올 통해 구성 하는 컴퓨터 그래피과 애니메이선올 예로 들어 설명합 . 담구블 통해 관심분야인 IT와 관련한 변환기하에 대해 알게되어 의미 있는 시간이 뇌있다고 이야기하다 , 추후에 어떤방식으로 컴퓨터그래되스에 활용되논지 자세히 알아보고싶다는 소감을 밝힘. <체육 . 예술> 학기 교과 과목 단위수 성취도 체육 운동과 건강 예술 음악 체육 운동과 건강 예술 미술 이수단위 합계 과목 세 부 능력 및 특기 사 항 운동과 건강: 심신의 건강 유지 및 증진올 위해 일상생활에서 운동이 가지는 중요성올 설명활 수 있음. 특히 실생활에서 가장 기초적으로 활용되는 줄님기름 다양한 방법과 자세로 효과적인 운동올 실시할 수 있으 여가 스포츠인 플라입 디스크 던지 기의 올바른 자세와 방법올 알고 적용할 수 있음. 약: 유지철 '오페라의 유령 '과 유지철 영화 '레미제라불' 올 감상하다 목소리에 따른 음색과 음역별로 가수률 구별하고 , 등장  --- Page 15 --- 정부24 과목 세 부 능력 및 특기 사 항 인물들의 관계블 잘 파악하없으다 인상 깊없면 유지철 넘버의 제목올 제시함 . 또한 묶지철 음악울 감상하고 받은 감동올 글로 훌륭하기 표현함. 모퉁별로 갈림바름 연주하면서 함께 박자름 맛추고   리듬올 공부하면서 각자 맡은 부분의 연주름 훌륭히 해내어 하나의 곡울 완성하여 연주함. 유지철 '레미제라불' 메들리블 칼림바로 연주함. 바른 자세와 바른 운지법으로 연주하 며 악곡의 모든 음정올 정확하게 연주함 . 분위기에 알맞은 빠르기름 일관되게 유지하다 진지한 태도로 연주에 임하고 다른 학 생의 연주률 경청하는 자세가 훌륭함 미술: 다양한 발상 방법으로 창의적이고 설득력 있는 주제 표현 방식울 탄색하여 표현함 . 시각 이미지나 미술 작품에서 의미 틀 전달하는 방식울 알고 있음. 재료와 용구의 특성올 알고 주제에 알맞게 선택하여 효과적으로 활용함. 전통회화와 책가도 의 특징에 대해 이해하고 자신이 좋아하는 소재름 선정하여 책가도 작품으로 제작함 . 민화 책가도름 현대적으로 재구성하여 창의적으로 디자인 함. 예술 작품과 작가의 표현 특징에 대하여 밤색하고 나양한 미술의 장르에 대하여 조사함. 예술과 일상 용품이 결합된 아트마켓팅의 사례에 대해 찾아보고 이해함 . 아트마딩 활동에서 예술 작품에 나타난 조형 요소와 원리큼 표 과적이고 독창적인 표현법으로 발전시켜 작품올 제작함.",2724,1,0,6,0.36710719530102787,0.0,2.2026431718061676
202510847,1,2022,1,국어,국어,"독서 후에 인상 깊은 구절올 자신의 경험과 연결하여 일지름 깊이 잎기 작성함 , <넷니약이 구절 (정지용) >이관 시률 위고 자기 경험과 세상 이야기률 연결하여 솔직하고 감동적으로 잘 정리한 감상문올 작성 함. 시(줄없는 줄님기 -이장근) 사진영상 만들기 모든활동에서 모든장으로 구성원과 힘동하여 영상과 소리 , 자막이 잘 어울리도 묵 하고 영상의 길이도 적절히 표현함. 김동식 소설 <회색인간>올 읽고 에너지가 생기는 '정화수' 의 양면성올 인간의 주약한 본성과 연결하여 제목과 소제목은 적절 히 붙임은 물론 개인의 경험노 풍부히 기록하 서평올 작성함.",310,0,1,0,0.0,3.225806451612903,0.0
202510847,1,2022,2,국어,국어,"자신의 진로 분야와 관련된 책인 <누가 내 소프트웨어블 훔처 갖지? (양나리)>틀 읽고 서평 쓰기 활동에서 , 글 올 짜임새 앞게 구싱하고 참신한 제목과 소제목올 사용하여 글의 내용과 잘 연결하여 표현함 . 또한 , 구술하기에서 질문 항목 울 정리하여 준비하고 주어진 시간율 활용하여 체계적으로 발표함. 모든별로 선택한 관심 분야 책인 <나는 대학에 가지 않앉다 (박영희) >틀 읽고, 환동지름 조건에 맛게 작성하고 책 대화에 성실 하게 참여하여 자신이 맡은 역할 (기록이) 올 하여으며 .  책의 내용올 주체적으로 해석하고 자기 생각울 솔직하게 표현한 보고 서클 작성함.",320,0,0,2,0.0,0.0,6.25
202510847,1,2022,1,수학,수학,수학에서 모르거나 물린 문제물 오답 노트 정리하여 자기의 것으로 만드는 것울 적극적으로 수행함. 수업 중 강 조사항올 점검하고 메모하는 모습과 심화 문제름 풀이하는 과정올 통하여 수학 성적이 항향상팀. 자기가 알고 있는 것울 급우들 이 잘 알 수 있도록 수학의 개념과 원리 정의률 잘 설명하여 급우들로부터 호응이 종음. 문제 풀고 설명하기 시간에 다른 학 생들이 어려워하는 창의력 및 심화 문제블 자세히 풀이하고 급우들에게 쉽게 이해되도록 설명하여 칭찬과 박수물 받음. 심화 문제름 급우들과 공유하여 풀이하고 설명하여 부족한 부분올 보완하는 협력 과정올 통하여 실력올 향상하게 시김,325,3,0,2,9.230769230769232,0.0,6.153846153846154
202510847,1,2022,2,수학,수학,"궁금하 점울 질문하여 자기의 것으로 만들려는 경향이 강한 학생임. 틈틈이 실력향상울 위해 고난도 문제 풀이 와 급우들과 협력하여 수학 방울 만들고 상부상조함. 수의 정의틀 잘 알고 있으머 문제 풀고 풀이하기 시간에 함수의 정의역 과 공역의 대응 관계률 활용하여 풀이하고 급우들에게 심제 설명함 .  복잡한 집합의 연산 법칙 설명하고 , 또 학생들이 어려워 하는 합수 개수와 경우 수의 문제물 수형도로 설명하여 호응받음.  경우의 수와 관련하여 의류의 색상으로만 코디한 경우의 수 틀 조사하이 보고서름 작성하여 제출함. 영어: 진로 관련 독서 서평 쓰기 활동에서 '코드와 살아가기 '라는 제목의 책올 읽고 소프트웨어 스타트업 최초 엔지니어가 겪  --- Page 8 --- 정부24 과목 세 부 능력 및 특기사 항 은 사건들에 대한 내용올 요약해 정리한 후 직업에 관심을 갖게 된 계기, 미래에 하고 싶은 일이나 모부에 관해 자세하고 맘 은 양의 내용올 준비함. 작성 요건올 완벽히 갖취 적절한 어휘와 문장성분올 활용해 핵심적 어법의 실수 없이 글울 완성함. 친구들에게 '나의 진로' 틀 주제로 소개하는 발표 활동에서 개별 단어에 대한 정확한 발음과 연음 처리 등이 뛰어나 자연스러 운 발화름 완성한 부분이 매우 인상적임. 영어 교과에 대한 관심이 표고 수업 중 적극적인 태도름 보이는 학생으로 발표 활동 에도 능동적으로 참여함 . 일상생활에서 실천할 수 있는 친환경 행동올 소개하는 쓰기 활동에서 스마트기기블 활용하여 구체 적인 환동 예시틀 찾아 많은 양의 내용올 준비함 . 또한 작성요긴올 완벽히 갖취 다양한 어휘와 문장 성분올 사용해 글을 완성 시김. 가고싶은 여행지률 정해 친구들에게 조언올 주는 발표 활동에서 일본의 날씨 , 관광명소 , 식문화   언어에 대해 자료조사 틀 하여 발표 자료틀 성실히 준비함 . 발표중간에 목소리가 작아지는 모습올 한 차례 보없으나 내용 전달올 방해하는 수준은 아니없음; 한국사: 수업에 임하는 태도가 준수하미 , 다양하게 이루어지는 수업 활동에서 자신의 생각울 글 , 그림 등으로 표현하는 활동 에서 인상적인 표현력과 역사적 사고력올 보여둠. 한국사와 독립운동가 관련 녹후감쓰기 활동에서 난장이가 쏘아올린 작은 공(조세희) '과 '사람냄새 ,  한백봉 (이규석) '올 임고 책의 줄거리와 역사직 시대 상황 ,  인물의 일대기블 잘 정리합 . 또한 ,  책의 인상 깊있단 부분올 비주얼 싱컵으로 표현함. 역사적 사실올 바탕으로 자신의 생각을 논술하는 활동에서 자료름 꼼꼼하게 잎 어보고 그 역사적 매각울 찾아내는 역량울 갖추고 있음. 주어진 질문의 핵심 요지물 정확하게 파악하고  그에 맞는 내용올 자 코에서 찾아내어 논술할 줄 앞. 더 나아가 자신의 생각울 논술함에 있어 논리적이고 설득력-는 글쓰기 여량울 보여주고 여러 차례 진행된 글쓰기 활동에 있어 한번노 누락하지 암고 성실하게 임하는 태도록 갖고 있음 통합사회: 수업 시간에는 조용한 편이지만 , 바른 자세와 도럿하 눈빛으로 수업에 임하여 교사의 눈에 아주 잘 띄는 학생임. 수업이 끝난 후 어려운 내용올 교사에게 질문하여 해결하고   급우들이 모르는 내용에 대해 핵심적으로 설명하여 심화편 공부 틀 해나가는 모습올 보임. '정보화 사회의 개인정보 유출 문제와 해결방안 ' 올 주제로 실제 문제 사례와 우리 사회의 제도적 방 안율 조사하여 보고서률 작성함. 금전적 피해 , 스토템 등의 범죄 피해 등 개인정보 유출이 가져올 부가적 피해름 근거로 문제 의 심각성올 설명하고   예방 교육의 확대 및 인터넷 실명제의 도입 등의 해결방안올 논리적으로 주장함 . 또한 정의관의 특징 에 대한 이해도가 높으머  '정의로운 사회름 위한 선거 공약 만들기' 환동에서 교육  경제 분야의 공약과 그 기대효과큼 함께 제시함 . 나아가 자신의 공약의 한계점올 찾아 보완하다 설득력올 갖춤 . 현실 사회의 문제물 바라보고 사회 제도적 방안울 고 민하는 과정올 통해 사회 정의에 대한 이해틀 심화하고 실천적 자세틀 함양함 . 모든 과제 수행과정에서 문제의 핵심올 파악하 고 자신의 주장올 논리적이고 설득럭잎게 글과 말로 표현하다 뛰어난 문제해 결력과 의사소통능력올 발휘함. 통합과학: 교과 수업에 항상 밝고  성실한 태도로 참여함 . 교과 수업 중 이해하지 못한 내용이나 어리운 문제들올 질문하고, 스스로 문제물 풀어보는 등 수업내용올 이해하기 위해 노력하는 모습이 돈보임. 수업이 끝난 후 중요한 내용올 직접 조사하 여 , 과학 개념 활동지에 논리적으로 서술하고  꾸준히 복습하는 모습에서 올바른 학습 습관올 가진 뛰어난 학생임올 알 수 잎 음. 과학도서름 소개하는 활동에서 '재미있는 물리 여행 '이라는 도서름 얇고 중력  자유낙하 등 여러 가지 과학적 개념과 용 어들올 직접 조사하여 ,  조사한 내용과 느낌 점울 자신의 진로와 연관 지어 활동지에 서술하고, 교우들에게 책울 재미핑게 소 개함 . DNA의 역할과 염기배열 순서클 정확하게 이해하고 서술하여 이름 바탕으로 비즈률 이용하이 DNA 구조 모형올 정확 하게 만큼 . 중화반응 실험 활동에 적극적으로 참여하여 , 실험 목표에 맞게 실험올 진행하엿으미 , 일상생활에서 중화반용의 예시블 찾고, 조원늘과 원활한 토의블 통해 활동지블 작성함. 신재생 에너지에 대해 자세하게 조사하고, 스토리보드블 꼼꼼 하게 작성하여 제출함 . 조사한 내용과 느낌 젊을 교우들 앞에서 자신 앞게 발표함. 과학담구실험 : 화성 기지 설계하기 활동에서 모퉁원 사이의 활발한 의사소통올 통해 여할을 나누고   역할에 맞게 화성 기지 설계에 필요한 자료름 조사함. 화성 기지 건설 조건에 맞게 화성 기지름 설계하고 특징올 발표함. 구성원들의 투표에 의해 가 장 경청의 자세가 종은 모퉁에 선정팀. 친환경 에너지 도시로 스웨민 말되블 선정하여 도시 특징올 조사함. 파스되르의 생물 속생설 도출 과정올 설명할 수 있고  생물 속생설올 김종합 수 있는 나만의 실험으로 요거트률 이용하여 가설 설정올 포함한  --- Page 9 --- 정부24 과목 세 부 능력 및 특기사 항 연역적 담구 과정올 설계함. 우리 주변의 다양한 분아에 적용된 과학 원리 알아보기에서 볼림 경기에 적용된 과학 원리름 자 세히 조사하여 설명함. 미세 먼지가 발생하는 원인올 알고 미세 먼지의 피해률 줄일 방안올 조사함. 미세 먼지 예보 등급에 따른 나만의 행동 요령올 만들 . 도양과 호수가 산성화되는 원인과 미치는 영향   도양과 호수의 산성화틀 막는 방안올 자세히 조사함. 진로와 직업: 다양한 자기 이해 활동 결과 전산정보통신분야   컴퓨터응용분야 , 과학분야 흥미와 수리논리력  언어능력 , 자기 성찰능력 적성이 높고 과학 , 수학 과목에 흥미률 보이고 있으며 안정과 의미률 지향하는 가치관율 가지고 있는 자신의 특성올 이해하고 이틀 바탕으로 시스템 소프트웨어개발 관련 진로에 대해 진지하게 고민하는 모습올 보임. 게임 개발 관련 직업에 대한 편견과 고정관념에 대해 알아보고 이름 극복하기 위해 할 수 있는 것들올 다양하게 제시함. 논술: 프로그래머가 되기 전에 알앞다라면 종앞을 것들 (고마타 미쓰유키) 올 내 삶의 나침반이 되어준 책으로 선정하여 자신 의 생각울 글로 표현하고 이률 발표함. 책올 엎으L 프로 그래머에게 필요한 역량울 일게 되면서 '꿈'이 더 구체화되는 계기가 되엇고   소통의 중요성과 프로그래머의 현실적 고민과 삶에 대해 알게 팀. 이스터 섬에 대한 여러 신문 기사와 글을 임고 이 스터 섬이 몰락하게 된 가설 중 하나름 선택하여 , 주장과 근거름 담은 글을 작성함 . 부와 권력의 과시름 위한 무분별하게 자 연 환경올 파괴해 온 이스터 섬 사람들의 모습울 비판하고, 이스터 섬에서 일어난 문제가 현대의 우리들에게 시사하는 바을 서술함 . 영화 히든 피거스틀 감상하고 , 주인공들이 받은 차별과 차별에 대항하기 위해 노력한 행동들올 통해 우리 사회에서 일어나는 차별의 문제들올 생각해 보대 이률 해결하기 위해 역지사지의 마음가짐으로 배러하고 존중해야한다는 주제로 글쓰 기 활동올 함. '지속가능발전의 17가지의 주제물 이해하고 세계 현안 문제들의 심각성울 인식하면서 지속가능발전 올 위한 노력과 해결방안 에 대해 생각해보는 시간율 가짐 . 기업이 지속가능발전올 위해 진행한 여러 프로적트에 대해서 학습해보는 시간을 가져으미 , 다른 기업의 사례도 찾고자 노력하는 등 의미있는 시간을 보범 . 비교적 저럼한 가격대에 최신 유행올 반영한 상품올 빠르게 공급해 상품 회전울이 빠른 패스트 패션에 대해 알게된 후 문제점에 관심올 갖는 모습올 보임. 빠른 소비에 따른 자원 낭비와 환경오염 등 다양한 문제가 있음올 깨닫고 이름 해결하기 위해서는 어떤 것들이 필요한지 고민하는 모습올 보인 학생임 . 일 회용품의 사용울 줄이고 지속가능발전에 대한 메시지루 전할 수 있는 예코물병 만들기 활동에 참여함. 마인드맵울 통해 문제 틀 시각화하고 브랜드 아이데터티틀 표현하는 도안을 고안하여 불병 디자인올 완성함 . 해양 미세플라스틱의 문제에 관해 팀 구하면서 발생 원인, 이동 경로 등올 고찰함 . 플라스틱이 인간과 생태계에 심각한 위험요인임올 인지하고 미세플라스틱올 줄 일 수 있는 방법울 제시함. <진로 선택 과목> 성취도 성취노별 교과 과목 단위수 원점수 / 과목평균 (수강자수) 분포비율 기술 . 가정 / 제2외국 생활과 한문 100/88. 5 A(128) A(83.6) B(13. 3) C(3.1) 어/한문 / 교양 이수단위 합계 과목 세 부 능력 및 특 기사 항 생활과 한문: 한자의 정확한 음과 뜻올 알고 쓸 수 있으머 그 활용 능력 또한 뛰어나 어휘력이 풍부함 . 내가 표현하는 고사성 어 수업에서 사면초가과 관련한 역사적 배경과 실생활 활용예시률 조사하고 발표함.  특히 가독성이 좋은 시각자료들올 활용 하여 발표한 점이 우수함. 이틀 통해 한자로 이루어진 성어의 의미블 한자의 뜻과 유래틀 살펴 이해하고 매략에 맛게 활용할 학기  --- Page 10 --- 정부24 과목 세 부 능력 및 특기사 항 수 있음올 알 수 있음. 나아가 한문 기록에 담긴 선인들의 지혜와 사상을 이해하고   현재적 가치름 찾아 실생활에서 적용하미 구현해 나갈 수 있는 온고지신올 직접 실천하는 모습올 보여주는 매우 훌륭한 학생임. 한 학기동안 집중이수로 진행된 생활 과 한문 수업에서 우리 문화의 바탕에 깊이 뿌리내린 한자루 우리가 일상생활에서 자주 쓰는 말울 중심으로 학습함 . 한자의 기원부터 제자원리 및 한자 학습의 이유에 대해 알고 우리의 생활 속 대부분의 어위 속에 담겨있는 다양한 한자의 뜻과 쓰임 새늘 이해합 . 이틀 봉해 우리 문화에 대한 이해블 높일 수 있없음 <체육 . 예술> 학기 교과 단위수 성취도 체육 체육 예술 음아 체육 체육 예술 미술 이수단위 합계 과목 세 부 능력 및 특 기 사 항 체육: 자유부의 기본자세인 적절한 발 사이 거리와 90도의 팔끔치 각도물 잘 유지하여 자유투률 진행함 . 공율 반처주는 가이 드 손은 정확히 공 옆에 두고 강한 손목 스냄올 잘 활용하여 던지며 안정적인 자세름 잘 유지하기에 공의 귀적이 항상 일정 함. 굉과 45도 각도름 항상 유지하다 백보드름 정확히 맞추어서 진행함 . 공이 림울 통과하고 떨어질 때 민청하게 공을 잡고 반대쪽에서 숫함. 효율적으로 제한 시간 내에 성공하기 위해 강한 손목 스냄올 잘 활용하고 공은 항상 자기 머리 위에서 간결 하게 단짐 , 탤런스가 매우 잘 잡혀있어 일정한 속도로 리듬감 핑게 진행하여 높은 성공물올 보임. 농구 경기에서 지고 있더라 도 맡은 소임올 성실하게 수행하기 위해 경기에 열정적으로 참여함 . 쉬는 시간에 적극적인 토의풀 통해 자신들의 문제점과 보 완해야 할 부분에 대해 의견올 나늄. 음악: 자신의 삶에 영향울 준 음악울 발표할 때 '죽올 때 죽으면 돼'풀 추천함 . 비극적인 노래 가사이지만 이 곡울 통해 지금 현실은 힘들더라도 언젠가는 밝은 날이 올 것이라는 기대틀 하게 되있고 자신의 현재름 긍정적으로 바라보게 해주없기에 친 구들에게 소개하는 글을 작성함. 미술: 상상에 의한 표현 작품 '아웃뜻' 이라는 제목으로 파스빌올 활용하이 푸른색의 모노든으로 화면올 구성하고 굵은 선으로 인물의 형태률 회화적으로 표현함 . 피도그램 작품에서논 가족들의 이름올 문자로 응용하여 구성미와게 표현함.",5984,5,1,13,0.8355614973262032,0.16711229946524064,2.1724598930481283
202510847,2,2023,1,철학,교양,"인간큼올 배우고 언어와 인간관계름 중심으로 담구한 결과 물올 발표함. 비트건슈타인이 말하는 것이 단순히 낱 말울 나열하여 발음하는 것이 아니라 햇고   '철학적 남구' 에서 언어 사용은 한쪽이 낱말올 부르고 다른 쪽이 그에 따라 행위한 다고 한 것올 컴퓨터 코딩과 같은 것으로 설명합. 특히 비드건슈타인은 언어의 한계는 세계의 한계라 햇는데 , 코덩에서도 사 용되는 모든 단어들이 뜻올 가지나 단어들이 나열되어 문백올 이률 때 의미름 가지고 이해할 수 엇게 되고 코덩이 된 것은 그 제서야 의미블 가지게 되다는 것울 이해하게 되없다고 설명함.",303,0,0,0,0.0,0.0,0.0
202510847,2,2023,2,철학,교양,"세계로올 배운 후 홍스와 무소의 사회계약론올 담구하여 발표함. 홍스는 한 사회 안에서 공존하는 개개인은 같 은 조건에서 시작한다고 하엿는데 , 컴퓨터 작업에서도 기본 틀은 간고 무에서 유름 만심다는 것과 연결지음   컴퓨터와 다른 줄 아는 지식이 있다면 누구나 프로그램올 만들 수 있다는 점에서 후소가 말한 동등한 자유물 떠올림. 후소는 사회가 인간올 불행으로 돌아넣없다고 생각햇다는 점에서 컴퓨터가 아무 것도 하지 않은 자연상태에서는 선랑하나 사용자가 데이터 쌍고 사람  --- Page 14 --- 정부24 과목 세 부 능력 및 특기사 항 컴퓨터름 의답하는 것이 늘어나면서 약화몽다는 점과 공통점이 있다고 설명함. 수업 유연화 주간 (2023. 07.12.-07.13.)올 맞이하여 활동한 시사담구에서 학생의 관심 분야틀 찾아 자유롭게 활동지에 기 순하없음.  '최신 이공계 기술과 금음올 우리의 삶에 적용하는 방법 '에 관한 강연올 듣고 일상 생활 속에서 널리 사용되는 기술 의 호용성과 응용 방식에 대해 고살함. 교내 지역사회 환경 개선올 위한 프로직트 우수 산출불 발표 회블 참관하면서 학생의 관심과 아이디어로 여러 기술을 사용하여 지역사회 문제름 해결하는데 일조함 수 있음올 알게팀 . 인공지능에 관한 영상 시청 후 인공지능 운리문제에 대한 토론활동에 참가함.  지역사회 환경개선올 할 수 있는 방법울 고민해 보는 계기가 팀. <진로 선택 과목> 성취도 성취도별 학기 과목 단위수 원접수 / 과목평균 (수강자수) 분포비율 수학 기하 98/72,3 A(164) A(36,6) B(42.7) C(20.7) 예술 음악 감상과 비평 80/84.7 A(136) A(75.0) B(22.8) C(2. 2) 수학 기하 93/72.4 A(162) A(51,9) B(20.4) C(27.8) 예술 미술 감상과 비평 88/78.4 A(134) A(58.2) B(29.9) C(1L.9) 이수단위 합계 과목 세 부 능력 및 특기사 항 기하: 기하 학습 성취도가 매우 뛰어난 학생임 . 평면 백터의 내적 , 좌표평면에서 넥터름 이용하여 직선과 원의 방정식올 구하 고, 그 과정올 정확하게 서술함 . 평면백터와 관련본 여러 가지 문제률 해결하고   정확한 수학기호루 사용하여 그 과정올 간결 하고 논리적으로 유창하게 표현하여 나타님 . 자신의 문제 해결 과정이 울은지 비판직으로 평가하고 되돌아볼 수 있으면  주 어진 정보와 조건올 분석하여 다양한 관점에서 해결 방법이나 전락올 제시함 .  직선과 직선  직선과 평면   평면과 평면의 위치 관계 , 삼수선의 정리 . 정사영 , 좌표공간에서 점의 좌표와 두 점 사이의 거리, 선분의 내분점과 외분점의 좌표 , 구의 방정식과 관련된 원리와 성질올 이해하고 그 내용올 정확하게 서술하여 학습지에 제출함 . 공간 도형   공간좌표와 관련된 여러 가지 문 제루 해결하고 . 정확한 수학기호름 사용하여 그 과정올 간결하고 논리적으로 유창하게 표현하고 증명하여 포스풀리오에 제출 음악 감상과 비평: 수업에 열심히 참여하다 가장 수업과 감상 수업에 많은 흥미률 가짐. 음정과 박자   셈여림 등울 잘 지키미 노래하고자 하는 모습에서 세심함올 보임. 생활 속에서 다양한 장르의 음악울 즐기는 태도가 바람직함 . 또한 수업시간에 교 사의 설명올 주의깊게 경청하다 적극적인 참여의지름 보임 미술 감상과 비평: 색의 특성에서 색의 속성에 관한 담구 활동으로 다양한 보색 대비름 경험하고 이와 연결되는 캠버스 아크 킬화 실기 활동으로 고흐의 '별이 빛나는 밤'울 재구성하여 보색 대비률 실현하없음. 시각 디자인에 관한 내용올 파악하고 광 고 디자인에 대한 자료틀 담색 , 광고물의 특성올 살린 음료 광고 고스터름 깔끔하게 채색하여 완성함. <체육 . 예술> 학기 교과 과목 단위수 성취도 체육 운동과 건강 교과  --- Page 15 --- 정부24 학기 교과 과목 단위수 성취도 체육 운동과 건강 이수단위 합계 과목 세 부 능력 및 특기사 항 운동과 건강: 체육 시간에 학우늘과 어울리다 줄겁게 기능 연습올 하여 스포츠에 관심울 시작햇다고 소감문에 작성함 . 기능 연습 시간에 성실하게 임하없으며 자신에계 생소한 배구와 축구 기능 연습올 통해 학기 말에는 실제 경기에서 자신이 연습한 농작올 자주 수행하엿고 실수률 하더라도 주둑 들지 암고 경기에 열정적으로 참여함.",2118,2,1,8,0.9442870632672333,0.47214353163361666,3.7771482530689333
202510855,1,2022,1,국어,국어,"누구보다도 발표에 적극적이미 . 경쟁심올 긍정적으로 발휘하여 수업에 열정적으로 참여함 . 갈래에 따른 형상화 방식울 이해하여 작품올 능동적으로 남구하다 감상활 수 있으미, 음운 변동과 문법 요소률 익혀 실제에 올바르게 적용함. 시와 노래' 활동에서 '반 집(기형도) '올 대중가요와 내용 및 형식 축면에서 비교하여 감상한 후 발표함. '인터넷 나라의 엘리 스(안트예 스칠라트) '틀 매주 성실히 읽은 후  인터넷 매체가 사람의 인생올 바꾸는 현실올 떠올리미 책을 다각도로 평가해 진지한 서평올 작성하고 , 설득력 있는 추천사와 내용에 어울리는 삼화루 담은 표지루 만득",317,0,1,2,0.0,3.1545741324921135,6.309148264984227
202510855,1,2022,2,국어,국어,"학습 능력이 뛰어나 중세 국어의 문법요소홀 바르게 학습하고 급우들에계 자신이 이해한 내용올 설명해중 . 문 학사의 흐름을올 고려하여 작품의 가치루 평가할 수 있으L   중세 국어의 음운 및 표기법올 동해 언어의 역사성올 명화히 인식 하고 이틀 발표함. '명시 패러디 활동' 에서 '봄은(신동업) '의 주제틀 명확하게 설명한 후 음성상징어 , 대조법 등의 형식적 특 징을 반영하이 자신만의 주제로 시 '돈은' 올 창작함. '독서는 즐거워' 활동 중 스스로 정한 책 '샌프관시스코 이방인 (서동주) ' 읽으며, 요약과 본인 생각울 적어 매주 성실히 제출함.  --- Page 7 --- 정부24 과목 세 부 능력 및 특기사 항",348,0,0,0,0.0,0.0,0.0
202510855,1,2022,1,수학,수학,실생활 문제 해결올 위하여 수학적으로 상황울 분석하여 해석할 수 있음. 이차함수 그래프풀 활용하여 해률 구 하는 과정이 논리적이고   직합한 해인지 판단하는 능력이 뛰어남. 점의 이동올 좌표평면올 이용하여 설명하다 이 방법이 왜 유용한지와 도형의 평행이동이 수식으로 표현되는 원리에 대해 친구들에계 자세히 설명하여 이해름 도움. 문제름 해결함에 있어 다양한 방법으로 접근하고 새로운 내용올 접햇울 때 주어진 바물 기존에 알고 있년 지식과 연결하여 자신만의 언어로 전 환하여 서술형 풀이 과정올 군더더기 없이 완벽하게 씨님 .,293,1,0,1,3.4129692832764507,0.0,3.4129692832764507
202510855,1,2022,2,수학,수학,실생활 속의 수학 찾기 수업에서 합성함수률 사용하여 환율 정보률 가지고 서로 다른 두 외화 구입에 필요한 원 화을 계산하고 두 외화간의 비틀 이용하여 환전하는 식올 세우며 경제와 수학과의 관계블 생각함. 수형도틀 통해 순열의 수름 구하는 방법은 일반화하여 문제름 창의적으로 해결하고 설명하기 위해 도식의 활용법올 스스로 찾아념. 또 자동차번 호름 부 여하는 방식에도 규칙성이 있음올 발견하면서 컴퓨터 공학 관련 직업에 관심울 보임. 조함의 수의 실생활 문제 활용 축구 대 진 구조 만들기 수업에서 정교하게 잘 짜이진 문제름 제시하고 풀이름 매우 깔끔하게 작성함 .,315,1,0,1,3.1746031746031744,0.0,3.1746031746031744
202510855,1,2022,1,영어,영어,일상생활이나 친숙한 일반적 주제에 관해 자신의 의견이나 감정올 쓰는 수업에서 20년후 자신의 모습올 상상해 보고 모바일 소프트웨어 개발자가 되직다는 꿈과 함께 이름 이루기 위해 단계적이고 구체적인 계획올 세위 노력하켓다는 내 용의 에세이올 정확한 문장으로 작성하엿으며 자신감 있는 태도와   유장한 발음으로 발표함 . 꿈과 진로에 대한 단원에서 파드 너의 진로에 대해 구체적으로 소개하고 질문 받는 활동올 하여고 미술작품 감상하기 단원에서 광화문이라 불리는 그림의 구 체적인 묘사와 감상평올 작성하여 발표함.,284,0,0,2,0.0,0.0,7.042253521126761
202510855,1,2022,2,영어,영어,환경오염과 친환경적 생활방식에 관한 단원에서 각 개인이 실천할 수 있는 방법들올 생각해보고 쓰레기블 함부 로 버리지 암거나 재활용에 열심히 참여하고 일회용품 사용을 최소화 하는 등 작은일부터 실천해보켓다는 각오름 작성하여 정확한 발음으로 발표함. 스포츠에 적용된 여러가지 과학기술올 소재로한 단원에서 기발한 아이디어로 인공지능 축구공의 주 요 특징 들올 잘 살러 홍보하는 창의적인 홍보 글을 작성함. 한국사: 수업에 늘 성실하게 참여하없으다 현대사 부분에 대한 관심이 높아 2학기 수업에 더 잘 따라오는 모습올 특히 사회주의 독립운동가들의 긴국혼장 서훈 주제에서 북한 정권 수립에 기여한 자들에 대해서는 일제 강점기 독립운동올 하없다 라도 작게라도 친일 혹은 북한 정권 수립에 참여한 경우라면 서훈이 불가함울 주장함. 반민족행위자 바로 일기 카드 만들기와 판결문 쓰기틀 통하여 친일반민 족행위자의 행적과 죄상을 반민법올 대입하여 지적하없으미 역사의식올 가지고 직절하게 친 일에 대하여 비판적인 태도름 기술함 . 동고의 고려 지배 시기 지배중의 외세에 대한 협력 문제와 개인의 발전 기회에 대하여 자신의 입장울 내정간섭기의 친원적 협력의 관점에서 잘 정리하여 발표함.  독도 영유권 관련 인포그래픽 만들기에서 일본의 영유권 주장에 대하여 여사와 지리 사료적 근기름 들어 정확하기 반박하는 작업올 완료함. 6 . 25전쟁과 한국전쟁의 명칭 문 제에 대하여 6 . 25 전쟁올 사용하는 것이 한국 전쟁울 사용하는 것 보다 내면올 보면 명확히 전쟁의 당사자인 두개의 한국과 주변국들올 표현하기에 직합하다는 의견올 제시합 .,792,1,0,5,1.2626262626262628,0.0,6.313131313131313
202510855,1,2022,1,통합사회,사회,"본인이 생각하는 이상적인 도시틀 계획하는 활동에서 언제 어디서든 교육 활동이 이루어지는 도시률 주제 로 선정함 . 한 분아에 재능이 있는 학생이 마음껏 공부할 수 있는 경제적 제도 구축하기 , 직업 전문가들의 재능 기부 프로그 캠울 통해 진로 받색 기회률 확대하기와 같은 도시 특색사업올 구상함. 그리고 이에 부합되는 인구구조 , 성비 , 도시 구획도물 직접 계획함으로씨 본인의 진로와 연계한 새로운 도시 형태률 담구해 봄.  정보화와 정보운리 개념올 활용하여 인터넷 실명제 노입에 대한 본인의 생각울 논술하는 활동에 참여함 . 실명제름 통해 악성 대글올 작성한 사람울 찾아닐 수 있어 관련 피해름 예방할 수 있다는 장점올 언급하다 인터넷 실명제에 대해 찬성하는 입장에서 자신의 생각울 서술함.",388,0,1,1,0.0,2.577319587628866,2.577319587628866
202510855,1,2022,2,통합사회,사회,복지계획서 작성하기 활동에서 노년충이 많은 지역의 특성에 맛취 예산을 편성해 봄. 특히 고렇화 분아에 서느 '노인 치매 예방 프로그램 ' 올 제안하여 건강한 생활이 가능하고   보건 분아에 서는 '유행 바이러스 백신 무료 접종' 올 공 공 보건 서비스틀 확대하도록 함. 이 활동올 통해 복지 방향에 맛취 현실적인 제도물 확충하는 것이 중요함올 알게 팀. 보임.  --- Page 8 --- 정부24 과목 세 부 능력 및 특기사 항,240,1,0,0,4.166666666666667,0.0,0.0
202510855,1,2022,1,통합과학,과학,"우주 전체에 가장 많은 원소가 수소와 헬롭임올 스껴트럽 관찰을 통해 주론하고 , 수소와 헬롭이 우주 초기 부터의 진화 과정울 거처서 형성되없음올 관족 결과루 근거로 설명할 수 있음. 지구 시스템은 태양계의 구성요소이면서 그 자 체로 수많은 생명체틀 포함하는 시스템임올 설명하고  지구 시스템올 구성하는 하위 요소의 특징과 상호 작용올 사례틀 들어 설명활 수 있으머 , 기권과 수권의 상호 작용으로 나타나는 자연 현상올 물질의 순환과 에너지의 흐름으로 설명할 수 있음. 세 상울 이루는 물질은 원소들로 이루어저 있고 1주과 17주 원소플 통해 같은 즉 원소들의 화학적 성질이 유사함올 설명할 수 잎 으머 원소의 성질 , 용도 등올 바탕으로 한 주기울표록 만들 수 있음. 충돌과 관련된 안전사고 예방 장치름 고안하고 , 고안한 장치의 효과성올 충격량과 운동량   관성올 이용하여 평가할 수 있음.",443,1,0,1,2.257336343115124,0.0,2.257336343115124
202510855,1,2022,2,통합과학,과학,4차 산업 학명 사회와 나의 진로 찾기 활동에서 컴퓨터 공학 분아에 활용월 수 빗는 핵심 요소 인공지능은 조지능 특징으로 소프트웨어 개발에 활용할 수 있다는 의견올 제시함. 스스로 세포막에 대한 내용올 담구하여 화산과 선택적 투과성과 전자기 유도 법칙에 의한 여러가지 발전 방식에 대해에 대해 학급 친구들에게 설명함.,177,0,0,1,0.0,0.0,5.649717514124294
202510855,1,2022,1,과학밤구실험,기타,역사속의 과학 팀구 활동으로 자유낙하 운동과 수평으로 던진 물체의 운동올 그래프로 작성해 물체 운 동의 공통점과 차이점올 논리적으로 설명함. 캐릭터 카드볼 규칙성에 따라 발견하고 발견한 규칙성에 따라 비어앗는 캐릭터 카드의 디자인올 표현해 결과물음 전달력 앞게 발표함. 생활속의 과학 담구의 주제로 바이타민C의 농도에 따른 산화 환원 반 응울 보축원과 협력하여 실험 계획울 세우고 스스로 실험울 진행해 보면서 자기주도 학습 능력이 향상팀.,245,4,0,1,16.3265306122449,0.0,4.081632653061225
202510855,1,2022,2,과학담구실험,기타,"플라스틱의 종류조사에서 분리배출 표시 PVC눈 플리 염화바이닐올 의미하며 파이프 제품이 있고 미 래 플라스틱은 가공성이 뛰어나고 금속으로 구현하기 어려운 기계적 화학적 가공이 가능할 것이라는 내용올 밤구함. 인터넷 에서 영어 자료블 탄색하여 초전도체 발전 동항이라는 주제블 선택하여 한국어로 해석하고 가장 얇은 초전도체 내용올 보고 초전도체는 전기저항이 0인 것으로 초고속 컴퓨터, 양자 컴퓨팅   에너지 손실 없이 승전하는 전력선 개발, 의료 진단 등 여러 분아에서 발전하고 있다는 내용올 보고하여 과학 남구 역량울 향상시김 . 스마트 기기 활용 광도와 소음올 축정하여 설명함. 해시계틀 제작하고 현재 사용하는 시각과 차이나는 이유름 설명함.",360,1,1,1,2.7777777777777777,2.7777777777777777,2.7777777777777777
202510855,1,2022,1,기술 . 가정,기술·가정,한국 전통음식 수업에서 발표 식품의 유용성과 영양학적 우수성올 이해하고 특히 김치에서 생성되는 젖 산 발표균의 작용에 대해 알고 설명함 . 또한 우리 고유의 음식 문화에서 약식 동원   음양오행 사상이 적용된 사례름 찾아보고 제시함 . 친환경적인 주생활 문화물 이루는 우리나라 전통 가욕의 과학적인 지혜률 면밀하게 살펴보고 계절 변화에 따른 냉방 과 난방 방식의 종류와 원리블 이해함 . 한욕의 우수성올 적용하여 전통올 계승하고 현대의 주기 요구에 맞추어 친환경직인 주 생활올 실친할 수 있는 방안을 모색함,283,0,0,1,0.0,0.0,3.5335689045936394
202510855,1,2022,2,기술 . 가정,기술·가정,"다산 정악용의 자녀 교육과 유대인의 자녀 교육올 비교하여 설명하엿고 , 이들의 사례에서 책임 있는 부모 의 여할올 담색한 후 자신의 미래 부모 서약서름 작성함. 자녀의 행동이나 사회적 정서적 발달에 근 영향올 끼치는 부모의 양 육 태도의 여러 가지 유형올 살펴보고  정서적으로 안정되어 잇고 책임감이 있으벼 힘동적인 아이로 자락 수 있도록 양유하는 수용직 태도틀 정확하게 이해하고 있으며 방임적 태도   과엉보호적 태도의 단점올 비교하여 설명함 . 이틀 통해 반드시 갖추 어야 할 부모되에 필요한 역량올 올바르게 인식함. 학교자율과정 (2022.12.26.-2022.12. 30,) '미래 과학 기술 발전과 생애 주기 설계하기' 주제 담구 활동에 참여함. 미래 과 학 기술 발전이 인간의 삶에 미치는 긍정적인 면과 부정적인 면올 비교하다 모든 토의함. 긍정적인 효과로 유한한 자원올 대 체할 방안   생명 공학 기술의 발달로 인한 기대 수명 연장의 사례블 제시합. 부정적인 축면으로 비운리적 생명 운리의 사례틀 제시함. '물리학의 역사적 과학자들과 수학' 주제 담구 활동에 참여함. '다양하 영화 속 수학적 원리 발견 및 해결방안 담구 주제 남구 활동에 참여함. 실생활에서 흔하게 볼 수 있는 문제률 해결할 수 있음. 암호 퍼출의 기본 원리에 대한 이해도가 높 아서 습득한 지식올 적절히 활용하다 주어진 시간에 최선올 다하여 다양한 문제름 풀어님. <진로 선택 과목>  --- Page 9 --- 정부24 성취도 성취도별 학기 교과 과목 단위수 원점수 / 과목평균 (수강자수) 분포비율 예술 음악 연주 91/91.2 A(305) A(90.8) B(7, 9) C(1 3) 예술 음악 연주 100/83.6 A(296) A(696) B(24.0) C(6,4) 이수단위 합계 과부 세 부 능력 및 특기사 항 음악 연주: 음악에 대한 높은 흥미와 소질올 바탕으로 모든 활동올 적극적인 태도로 성실히 수행함. 나의 음악 이력서 만들기 틀 통해 다툼 수 있는 악기 , 생애 최고의 음악 등올 소개하이 자신의 음악적 수준올 드러님. 즐거들는 음악 장르로 합합, 판, 이디액올 급고 이유률 들어 자신의 음악적 취향울 설명함 . 교가 지위하기에서 지휘자의 대도와 역할 , 양손의 역할 , 나타님말 인 마예스토소의 의미 ,  4분의  4박자의 지휘도형 . 예비바의 기능 등올 익히다 지뤄의 중요성올 배움. 활동올 통해 예비박의 중요성올 인식하는 계기가 되없다고 함. 우리 반 반가 만들기 활동에서 '노는 게 제일 좋아' 밀로디에 자신의 학급의 일상울 표현하고 자아성찰하는 가사을 창작하고 발표하여 학급 친구들에게 공감을 받음. 아리랑과 도리 알아보기에서 지역별 민요와 아리광올 구별하여 설명함 . 토리의 정의름 설명하고 경토리 , 수심가토리   육자배기토리   메나리도리의 구성음과 시김새적 특징울 정확하게 설명함 . 경기 아리랑울 익히다 장구의 구조 , 연주법 및 구음올 익힘. 장단 속 삼소박의 개념울 이해하고 강 세틀 살러 세마치장단의 한배틀 안정직인 속도로 연주함 . 연주 중 적절한 곳에 변형 장단올 제시하여 우리 음악 고유의 멋을 아름답게 표현함 <체육 . 예술> 학기 교과 단위수 성취도 체육 체육 예술 미술 체육 체육 예술 미술 이수단위 합계 과목 세 부 능력 및 특 기사 항 체육: 교과 활동에 적극적으로 참이하없으미 운동 수행에 필요한 기능과 규칙을 잘 알고 운동 과제름 올바르게 이행함 . 체육 활동에 필요한 복장울 준수하고 운동 수행에 필요한 기능과 규칙울 잘 알매 주어진 운동 과제풀 올바르게 이행함. 네트형 경 쟁 활동 모든 활동올 통해 팀 조장 여할을 맡아 팀 동료들과 함께 소통하여 적극직으로 참여합 .  경기 중 다양한 상황에서 침 착함올 유지하다 팀 승리에 기여함 . 청소년 체조 표현 활동올 통해 예술적인 감각을 이해하고 자신만의 상상력올 동원하여 여 러 가지 느낌이나   감정 , 사물 등 창의적인 신체 움직임올 표현함. 미술: 미술작품에 대한 자기 생각울 논리적으로 서술하는 비평문 작성 수업에서 미술사적으로 의미가 있는 장 미실 바스키아 의 작품올 배정반고 관련 정보름 수집해 높은 수준의 비평 능력올 보여중 . 자기 개성올 담은 아바타름 기획해 냄. 그러번 아 이디어 스레치름 종이 위에 퍽실올 활용하여 옮기 작품올 제작함 . 진로예 대한 고민을 이미지로 구체화한 작품음 제작함. 현 재 자기 모습과 미래의 모습올 설득력 핑게 묘사함 . 다양한 비평 관점올 활용하여 작성한 미술 비평문을 논리적으로 발표하는 모습이 인상적임. 작가, 사조 , 시대적 배경 등 구체적 정보름 바탕으로 제작한 시각 자료틀 활용하여 친구들 앞에서 자신감 핑게 발표함 향후 거주하게 덜 첫 집율 투시률 활용하여 표현함. 실내장식 전반올 직접 기획하는 모습이 인상적임. 내면세  --- Page 10 --- 정부24 과목 세 부 능력 및 특기사 항 계름 담색하는 시간을 가진 후   꿈구는 20대의 모습올 완성도 높은 자화상으로 그러",2423,2,1,7,0.8254230293025175,0.41271151465125877,2.8889806025588114
202510855,2,2023,1,불리학 [,기타,"여러 가지 물체의 운동 사례블 찾아 속력의 변화와 운동 방향의 변화에 따라 분류하고 속도와 가속도의 개 넘으로 설명할 수 있으머, 뉴단의 운동 법칙올 이용하이 가속도   속도 , 위치의 변화틀 식과 그래프로 나타) 수 있으머 이틀 통해 물체의 운동올 정량적으로 예측할 수 있음",154,0,0,1,0.0,0.0,6.493506493506494
202510855,2,2023,2,물리학 1,기타,"고체의 에너지다 이론으로 도체 , 반도체 , 절연체 등의 차이틀 설명하고 , 고체의 전기 전도성올 비교하는 담구름 설계하여 수행할 수 있으머  종류가 다른 원소름 이용하여 반도체 소자름 만들 수 있음음 p-n접합 다이오드름 이용 하여 설명하고 다이오드가 한 쪽 방향으로만 전류률 흘리는 성질이 있음올 설명활 수 있음. 담구 수행에서 휴대전화가 무선 충전되는 4단계 과정올 교류 전류에 의한 자기장의 변화틀 통해 유도되는 전류름 자세하게 잘 설명함 . 막대 자석과 컴퓨계에 연결된 코일의 상호 작용으로 인한 물리적인 요인들올 설정하고 설명할 수 있음. 여러 가지 전반사 현상올 관찰하여 전반사 조건올 찾고 광통신 과정올 파동의 전반사 원리블 이용하여 설명할 수 있음 화학 I : 암모니아로부터 질소 비료의 대량 생산   합성 섬유와 합성염로 , 철근 군크리트의 개발 사례블 들어 화학의 유용성울 조리있게 설명함 . 다전자 원자의 오비달 에너지 준위 순시에 따라 바닥상태 전자 배치틀 표시하고  같은 즉의 원자, 금속 . 비 금속 원자와 각각의 안정한 이온   등전자 이온에 대한 반지름 및 같은 주기의 원소에 대한 이온화 에너지의 주기적 변화률 전 자 껍질 수와 유표 핵전하블 근기로 간결명로하게 설명함 . 이온 결합 화합물의 녹는점에 영향올 주는 요인올 고려하여 녹는점 차이름 설명함 . 전자쌍 반발 이론올 적용하이 분자 구조름 결정하고   전기 음성도와 쌍극자 모멘트에 대한 이해름 바탕으로 결합 극성과 분자 극성울 도출함 . 물의 자동 이온화와 물의 이온급 상수에 대한 이해률 바방으로 염기 용액의 pH률 계산하고 중화 반응에서의 양적 관계름 바탕으로 산과 염기 용액의 단위 부피당 이온 수의 비름 도출하는 과정올 논리적으로 설명함 . 복잡한 산화 환원 반응식올 완성한 후 산화제와 이동한 전자 사이의 양적 관계름 제시하다 ,  금속과 금속 이온의 반응에서의 양적 관계플 바탕으로 금속 이온의 전하 도출 과정올 바르게 설명함 . 자기주도학습이 습관화되어 있어 실력올 꾸준히 다져나 가능 학생임 생명과학 I : 성실하게 수업에 임하면 배운 내용올 잘 요약 정리하여 친구들에게 도움올 춤 . 신경계의 구조와 기능을 이해하 고, 파긴스병에 대하여 신경계 이상 부위와 증상 및 치료 방법울 조사하여 발표함. 중뇌의 혹질에 이상이 생감올 확인하고 힘 올 빼고 있는 팔에서 규칙적인 떨림이 발생하는 증상올 소개하엿으며 뇌풀 전자기계로 변환하는 기술이 발달하면 도움이 월 수 있으지에 대하여 상상하고 긍정적 효과틀 기대해 볼 수 있음올 표현하여 호응올 얻음. 가계도와 핵형올 분석하여 유전병올 판단활 수 있으벼 옆색체 비분리 과정올 논리적으로 추론하여 설명함. 유전병 자녀물 가진 가족이 착상 전 유전 진단올 통해 건강한 아이틀 출산하려는 사례에 대하여 유전 진단 자체가 산모와 배아에게 나변 영향올 미칠 수 있기 때문에 반대한다고 주장함 . 생물 다양성의 의미와 중요성올 잘 알고 다양성올 감소시키는 원인으로 외래종의 유입에 주목하엿으미 , 불무길의 생 태륙 조사하여 산출물올 완성함 . 자원 조성올 복적으로 방류하엿으나 도착 어종과 서식지 경쟁에서 우위블 차지하게 되없음 올 알리고  외래종올 인위적으로 도입할 때는 좀 더 자세하고 구체적인 환경 영향 평가가 있어야 한다는 주장올 담은 학습지 률 제출함",1622,3,0,2,1.8495684340320593,0.0,1.2330456226880395
202510855,2,2023,1,일본어 I,제2외국어,"청음과 탁음올 구분하고 혹음과 장음 표현 등 일본어의 다양한 소리름 익험 . 가족음 소개하는 표현 , 자신 의 취미와 현재의 관심 분아물 소개하는 표현올 듣고 이해할 수 있음. 일본 고등학교의 놓아리 특징올 알아보고 내가 참여해 보고 싶은 동아리 활동에 대해 이야기해 봄 . 요청하는 표현올 활용하여 적절한 단문올 자성할 수 있음",184,0,0,2,0.0,0.0,10.869565217391305
202510855,2,2023,2,일분어 I,기타,"'독도 영유권 분쟁 논술하기' 예서 해당 분쟁은 국제기구에서도 명백한 입장울 밝히지 못한 정치적으로 어 려운 사안임올 밝히다 양추의 주장올 비교합 . 이에 대한 해결법으로 국제사회의 중재만이 아년 양국의 직접적인 회담과 합의 가 필요함올 축구함. 일본어 한자는 음과 훈으로 나뉘어저 각각의 읽는 소리가 다름올 이해함   일본의 연중행사름 알아보고  --- Page 13 --- 정부24 과목 세 부 능력 및 특기사 항 한국과의 공통점과 차이점올 비교함. 비교하는 표현올 익히고 두 조건올 농고 어느 쪽올 고름지 선택하는 말하기름 함 수 잎 학교자율과정 (2023,07.12.- 2023.07.14,) '스포츠도 과학이다 !' 주제 담구 활동에 참여함. 공기저항을 효과적으로 줄일 수 있는 방법울 이해하고 충격량과 관련지어 공율 강하게 치거나 잘 수 있는 과학이혼수업올 듣고 체육관에서의 배드민터 경기 에 참이함 , 배드민터 경기에 적극적으로 참여하이 이론수업에 배운 내용올 적용하는 모습올 보임 '일상에서 확인하는 유전현상' 주제 밤구활동에 참여함. 유전인자루 사고 파는 세상울 다른 공상과학영화루 시청 후 유전자가 전부인 세상에서 자신의 꿈을 위해 열심히 노력하는 주인공에 감명올 받음. 유전자 재조합기술에 대해 담구하고 유전자 가위 틀 활용해 영화 처럼 우성 인자만 가진 아이름 출산하는 것에 대해 토론함 . 반려동물에게 유전 질환이 많은 이유름 알아보고 건강한 개체률 얻기위한 번식 전락올 세위봄. 주명증 관련질환에 대해 알아보고 유전질환 치료플 위한 동물 복지제도와 반려 인들의 책임감에 대해 발표함. <진로 신택 과목> 성취도 성취도별 학기 교과 과목 단위수 원점수 / 과목평 군 (수강자수) 분포비율 과학 생활과 과학 94/81.1 A(130) A(69.2) B(23.8) C(6 9) 과학 생활과 과학 91/74.2 A(128) A(50,8) B(25.0) C(24.2) 이수단위 함계 과부 세 부 능력 및특 기사 항 생활과 과학: 개인워생이 질병 예방에 어떤 영향울 주는지 산옥열로 인한 사망이 손셋기로 감소한 사례름 들어 설명함. 또한 기억세포 형성과 관련하여 1, 2차 면역의 차이적올 이해하고 항원 항체반용올 설명할 수 있음. 삼투현상을 이해하고 염장, 당 장에서 농도차이에 의한 수분의 이동 방향울 설명활 수 잇고 수분올 제거하는 것이 식품의 보존기간 올 늘랍수 있음울 세군 번 식의 조긴과 연관지어 설명할 수 있음. 식품버가제의 종류와 그 사용 목적올 이해하고 생활속에서 사용되는 식품철가제름 성 분표에서 찾아 일일 섭취량올 계산활 수 있음. 초창기 증기기관과 개량된 증기기관의 차이점올 냉각과정올 중심으로 비교 분 석하고 작동 방식올 담구함 . 내연기관과 외연기관의 차이점올 비교  분석하는 활동에 참여함. 과학적 방법으로 사고늘 줄이 논 방법올 이해하고 설명 가능함 . 마찰력에 대한 이해름 바탕으로 타이어와 도로의 훔이 지난 역할울 설명한 수 있고 관성과 충격량울 연관지어 에어백과 안전탤트의 역할울 설명활 수 있음. 마찰력올 높이거나 줄여서 경기 기루에 영향울 주는 사례물 설명할 수 잇고 소재가 가진 특수한 성질올 이용하여 경기력올 높여준 장비름 설명 가능함. <체육 . 예술> 교과 가목 단위수 성취도 체육 운동과 건강 체육 운동과 건강 이수단위 합계 과목 세 부 능력 및 특기사 항 운동과 긴강: 수업 시간에 학급이 분위기 메이키 여할올 하여 , 항상 최선올 다하는 모습이 인상적인 학생임.  --- Page 14 --- 정부24 과목 세 부 능력 및 특기사 항 배드민터 서브와 하이글리어 동작올 이해하고 있으머, 동작 연습올 위해 항상 친구와 함께 반복적인 동작 연습올 열심히 하는 모습올 보임. 배드민터 경기 시 팀원과 로테이선이 잘되지 암울 때에도 짜증올 내지 암고 서로 협력하는 모습이 관찰독. 티불 경기의 기본이라 할 수 있는 던지기 동작올 하체와 상체의 조화틀 이루어 자연스러운 동작으로 목표 지점에 정확하게 던 질 수 있는 능력올 가진 학생임 . 배트름 이용하여 공을 향해 0두르는 동작과 공을 정화하게 맞추어 본인이 원하는 방황으로 보닐 수 있는 능력이 있음 배구 경기 중 서브  리시브 스파이크 등의 기술을 구사할 수 있으머, 특히 본인의 특기인 서브률 이용하여 상대의 기선을 제 입하고 팀의 승리률 위해 친구들과 협력하는 모습과 리더십울 보임 배드민터의 특성과 시설 , 용구 경기 규칙   심판의 수신호 등 배드민터에 대해 잘 이해하고 있으머 ,  특히 경기 규칙과 심판의 수신호에 대해 논리 정연하게 서술함.",2219,4,0,4,1.8026137899954935,0.0,1.8026137899954935
202511291,1,2021,1,영어,영어,"영어단어 발표에 자발적으로 참여하여 수업분위기블 주도함 . 교과와 연계된 양성평등 교육활동 후 , 남녀의 차 이와 다양성올 인정하고 양성평등이 실천되어야 한다는 의견올 영어로 발표하엿고   2014년에 개정된 정치 . 경제 . 사회 . 문화 의 모든 영역에서 양성평등 이념올 실현하기 위한 법인 양성평등기본 법에 대한 참고자로블 조사하없으다 ,  네팔 여성들의 인 권침해 , 인도 가부장사회   한국과 더불어 세계에서 진행되고 있는 폐미니좀 운동 등과 같은 양성평등에 관련된 구체적 사례 틀 제시함",278,1,0,1,3.5971223021582737,0.0,3.5971223021582737
202511291,1,2021,2,영어,영어,"음합수업에서 '소중하게 생각햇던 사람이 떠나면서 느끼는 슬픔' 에 관한 감정올 나타내는 시틀 작성한 후 , 영어 보 번역합 .  별이라는 객관적 상관물로 감정올 승화 시키고 이별한 화자을 잊지 않젯다는 내용으로 시물 작성하엿으다 , 영작 통해서 조동사나 전치사 등의 영어문법 요소늘올 활용하는 방법과 문장구조파악에 대해 알게 팀. * 본 증명서는 열람용이며, 법적 효력이 없습니다:  --- Page 8 --- 과목 세 부 능력 및 특기사 항 한국사: 고종에 대한 역사인물 재판 글쓰기 활동에서 고종이 서양의 문물올 받아늘인 사실올 근기로 용호함. '일제강점기 그 늘의 다른 선택 (신안나) '올 입고 장준하가 독립 운동올 하게 된 계기와 활동에 대해 담구함 . 시대적 상황과 인물에 대한 역사 적 사실올 인식하여 독서록올 작성하고 친구늘에게 의견올 전달함 . 장준하의 독립 운동 활동올 담구하면서 인물의 감정에 공 감하는 글을 서술합.",468,1,0,0,2.136752136752137,0.0,0.0
202511291,1,2021,2,통합사회,사회,"사회 문제 해걸에 관심올 보임 의요진의 역할에 대해 통합사회적 관점에서 분석하여 발표힘 . 난민 문제블 인급하다 의표진의 필요성올 강조힘 . 자신의 자리 에서 최신올 다하는 의표진에게 감사한 마음올 갖고 자신도 그러한 사람이 되고 싶다는 포부물 밝히다 발표블 마무리합 . 통합과학: 매 수업때마다 밝아 수업 분위기블 유쾌하게 조성하는데 기여하고 실험 , 협력 활동에서 리디심십올 발휘해 구성원들 에게 직절한 역할올 분담할 줄 알며 추론올 통해 함께 결과늘 도출하고  관련 지식올 습득하려 노력하는 학생임. 알걀리 금속 실험에서 폐자프발레인 지시약올 떨어프린 불 위에 금속올 잘라 반응성올 비교하는 도전적인 과정올 속선수범하여 수행하 고  공통직인 성질과 반응성의 크기 비교블 조원 늘과 도론올 기처 해결할 수 있엇고 , 알걀리 금속이 이온결합올 형성하는 이 유물 안정성올 지난 18쪽 원소의 진자배치와 비교해 분석할 수 있음. 실험 활동에 근 흥미틀 보이미 공유결합 불질인 아스피 렌율 직접 합성하는 실험 (2021.09. 27. )올 수행하여 6. 29의 수득물올 기록햇으나 낮은 수득물에 대한 다양한 오차요인올 구 성원늘과 추론하여 정리합 . 태양에서 수소 핵음합 반응올 통해 질량 일부가 에너지로 바뀌는 과정올 명확히 숙지하고 잇고 적 합한 그림 자료블 인용해 학급 친구늘에게 구체적으로 설명할 수 있으머 더 나아가 인공 태양 시스템과 핵움합 발전에 대해서 도 지적호기심올 확장시깊이 인상적임 과학담구실험: 운동 관련 안전사고 예방 장치 고안하기 단원에서 자동차 사고로 입는 부상울 줄이기 위한 장치인 에어백이 작동하는 원리에 대해 면밀히 조사하는 활동올 함 . 에어백 안의 특정 화학 물질이 전기신호물 받아 고체에서 기체로 바뀌면서 부피가 급격히 증기함올 알기 쉽게 학생들에게 설명합. 이 과정에서 자료틀 분석하고 해석하는 담구 능력이 우수함. 사고 발 생시 에어백이 신체가 충돌하는 시간올 길게 해주고 충격 받는 힘을 줄여주는 과학의 원리블 직용한 것임올 찾아내어 자신이 알고 있는 과학 지식올 실제 상황에 직용하여 설명하는 능력이 돌보임 . 스포츠 속 과학 원리 첫기 단원에서 야구 경기에서 투 수가 던진 공이 떨어지게 덜 지점올 예측하는 활동올 함 . 같은 높이에서 수평 방향으로 공을 던질 따의 공의 속력과 공이 지 면에 도달하기까지의 거리가 비레한다는 과학적 원리블 도대로 공의 위치블 정확히 예측하여 과학 지식의 활용 능력이 돕보",1202,4,0,8,3.327787021630616,0.0,6.655574043261232
202511291,1,2021,1,정보,기술·가정,"소프트웨어 저작권 보호 제도에 따라 상용 소프트웨어   공개 소프트웨어, 오른 소스 등올 올바르게 활용하는 방 안을 조사하여 제출함.",74,1,0,0,13.513513513513514,0.0,0.0
202511291,1,2021,2,정보,기술·가정,"복잡한 프로그래망 실습올 잘 해내머 논리적 판단력올 보여주없으미 산술 비교 연산자의 종류와 개념올 공부 하고 데스트 기반 프로그래망 인어로 연산자늘 이용하여 프로그램올 작성합 열심히 하려는 모습올 보이는 학생임. 무슨실 압추의 대표직인 알고리롬인 허프만 압추올 사용하여 문자의 반도수 계산 잘하 고 효율적인 트리와 압축 코드블 구현하다 , 정보관리의 도구인 스프레드시트에서 합수 부분올 잘 이해하고 사용하는 계기블 만늙 . 또한   데이터들이 집합인 데이터베이스의 파일 시스템에 대해 이해하고   모바일 입 인벤터 수업 시간올 통해 고덩에 대 해 담구하여   자신만의 입올 제작함. 한문 [ : 발진 관련 성어블 학습하다 발전에 담긴 의미블 생각해 보고  발전은 스스로 노력히면서 자신이 향한 목적올 달성하 기 위해 한 단계씩 나아가는 것이라고 자신만의 정의블 내려봄. 이와 관련원 '움합 수업2-발전 관련 성어 카드 뉴스 만늘기' 활동에서 일취원장 '올 선정하여   끊임없이 발전한다는 의미블 담아 '그는 열심히 노력하여 일취월장하없다. '라는 활용 문장 * 본 증명서는 열람용이며, 법적 효력이 없습니다:  --- Page 9 --- 세 부 능력 및 특기사 항 올 만들이 카드 뉴스블 완성합 . 움합 수업-감정테라피' 에서 '호모 데우스(유발 하라리) '틀 읽고 감정의 가치와 의미블 내면화하여 슬픔이라는 주제로 시틀 -작함 . 이틀 영시로 번억하고 온라인 전시회에 출품햇으며 각 교과별 산출불 데이터블 활용해 모바일 입을 개발합 일런의 활동올 통해 자신과 타인의 감정올 더 진슬하게 이해할 수 핑게 팀. <진로 신택 과목> 성취도 성취도별 교과 과목 단위수 원점수 / 과목평 군 비고 (수강자수) 분포비율 이수단위 합계 과목 세 부 능력 및 특기사 항 해당 사랑 없음 <체육 예술> 학기 교과 과목 단위수 성취도 비고 체육 체육 예술 미술 체육 체육 예술 미술 이수단위 합계 세 부 능력 및 특 기사 항 체육: 항상 성실하게 수업에 임하고 박은 모습으로 분위기틀 주도함.",994,2,1,2,2.012072434607646,1.006036217303823,2.012072434607646
202511293,1,2022,1,기술 . 가정,기술·가정,"가족관계에 대한 중요성올 잘 이해하여 가족이 가지는 소중한 가치 , 가족간의 의사소동과 갈등 해결능력 올 습득하여 건강한 가족관계틀 형성할 수 있는 방법에 대해 친구들과 토론함.",99,0,0,0,0.0,0.0,0.0
202511293,1,2022,2,기술 . 가정,기술·가정,"침단과학 기술의 활용 단원올 배우면서 주거환경의 변화, 액티보하우스와 패시브 하우스의 차이점, 움 합 , 태양광 발전   태양광 발전의 원리인 광전 효과   제로에너지 하우스 , 신재생 에너지에 대해 관심올 갖고 자료물 심도잎게 조사해 프리전 테이선올 제출함 . 천단 과학기술의 활용 단원과 물리름 연관지어 이해하고 조사함, <진로 선택 과목> 성취도 성취도별 학기 교과 과목 단위수 원점수 / 과목평균 비고 (수강자수) 분포비율 이수단위 합계 과목 세 부 능력 및 특기사 항 해당 사랑 없음 <체육 예술>  --- Page 10 --- 정부24 교과 과목 단위수 성취도 비고 체육 체육 예술 음악 체육 체육 예술 미술 이수단위 합계 과목 세 부 능력 및 특기 사 항 체육: 배구 스잃예서 손목올 활용하여 원하는 곳으로 스원 할 수 있음 리그전에서 팀원들 간의 협동올 통한 공동체 역량울 발휘하여 팀의 안정적인  경기운영에 기여햇으며   심판 , 기록원 , 아나운서 등의 비선수 역할을 수행하다 규칙을 이해하고 공 정하게 경기률 운영함. 근방추의 민감도가 매우 낮아 햄스트랑 스트레청에 매우 효율적인 움직임올 보임. 배구 스킬칠린지에 서 끝까지 포기하지않고 언디와 오버핸드토스틀 수행하는 모습올 보여주없으며 조별 리그전에서 현신적인 플레이로 팀 동료 들의 사기률 높여p . 멀리뛰기률 효과적으로 수행하는 방법올 잘 알고있으다, 자신이 목표한 거리률 뛰어넘기 위한 도전정신 이 뛰어남. 배구 서브에서 하제의 각도가 종고 임지손가락의 힘올 잘 권트불하여 서브블 수행하다 , 스파이크 수행시 타점과 손목의 임맥트가 좋아 배구공이 날아가는 귀적이 매우 일관딩 . 또한 경기에서 심판의 역할을 충실히 이행하다 규칙울 이해하 고 공정하게 경기률 운영함. 음악: 오페라와 유지겉 수업올 통해 오페라의 종류에 대하여 지식올 습득함. 모자르트 감상 비평문올 읽어보니 전재성올 인 정받아 성공적인 음악 생활올 하없으나 갑작스런 열병으로 요절한 음악가 모차르트의 다양한 음악올 경험하는 계기가 되없음 올 감상문에 잘 기재함. 아 목동아 악보 사보 시 가사 창작올 통해  표현력의 향상과 창작의 성취감을 경험함 .  엘가 사랑의 인 사물 듣고 영국음악의 특징에 대하여 이해함. 악기 연주 하는 수업 시 학급교우와 포랜즈 연주률 통해 서로 배려하는 모습올 보여주없음 미술: <디자인> 포스터컬리의 혼합으로 나양한 색채물 얻어 냄 수 있으며 원과 삼각형의 반복으로 직선과 곡선의 울동미블 표 현함 . 다양한 색으로 채색하고 쉬프팅 기법으로 명도의 변화름 효과적으로 표현함.",1258,4,0,6,3.179650238473768,0.0,4.769475357710651
202511293,2,2023,1,인공지능과 미래사회,기타,인공지능이 발전하는 사회에서 데이터의 활용과 예측이 중요하다는 점을 이해하고 인공지능올 학습 시키논 백 데이터의 효율적인 활용 방법에 대해 조사하여 발표함. 그 과정에서 데이터의 학습과 예측의 중요성에 대해 다시 한번 알게 팀 . 학교에서 활용 가능한 인공지능의 아이디어로 교수 학습올 도와주는 인공지능에 대한 아이디어름 제안하 여 박 데이터로 학습한 내용올 바탕으로 개인 별 맛춤형 서비스률 제공할 수 있도록 아이디어름 발표함,239,2,0,2,8.368200836820083,0.0,8.368200836820083
202511293,2,2023,2,인공지능과 미래사회,기타,"수업 시간에 배운 내용올 바탕으로 인공지능 기기들에 대해 조사하고 발전 가능성에 대해 고민 하여 정보 기술과 소프트웨어의 발달이 개인의 삶과 사회에 미친 영향과 가치름 진지하게 고민함  인공지능의 학습 방법과 데 이터의 양에 따라 예측 값의 정확성이 변동 되다는 사실울 파악하고 현실 세계에서 문제 상황울 가정하여 스트레스 지수 간의 상관 관계 분석에 대한 인공지능 모델올 설계하여 구현하기 위해 노력하는 모습올 보임 <체육 예술> 학기 교과 과목 단위수 성취도 비고 체육 운동과 건강 예술 미술 체육 운동과 건강 예술 음악 이수단위 합계 과목 세 부 능력 및 특기사 항 운동과 건강: 농구 경기에서 인원이 부족한 팀이 경기블 할 때 자발적으로 지원하여 더 많은 시합에 참여하는 직극적인 모습 올 보이고 승, 패름 떠나서 뒤원들올 걱러하고 매너있는 태도로 수업에 임학 . 특히 패드민터 포 백핸드 올리치기 수행평가 1 차 시험에서 실수하여 매우 적은 횟수률 기록하없으나 이후 더 열심히 연습하고 집중하여 2차 시험에 최고점올 받는 등 노력 하는 모습이 인상직인 학생임. 음악: 수업시간에 성실히 참여하다 음악에 대한 관심도가 높은 학생임. 기약 (피아노) 엉 억에 서논 제재곡 '버터플라이 활춧 '틀 바른 자세와 주법올 통해 연주함 . 제재곡의 음정 , 박자 등 기본적인 음악요소 뿐만 아니라 스스로 곡을 해석하고 이에 맛는 악상기호률 능동적으로 적용할 줄 아는 학생임. 또한  음악적 프레이장울 고려하기 위해 레가토 페달의 사용법올 익히고 이 틀 연습하없으며 친구늘과 서로의 연주름 감상하고 이에 대한 조언 등올 나누머 음악적 소통여량울 갖춤. 제재곡 뿐 아니라 다른 곡에도 관심이 생거 다른 곡을 연주해보는 등 자기주도적으로 연습과정에 참여한 점이 인상적임 .  감상 활동에서는 다양 한 시대의 음악울 듣고 시대의 변천에 따른 음악의 특징울 비교하여 학습함 . 특히 무소로그스키의 피아노 모음곡 '전람회의 그림'이 저런한 화가 하르트만의 유작 전시회틀 보고 작곡한 사실올 알고 음색 , 곡의 분위기, 리듬 등올 바탕으로 작곡가의 감정이 어떠한 음악적인 요소홀 통해 표현되없는지루 중심으로 해식하고 이에 느낌바률 작성함.  --- Page 15 --- 정부24 과목 세 부 능력 및 특기사 항 미술: <회화> 글로드 모네의 '센 강의 만곡부' 라는 작품올 선택하여 작가소개와 작품에 대한 발표름 잘함 . 원작의 형태름 잘 옮겨 그리고 색채와 봇 터치 등올 세심하게 관찰하여 인상파 화품올 잘 재현함. 학습 목표물 잘 이해하고 회화적 표현력과 물 입하는 자세가 좋음.",1269,4,0,8,3.1520882584712373,0.0,6.304176516942475
202511355,2,2023,1,생명과학 I,과학,"1일 에너지 소보랑울 계산활 수 잎고  1일 에너지 섭취랑과 소보랑울 비교하여 에너지 균형울 이루는지 틀 옳게 평가할 수 있음. 또한 에너지 균형이 이루어지지 않앗올 때 나타날 수 있는 신체 변화와 당소병 , 고하압 등의 대사성 질환올 제시할 수 있음 근육 원심유 마디의 구조물 알고 활주설올 활용하여 근육 수축 시 근육 원심유 마디의 길이 변화물 구체적으로 서술할 수 잎  --- Page 10 --- 정부24 과목 세 부 능력 및 특기사 항",248,0,0,1,0.0,0.0,4.032258064516129
202511355,2,2023,2,생명과학 I,과학,"혈액형 판정 실험 결과루 바탕으로 수험 관계에서의 혈액의 응집 반응올 항원 항체 반응으로 옳게 설명 할 수 있음 세포의 핵형올 움게 쓸 수 있고 감수 분열 과정에서 유전적 다양성과 생명의 연속성이 확득펼 수 있는 까닭을 서술활 수 잎 음. 특히 모범 답안올 옮겨농은 듯한 명화한 서술이 인상적임. 지구과학 I : 정상 우주론과 대쪽발 우주론의 논쟁 사례름 바탕으로 각 이론의 논지름 파악하고 내포되어있는 물리적 근거름 이해하없으다 결국 대쪽발 우주로이 담굳이 월 수 밖에 없음올 설명함. 우주 배경 복사   수소와 헬문의 질량비 등 대륙발 우 주론의 증기름 알아보다 현재까지 우주름 바라보는 인간의 관점이 어떻계 변화해앞는지 살펴봄. 해수의 수온과 염분의 변화 에 따라 밀드가 달라집올 물리적 관점에서 이해하고 극지방에서 해수의 심중 순환이 발생하는 원리에 대해 설명함 . 해수는 단 열적 특성울 갖고 있기 때문에 성질이 비슷한 덩어리블 이루어 움직이기 때문에 수괴의 성질올 분석하면 수괴의 기원과 이동 경로름 추론할 수 있다고 설명함 . 지구온난화의 관점에서 대기와 해양의 상호작용의 변화름 구체적으로 설명하다 해수의 순 환이 지구 전체에 있어 열수지의 균형올 맞추는 데 있어 얼마나 중요한지 피력함. 일본어 I : 평소 일본문화에 관심이 많은 학생으로 일본노래름 듣고 정확한 발음으로 따라 부르미 반칸 채우기름 완성하여 문 장울 작성하는 능력이 있으미, 일본 애니메이선 등 영상울 보면서 단어와 문장 받아쓰기록 농하여 튼기 실력이 점차 향상되엇 일본문화발표 주제름 일본의 1인문화로 정하고 관련 자료틀 담새하고 정리하여 프레센테이선 파일로 제자함 . 조원과 함 끼 꼼꼼히 자료루 조사하고 , 조사한 내용올 완성도 높은 발표 자료로 구성하엿음. 일본의 1인 문화 등장배경 . 1인 문화의 확 산 및 예시.  1인 문화와 관련된 장소들올 소개하여 흥미름 높없으미  귀즈와 상품도 준비하여 청중의 집중과 참여들 이끔. 일 본 1인 문화의 장점올 설명하고 우리나라에 서도 점점 늘어나는 1인 문화와 유사점과 차이점올 분석함 . 일본 여행계 획서 모든 활동에서 음식 및 여행지의 주요 불거리 등울 조사하고 조원들의 자료물 모아 PPT물 제작하여 발표함. 수업 시간에 배운 표 현율 적극적으로 활용하여 장면별 여행 일분어름 정리하고 역할극으로 자연스럽게 표현함. 학교 자율과정 음합 프로직트 수업에서 시행하 '한국 사회에서 4차 산업' 이런 주제로 조별 활동올 진행함 . 주제로 4차 산업과 관련된 넥데이터 분야 특히 인공지능에 대해 담구하여 발표함. 인간의 지능올 모방하여 컴퓨터가 스스로 학습하고 판 단하도록 개발하는 기술임올 소개하다 이미지와 음성 인식 ,  자연어 처리 등 다양한 분아에서 활용월 수 있음울 소개함. 인공 지능올 통해 자동화된 의사 결정과 복잡한 문제름 빠르게 처리함으로씨 의료와 금움 , 교육 등 여러 분야에서 학신올 이끌어나 갈 것으로 전망함 . 학교 자율과정 움합프로적트 수업에서 시행한 'k걸쳐 시대 한국 관광 상품 안내 홍보 영상 제작하기' 활동 에서 서울 밤방이라는 제목으로 동영상울 제작함. 컴퓨터 프로그래머라는 자신의 진로와 관련하여 전 세계적으로 인정반고 옛는 서울의 건축물과 관광지에 대하여 그곳의 기술 , 가치 등올 이용하여 동영상을 제작함 . 제작 과정에서 자신이 맡은 자료 조사루 수행함. <진로 선택 과목> 성취도 성취도별 학기 교과 과목 단위수 원점수 / 과목평균 (수강자수) 분포비율 수학 기하 82/79,6 A(228) A(63.2) B(25.0) C(1L.8) 예술 음악 연주 92/88.6 A(171) A(86.0) B(6. 4) C(7.6) 기술 . 가정 / 제2외국 생활속의 한자 79/74,6 B(303) A(43.2) B(39.6) C(17.2) 어/한문 / 교양 수학 기하 85/72.8 A(219) A(50.7) B(25.1) C(24.2) 조빌  --- Page 11 --- 정부24 성취도 성취도별 학기 교과 과목 단위수 원점수 / 과목평균 (수강자수) 분포비율 예술 음악 연주 85/84.3 A(166) A(80.1) B(9.6) C(1O. 2) 기술 . 가정 / 제2외국 생활속의 한자 81/71.7 A(294) A(34,.4) B(47,3) C(18.4) 어 /한문 / 교양 이수단위 합계 1U 과부 세 부 능력 및 특기사 항 기하: 수학 응합 과정에서 '수학의 쓸모(님 홍스) '올 임고 OTT에서 영상을 추천하는 방식인 알고리롬이 조건부 확물에 기반 이 되있음올 설명하고 수학이 인공지능과 개인별 맛춤 서비스 등 다양한 실생활에 활용되올 발표하없음. 공간도형 수학 교구률 활용하여 삼수선 정리의 모형올 만드는 과정에서 삼수선이 적용되는 길이률 분석하고 그래프 프로그램 올 이용하이 공간에서 점의 대칭과 직선 , 평면과의 관계름 조사하없음 밝고 따뜻한 성품올 지난 학생으로 차분하고 진지하게 수업에 참여하엿으다 이해력과 문제 분석이 뛰어나 충분히 발전할 수 있는 학생임 음악 연주: 음악 역사의 주요 인물들과 작품들올 잘 알고 있으머   음악의 역사적인 변화와 발전에 대해 자세히 이해하고 잎 이틀 바탕으로 현재 인기름 골고 있는 테이글래식에 대해서도 전통직인 음악의 아름다움과 감동올 담고 있으머 , 고전 음 약의 새로운 해석과 재해식올 통해 새로운 감상의 문화름 제공한다는 점이 뛰어난 점이라고 긍정적으로 평가하는 모습올 보 임. 음악울 좋아하다   끊임없이 발진하고 있으므로 향후에도 음악 관련 과목에서 높은 성취물 보일 것으로 판단념. 기약 평가 에서 리코더 연주곡 '할아버지의 낡은시계 틀 완벽한 음정과 빠르기로 완성도 높은 연주름 친구들에게 선보임 생활속의 한자: 컴퓨터 프로그래머는 컴퓨터 프로그램의 논리나 알고리롬올 설계하고 프로그램올 작성하고 테스트틀 수행하 눈데 많은 노력과 시간이 필요하다는 사실올 인식하고 있음. 이러한 요소들올 갖추기 위해 '여조식비 -새가 하늘올 날기 위 해 자주 날개짓 함 '물 좌우명으로 삼아 꾸준히 노력하는 자세클 습득하려는 모습올 보임. <체육 . 예술> 학기 교과 단위수 성취노 체육 운동과 건강 체육 운동과 건강 이수단위 합계 과목 세 부 능력 및 특기 사 항 운동과 건강: 기구정리블 스스로 알아서 도움올 준 학생이다 수행평가 준비물 성실하고 꾸준하게 연습하는 모습올 보임 [3하년] 원점수 / 과목평균 성취도 학기 교과 과목 단위수 석차등급 (표준편차) (수강자수) 국어 화법과 작문 87/70..9(17.7) (61)  --- Page 12 --- 정부24 원점수 / 과목평균 성취도 학기 교과 과목 단위수 석차등급 (표준편차) (수강자수) 수학 미직분 72/74.3(18.8) (207) 영어 영어 독해와 작문 59/65.9(21,5) (294) 수학 미적분 56/69.1(19.6) (208) 이수단위 합계 15 과목 세 부 능력 및 특기사 항 화법과 작문: '우리와 우리의 미래름 위해 지구름 지키자' 라는 제목으로 우리의 삶과 지구의 미래름 위한 환경보호의 중요성 에 대한 논술문올 작성함 . 기술과 사회의 발전이 환경의 파괴플 초래하없으다 이률 해결하기 위해 환경올 보호해야 한다고 주 장함 . 한 사람의 작은 노력들이 모여 근 성과루 이률 수 있음올 주장함 . 가치 있는 정보름 선별하고 내용올 조직하여 정보름 전달하는 글을 쓰기 위한 포트풀리오 활동올 매주 빠지지 암고 성실히 수행하여 ,  도표 , 그래프 등올 사용하여 가치 있는 정보 물 효과적으로 전달하는 글을 쓸 수 있는 능력올 키움: '과기의 가르침올 지금 실천해보자' 라는 주제로 자신의 진로와 관련한 담구과제름 조사하여 절차와 결과가 드러나는 발표문올 작성함 . 가사 작품 '훈계자손가' 틀 소개하다 조선시대 유교적 가르침 이 현대에도 유용함울 발표문으로 작성함 미적분: 두 곡선의 그래프로 둘러싸인 부분의 넓이률 정적분올 이용해 구할 수 있음음 알고 두 그래프의 교점올 구하고 위에 있는 그래프와 아래에 있는 그래프블 확인해 정적분올 적용하는 과정올 잘 이해하고 친구늘에게 설명함. 영어 독해와 작문: 영어에 지적호기심이 있어 성실한 태도로 수업시간에 진지하게 임하는 학생으로 주어진 본문으로 진행된 구문 분석 및 핵심 어휘외 어법 해설 후 이어진 주제 찾기 , 세부 내용 파악하기 및 요약문 완성하기 등 다양한 주제의 독해 및 작문 활동에 꾸준하고 성실히 참여함 . 본문에 나온 어러운 어위 및 관련 유의어들올 학습 후 진행된 단어 귀즈에 성실히 참 여하면서 이뤄력과 독해력이 향상팀. <진로 선택 과목> 성취도 성취도별 학기 교과 과목 단위수 원점수 / 과목평균 (수강자수) 분포비율 수학 심화 수학 [ 69/76. 3 B(205) A(54.1) B(30.7) C(15. 1) 사회 (역사 / 도덕포함) 여행지리 59/61.0 C(168) A(19.0) B(31. 5) C(49.4) 사회 (역사 / 도덕포함) | 사회문제 담구 54/80.6 C(205) A(66 3) B(20.5) C(13.2) 과학 생명과학 I 60/66.5 B(123) A(23.6) B(43.1) C(33. 3) 과학 지구과학 I 78/72,7 B(10O) A(40.0) B(35.0) C(25.0) 체육 스포츠 생활 76/84.4 B(294) A(71.8) B(24.5) C(3.7) 예술 음악 감상과 비평 82/89. A(150) A(86.0) B(12.0) C(2 기술 . 가정 / 제2외국 공학 일반 53/63,6 C(122) A(16.4) B(45.9) C(37. 어 /한문 / 교양  --- Page 13 --- 정부24 성취도 성취도별 학기 교과 과목 단위수 원점수 / 과목평균 (수강자수) 분포비율 기술 . 가정 / 제2외국 일본어 I 66/73.4 B(9o) A(32.2) B(55.6) C(12.2) 어 /한문 / 교양 국어 심화 국어 99/78,3 A(295) A(59, 3) B(20,7) C(20.0) 수학 심화 수학 I 88/80.6 A(206) A(69.4) B(19.4) C(1L.2) 영어 심화 영어 I 30/57.7 C(295) A(22,7) B(23.1) C(54.2) 사회 (역사 / 도덕포함) 여행지리 57/53.2 C(168) A(13.7) B(20.2) C(66 1) 사회 (역사 / 도덕포함) 사회문제 담구 55/74.4 C(206) A(44.2) B(38. 3) C(17. 5) 과학 생명과학 I 36/55,7 C(124) A(15. 3) B(27.4) C(57.3) 과학 '지구과학 I 67/67.2 B(10O) A(33.0) B(35.0) C(32.0) 체육 스포츠 생활 88/79.0 A(295) A(60,0) B(26.8) C(13.2) 예술 음악 감상과 비평 73/86.8 B(150) A(78.0) B(20.0) C(2.0) 기술 . 가정 / 제2외국 공학 일반 46/52.0 C(123) A(4.1) B(17 9) C(78.0) 어이 /한문 / 교양 기술 . 가정 / 제2외국 일본어 I 68/58,6 B(91) A(13.2) B(39.6) C(47.3) 어 /한문 / 교양 이수단위 합계 45 과목 세 부 능력 및 특기 사항 심화 국어: 점심 식사 후 , 학교 심터에서 친구들과 이야기하고 휴식올 취햇다 일상의 경험올 소재로 에세이블 작성함. 따뜻한 햇빛에 나른함을 느끼면서 휴식올 취할 때의 편안함과 잠시 수험생의 걱정과 불안올 잇고 친구들과 수다름 떨마 느껴년 즐거 움; 말없이 눈올 감고 누위 하루물 되돌아보다 느낌 것들올 글로 표현함 . 일상의 소중함과 행복올 글에 잘 녹어내없으며  주 변올 바라보는 학생의 따뜻한 시선과 마음이 인상적없음. 문학 작품 감상에서 텍스트 내적 감상과 분석  외재적 감상과 분석 , 상호텍스트성 분석 등 다양한 관점에서도 뛰어난 감상 능력과 분석 능력올 보여중 . 대입 정시 비중 확대에 반대하는 내용의 제시문올 위고 글쓰이의 주장과 논거률 정리한 뒤 , 정시의 공정성과 수시 비중이 늘없올 경우, 오히려 특정 학군이나 사교육 의 영향력이 강해진다는 짐을 근기로 글쓰이의 주장에 반대함. 심화 수학 I : 수학 문항 창작 수업에서 함수의 극한에서 연속의 개념올 이해하고 불연속함수가 연속이 되는 조건올 분석하여 새로운 문항과 풀이름 만들고 설명하없음. 미분에서 평균값 정리름 이해하고 접선의 성질올 이용하 문항을 만들어 평균값 정 리와 미분계수의 관계률 활용하여 풀이 작성 후 설명하없음 삼각함수의 그래프틀 이해하여 주기와 최대값 및 최숙값에 대한 조건올 이용하여 난해한 삼각함수름 분석하없음 . 사인법칙과 코사인법칙올 이해하고 적용하없으며 외접원과 내접원과의 관계률 분석하여 고난도 문제률 해결하엿음 . 등차수열과 등비수 열의 규칙올 이해하고 등차수염에서 등비수열올 이루는 규칙올 찾아서 분석하없음 . 일반항과 합의 기호인 시그마이 관계늘 이해하고 합의 식에서 일반항울 찾올 수 있으머 일반항에서 첫째항은 규칙에서 벗어남울 분석하고 적용하엿음. 차분하다 자기주도 역량이 뛰어난 학생으로 매우 성실한 태도로 수업에 임하는 모습이 돈보이는 학생임. 심화 영어 I : 수업시간에 다양한 주제의 본문으로 진행된 주요 구문 내 핵심 어위 및 어법 해설 후 이어진 내용파악 및 주제  --- Page 14 --- 정부24 과목 세 부 능력 및 특기사 항 찾기 등의 활동에서 꾸준하고 성실하게 과제름 수행함. 여행지리: 학기말 수행평가로 제시한 관심 주제에 대해 조사하여 발표하기에서 발표 주제틀'아시아부터 유렵까지 세계여행 로 설정하고   첫번째 지역억으로 아시야 대륙의 기후에 대한 내용으로 '용골의 고비사막' 두번째 지억으로 북아메리카 대륙의 지형에 대한 내용으로 '미국의 하와이' . 세번째 지역으로 유렵 대륙의 문화에 대한 내용으로 '이날리아의 음식 문화'에 대해 조사 및 발표할 것올 계획함 . 사회문제 담구: 사회문제에 대한 관심은 많으나 아직 명확한 주제블 정하지 못함 생명과학 I : 생명과학 교과에 대한 큰 흥미글 보이진 암앞으나 예의 바른 태도로 수업에 참여함. 유전학의 발달사물 다른 영 상울 감상한 후 , 지금은 당연하다고 여기는 지식올 밝혀내기 위해 과기의 과학자들이 얼마나 많은 노력올 햇는지 생각하면서 고마운 마음이 들없다고 소감문올 통해서 밝힘 . 지구과학 I : 원시 태양계 성운에서 미행성체의 충돌 및 병합 과정올 거처 지구가 형성되는 물리적 과정올 설명한 수 있음. 지 구 자기장의 발생울 외해의 특성과 관련지어 설명할 수 잎고, 지구 자기장의 세 가지 요소와 지구 자기장이 여러 요인에 의해 변화하고 있음올 이해하고 있음. 해양에서 얻을 수 있는 에너지 자원과 물질 자원의 종류와 분포 특성올 설명할 수 있고, 해 양 자원의 활용 사례롭 조사하여 자원 개발의 중요성에 대해 이해함. 스포츠 생활: 농구 수행 평가시 꾸준한 언습올 통해서 매우 뛰어난 성장을 보여 수행 핑가에서 우수한 성적올 거듭 . 자신의 운동 능력올 활용하여 도움이 필요한 친구에게 운동에 대한 의문점올 자세하게 설명하고 친절하게 가르처 춤. 약 감상과 비평: 교사의 설명에 따라 적극적으로 질문하고 답하는 등 수업 시간에 의견올 나누는 능력이 뛰어남 . 이런 활동 올 봉해 활기찬 수업 분위기블 조성하고 반 친구들과 적극적으로 소통하는 모습이 돌보임. 자신만의 애청곡 복록 만들기 활동 에서 '이라 와인드 '라는 노래름 듣기 좋다는 이유로 선곡함 . 해당곡이 주는 음악적 매력과 감성에 개인적 취향이 잘 맞아 떨어 진 것으로 판단독 . 음악 비평문 작성 활동에서논 음악이 학생들에게 긍정적인 영향울 미칠 수 있으므로 제대로 교육유해야 한다 고 주장함 . 음악이 감정의 표현   창의력의 증진, 사회직 상호작용의 개선 등 다양한 방면에서 학생들의 성장과 발달에 이바지 할 수 있다는 교육적 가치름 중시하는 모습올 보이며 음악울 통한 학습과 성장의 가능성올 탑구하려는 적극적인 태도릎 보여",7706,5,2,13,0.6488450558006749,0.2595380223202699,1.6869971450817545
202511355,2,2023,1,공학 일반,기술·가정,확산적 사고기법의 하나인 브레인 라이팅의 의미블 설명하뒷고 . 산업 재산권에서 특히권의 의미와 토너 키드리지에 관한 특허권 침해 소승 사례의 재판 과정과 저작 권에서 복제권의 의미와 불법적으로 프로그램올 받아 오는 것에 관한 복제권 침해 사례름 정리하여 발표하없음    컴퓨터 프로그래머에 관한 진로름 희망하고 있는 학생으로   정보 통신 분야 단원에서 유비#터스 스마트 흙 서비스나 내장형 시스템 등에 흥미와 관심울 가지고 적극적으로 참여하없음. 재료 공학에서 논 비철 금속 재료인 구리의 합금인 청동과 왕동에 관하여 그 의미와 사례름 조사하여 서술하없음,311,1,0,4,3.215434083601286,0.0,12.861736334405144
202511355,2,2023,2,공학 일반,기술·가정,"기술 ` 산업 ` 학문 간의 상승 적인 음합올 통하여 새로운 가치률 창출하는 공학에서 움합이 필요한 이유 3가지와 신기술 간의 움합 , 신기술과 기존 학문 간의 움합 , 신기술과 기존 산업 간의 움합 ,  3가지 유형올 그림과 함께 발표 자료틀 만들없음. 일본어 I : 평소 한국와 일본의 음식에 관심을 보이미 한일 문화 비교 주제로 선정하고 인터넷 검색 및 동영상 등 자료틀 잘 찾아 정리하고 소개함 . 한일 양국 모두 쌀올 주식으로 하고 국과 반찬율 함께 먹는 것이 전통적인 식사 방식이다 , 조미료 중 에서 된장 ,  간장 등 유사한 것이 맘고 육류와 생선류   채소류 등 비슷한 재료물 많이 사용하는 것올 공통점으로 설명함. 한국 하나의 그릇 또는 냄비에 담긴 요리큼 덜어 먹는 음식이 많은 반면 일본은 개인별 음식이 준비되는 경우가 많다는 것을 차  --- Page 15 --- 정부24 과목 세 부 능력 및 특기사 항 이점으로 분석하여 이웃 나라이지만 문화적 차이가 있음올 이해하고 세계 시민 의식올 기름 <체육 . 예술> 학기 교과 과목 단위수 성취도 이수단위 합계 과목 세 부 능력 및 특기사 항 해당 사랑 없음 행동특성 및 종합의견 학년 행 동 특 성 및 종합 의 견 마음이 선하고 순수하여 사람에 대한 편견 없이 누구에끼나 친절하게 대하는 따뜻함올 지념. 호기심이 많아 궁금한 것율 체험하는 것울 좋아하고 자신의 경험담올 재미핑게 나누어 급우들의 호감도가 높음. 자신이 중심에 서기보다는 다른 사람을 배려하다 뒤에서 도움올 주고 공동체 생활에서 다수의 의견올 존중하고 협력하다 갈등이 생기지 암고 원만하게 유지되논데 긍정적인 역할을 함. 시험 일주일 전이어서 학생들이 부담울 느끼는 러방핸즈 나뭇프로적트 (2 022.11,12,-2022.12,03,)의 연단배달 봉사활동에 자발적으로 참여하여 사회적 약자름 돕는 섬김의 본을 보여주없 으머 주운 날씨에도 고된 일올 즐거운 마음으로 입하는 모습이 인상적임   컴퓨터에 대한 관심이 많아 급우들의 추천 으로 교내 종합 예술제에서 개임 체험 프로그램에 참여하고 급우들이 놀랍 정도의 입도적인 실력올 발휘하여 학급의 위상울 높임 . 학습 습관올 개선하기 위해 계획표름 작성하는 등 자신만의 학습법올 찾고자 노력함 . 자신이 관심있는 분아에 대한 열정과 집중력올 발휘하는 잠재력올 가지고 있으므로 학업에 의지력 앞게 임한다면 앞으로 발전하리라 기대뭐 학생의 학업에 대한 확고한 생각과 보충 수업 참여하여 자신이 부족한 부분에 공부하는 등 학문적 우수성에 목표물 두고 이에 대한 깊은 현신은 앞으로의 발전 가능성울 보여p . 이러한 근면은 개인의 성장에 기여할 뿐만 아니라 동료 들에게도 긍정적인 모범이 되미 긍정적인 행동 발달의 초석이 덜 것으로 기대함. 쉬논 시간에 항상 친구들과 어울리 눈 모습울 농해 우호적인 관계물 형성하고 긍정적이고 포용적인 학급 환경올 조성하늘데에 기여함. 의미 있는 관계 률 조성하는 능력은 사회적 지능과 조화로운 분위기률 조성하려는 의지루 반영하다 이리한 긍정적인 관계 구축은 학 생의 전반적인 발전에 필수적인 흑면이 덜 것울 판단함. 가끔씩 재치률 발휘하여 학급의 분위기률 환기하는 데에 기 여하다 이리한 행동은 지적 다양성의 주면올 반영한다고 생각함 . 상호 작용에 유머와 빠른 사고률 불어넣는 이리한 능력은 다재다능한 인지적 접근 방식울 강조하고 개성의 표현일 뿐만 아니라 학문적 , 사회적 영역에서 긍정적인 참 여의 원전이 덜 것으로 기대함. 자신의 학업만올 생각하기 쉬운 3학년에도 학급올 위해 학급회 인성 부회장에 자원하고 일년 내내 학급올 위해 봉사 한 고마운 학생임 . 인성 부회장이라는 자리기 참 잘어울리는 학생으로 다른 사람을 배려하고 존중하는 태도가 몸에 배어 있으머  언제든지 친구들올 돕고자 하는 선한 마음을 가지고 있음. 맡은 일에 대한 책임감이 강해 학급의 크고 작은 일흘 안심하고 맡길 수 있으머 , 일흘 맡기면 자신의 상황과 상관없이 언제나 훌륭히 해내음 . 다른 사람에게 지 시하기나 다른 사람을 지도하는 성격은 아니지만   학생의 친화력과 인성 , 앞장서는 모습으로 학급 내 친구들에게 깊  --- Page 16 --- 정부24 학년 행 동 특 성 및 종합 의 견 은 신망을 받는 부드럽고 따뜻한 리더심올 보어중, 학생과 대화하다보면 더 대화하고 싶다는 생각이 드는데, 이논 학 생의 평소 행동과 인품 ,  상대방의 배러와 예의에서 나온다고 생각함 . 마찬가지로 또래 친구과 깊은 우정올 나누면서 도 친구들에계도 항상 예의 있는 모습올 잃지 않있으며, 사람에 대한 편견이나 자기중심적 태도가 없어 폭넓고 깊은 교우관계름 보여중 . 바르면서도 고리타분하지 암고, 상대방울 존중하고 인정하는 요즘 보기 드문 학생이라 어느 곳 에서도 환영받고 사랑받는 사람이 볼 것이라 확신함, 편제 및 시간배당 계열 주아과장 학년도 학년 학기 학과명 편제명 과목명 시수 단위수 비고 구분명 구분명 일반계 주간 일반학과 국어 국어 68 일반계 주간 일반학과 수학 수학 68 일반계 주간 일반학과 영어 영어 일반게 주간 일반학과 한국사 한국사 사회 (역사 / 도덕 일반계 주간 일반학과 통합사회 포함) 일반계 주간 일반학과 과학 통합과학 일반계 주간 일반학과 과학 과학밤구실험 일반계 주간 일반학과 체육 체육 2022 일반계 주간 일반학과 예술 음악 34 기술 . 가정 / 제2 일반계 주간 일반학과 외국어 / 한문 / 교 기술 . 가정 기술 . 가정 / 제2 일반계 주간 일반학과 외국어 /한문 / 교 철학 기술 . 가정 / 제2 일반게 주간 일반학과 외국어 / 한분 / 교 종교와생활 I 34 일반게 주간 일반학과 자율활동 일반계 주간 일반학과 놓아리활동  --- Page 17 --- 정부24 계엽 주아과장 학년도 학년 학기 학과명 편제명 과목명 시수 단위수 비고 구분명 구분명 일반계 주간 일반학과 봉사활동 일반계 주간 일반학과 진로활동 일반계 주간 일반학과 국어 국어 일반계 주간 일반학과 수학 수학 일반계 주간 일반학과 영어 영어 68 일반계 주간 일반학과 한국사 한국사 사회 (역사 / 도덕 일반계 주간 일반학과 통합사회 포함) 일반계 주간 일반학과 과학 통합과학 2  | 일반계 주간 일반학과 과학 과학담구실험 2 일반계 주간 일반학과 체육 체육 34 2022 2 일반계 주간 일반학과 예술 음악 34 기술 . 가정 / 제2 일반계 주간 일반학과 외국어 /한문 / 교 기술 . 가정 34 기술 . 가정 / 제2 일반계 주간 일반학과 외국어 / 한문 / 교 철학 기술 . 가정 / 제2 일반계 주간 일반학과 외국어 /한문 / 교 종교와생활 I 일반계 주간 일반학과 자율활동 일반계 주간 일반학과 동아리활동 2 일반계 주간 일반학과 봉사활동 일반게 주간 일반학과 진로활동 2023 일반계 주간 일반학과 국어 68 문학  --- Page 18 --- 정부24 계엽 주아과장 학년도 학년 학기 학과명 편제명 과목명 시수 단위수 비고 구분명 구분명 1 일반계 주간 일반학과 수학 수학 [ 68 일반계 주간 일반학과 수학 확출과 통계 34 일반계 주간 일반학과 수학 기하 일반계 주간 일반학과 영어 영어 [ 68 사회 (역사 / 도덕 일반게 주간 일반학과 한국지리 포함) 사회 (역사 / 도덕 일반계 주간 일반학과 세계사 포함) 사회 (역사 / 도디 일반계 주간 일반학과 정치와 법 포함) 사회 (역사 / 노덕 일반계 주간 일반학과 생활과 운리 포함) 사회 (역사 / 도덕 일반계 주간 일반학과 국제법 34 포함) 2023 일반계 주간 일반학과 과학 물리학 [ 일반계 주간 일반학과 과학 화학 [ 일반계 주간 일반학과 과학 생명과학 I 일반계 주간 일반학과 과학 지구과학 I 일반계 주간 일반학과 체육 운동과 건강 34 일반계 주간 일반학과 예술 음악 연주 34 일반게 주간 일반학과 예술 미술 창작 34 기술 . 가정 / 제2 일반계 주간 일반학과 외국어/ 한문 / 교 일본어 I 기술 . 가정 / 제2 일반계 주간 일반학과 외국어 /한문 / 교 중국어 I  --- Page 19 --- 정부24 계엽 주아과장 학년도 학년 학기 학과명 편제명 과목명 시수 단위수 비고 구분명 구분명 기술 . 가정 / 제2 일반계 주간 일반학과 외국어 /한문 / 교 생활속의 한자 일반게 주간 일반학과 자율환동 일반게 주간 일반학과 놓아리활동 17 일반계 주간 일반학과 봉사활동 일반계 주간 일반학과 진로활동 일반계 주간 일반학과 국어 독서 68 일반계 주간 일반학과 수학 수학 I 68 2 | 2 일반계 주간 일반화과 수학 확물과 봉계 34 2 | 2 | 일반계 주간 일반학과 수학 기하 34 2 | 2 | 일반계 주간 일반학과 영어 영어 I 68 2023 사회 (역사 / 도덕 일반계 주간 일반학과 한국지리 포함) 사회 (역사 / 노덕 일반계 주간 일반학과 세계사 포함) 사회 (역사 / 도덕 일반계 주간 일반학과 정치와 법 포함) 사회 (역사 / 도덕 일반계 주간 일반학과 생환과 운리 포함) 일반계 주간 일반학과 과학 물리학 I 일반게 주간 일반학과 과학 화학 [ 2 일반게 주간 일반학과 과학 생명과학 [ 2 | 2 | 일반계 주간 일반학과 과학 지구과학 I 51 2 2 일반계 주간 일반학과 과학 생명과학 실험 34 2 | '2 일반계 주간 일반학과 체육 운동과 긴강 34  --- Page 20 --- 정부24 계엽 주아과장 학년도 학년 학기 학과명 편제명 과목명 시수 단위수 비고 구분명 구분명 2 | 2 | 일반계 주간 일반학과 예술 음악 연주 34 2 2 일반계 주간 일반학과 예술 미술 창작 34 2 | 2 | 일반계 주간 일반학과 예술 문예 창작 입문 34 기술 . 가정 / 제2 일반계 주간 일반학과 외국어/ 한문 / 교 일본어 I 기술 . 가정 / 제2 일반계 주간 일반학과 외국어 /한문 / 교 중국어 I 2023 기술 . 가정 / 제2 일반계 주간 일반학과 외국어 /한문 / 교 생활속의 한자 2 일반계 주간 일반학과 자율활동 2 2 일반계 주간 일반학과 동아리활동 일반계 주간 일반학과 봉사활동 17 2 일반계 주간 일반학과 진로활동 일반계 주간 일반하과 국어 화번과 작문 85 일반계 주간 일반학과 국어 언어와 매체 85 일반게 주간 일반학과 국어 고전 위기 일반게 주간 일반학과 수학 미적분 51 일반계 주간 일반학과 수학 수학과제 남구 51 2024 일반계 주간 일반학과 수학 심화 수학 [ 일반계 주간 일반학과 영어 영어 독해와 작문 68 사회 (역사 / 도덕 일반계 주간 일반학과 세계지리 포함) 사회 (역사 / 도덕 일반계 주간 일반학과 사회 . 문화 포함)  --- Page 21 --- 정부24 계엽 주아과장 학년도 학년 학기 학과명 편제명 과목명 시수 단위수 비고 구분명 구분명 사회 (역사 / 도덕 일반계 주간 일반학과 운리와 사상 포함) 사회 (역사 / 도덕 일반계 주간 일반학과 여행지리 포함) 사회 (역사 / 도덕 일반계 주간 일반학과 사회문제 담구 포함) 사회 (역사 / 도덕 일반계 주간 일반학과 세계 문제와 미래 사회 포함) 사회 (역사 / 도덕 일반계 주간 일반학과 사회 과제 연구 포함) 사회 (역사 / 도덕 일반계 주간 일반학과 한국근 . 현대사 포함) 일반계 주간 일반학과 과학 물리학 I 일반계 주간 일반학과 과학 화학 I 51 2024 일반계 주간 일반학과 과학 생명과학 II 일반계 주간 일반학과 과학 지구과학 II 일반계 주간 일반학과 과학 생환과 과학 34 일반게 주간 일반학과 과학 생태와 환경 34 일반계 주간 일반학과 체육 스포츠 생활 일반계 주간 일반학과 예술 음악 감상과 비평 17 일반계 주간 일반학과 예술 미술 감상과 비평 17 기술 . 가정 / 제2 일반계 주간 일반학과 외국어 / 한문 / 교 공학 일반 34 기술 . 가정 /제2 일반계 주간 일반학과 외국어 /한문 / 교 일본어 I  --- Page 22 --- 정부24 계엽 주아과장 학년도 학년 학기 학과명 편제명 과목명 시수 단위수 비고 구분명 구분명 기술 . 가정 / 제2 일반계 주간 일반학과 외국어 /한문 / 교 중국어 I 기술 . 가정 / 제2 일반계 주간 일반학과 외국어 /한문 / 교 한문 I 일반계 주간 일반학과 자율활동 일반계 주간 일반학과 동아리활동 17 일반계 주간 일반학과 봉사활동 17 일반계 주간 일반학과 진로활동 17 일반계 주간 일반학과 국어 심화 국어 85 일반계 주간 일반학과 국어 고전 위기 일반계 주간 일반학과 수학 미적분 2024 일반계 주간 일반학과 수학 수학과제 남구 51 2 일반계 주간 일반학과 수학 심화 수학 [ 51 3| 2 | 일반계 주간 일반학과 영어 심화 영어 [ 68 사회 (역사 / 도덕 일반계 주간 일반학과 세계지리 포함) 사회 (역사 / 도덕 일반계 주간 일반학과 사회 . 문화 포함) 사회 (역사 / 도덕 일반게 주간 일반학과 운리와 사상 포함) 사회 (역사 / 도덕 일반계 주간 일반학과 여행지리 포함) 사회 (역사 / 도덕 일반계 주간 일반학과 사회문제 담구 34 포함) 사회 (역사 / 노덕 일반게 주간 일반학과 세계 문제와 미래 사회 34 포함)  --- Page 23 --- 정부24 계엽 주아과장 학년도 학년 학기 학과명 편제명 과목명 시수 단위수 비고 구분명 구분명 사회 (역사 / 도덕 일반계 주간 일반학과 사회 과제 연구 34 포함) 사회 (역사 / 도덕 일반계 주간 일반학과 한국근 . 현대사 포함) 일반계 주간 일반학과 과학 물리학 I 일반계 주간 일반학과 과학 화학 I 일반계 주간 일반학과 과학 생명과학 I 일반게 주간 일반학과 과학 지구과학 I 일반계 주간 일반학과 과학 생활과 과학 34 일반계 주간 일반학과 과학 생태와 환경 34 일반계 주간 일반학과 체육 스포츠 생환 일반계 주간 일반학과 예술 음악 감상과 비평 17 2024 2 | 일반계 주간 일반학과 예술 미술 감상과 비평 17 기술 . 가정 / 제2 일반계 주간 일반학과 외국어 /한문 / 교 공학 일반 기술 . 가정 / 제2 일반계 주간 일반학과 외국어 /한문 / 교 일본어 I 기술 . 가정 / 제2 일반계 주간 일반학과 외국어 / 한문 / 교 중국어 I 기술 . 가정 / 제2 일반게 주간 일반학과 외국어 / 한문 / 교 한문 I 일반계 주간 일반학과 자율활동 일반계 주간 일반학과 놓아리활동 일반계 주간 일반학과 봉사활동  --- Page 24 --- 정부24 계엽 주아과장 학년도 학년 학기 학과명 편제명 과목명 시수 단위수 비고 구분명 구분명 2024 일반계 주간 일반학과 진로활동 17  --- Page 25 --- 정부24 학교생활기 록 부 (대입전형용) 2025년 11월 18일",7099,5,3,14,0.704324552753909,0.4225947316523454,1.972108747710945
202511468,1,2022,1,영어,영어,모든 활동올 하머 성실한 모습올 과제틀 수행하고 모퉁원과 협업하여 최선의 결과물이 나올 수 있도록 협업하 논 모습이 돈보임  1학기 자기주도 글쓰기 활동에서 학교 행사에 참여하다 성장하는 모습올 나타번 짜임새 있는 글을 작성함,126,0,0,2,0.0,0.0,15.873015873015872
202511468,1,2022,2,영어,영어,"생물의 구조와 기능에 대한 관심이 무척 많은 학생으로 , 움직이지 못하는 식물이 스스로름 보호하기 위해 내쁨 눈 화학 물질에 대해 짧계 설명하고 있는 지문올 공부하면서 이률 보다 다양한 사례록 통해 다각적으로 이해해보고자 관련 학 술 자료 등올 담독하여 추기적인 담구활동올 수행함. 식물 외에도 해면과 배틀 잘 구분하지 못하게 만드는 청새치나 근육 섬 유와 인결된 색소 주머니름 활용한 문어 등 각 동물들이 사용하는 방어적 기제들올 구조와 화학 물질 등올 언급하다 체계적으 로 잘 정리함 . 특히 이러한 밤구 범위률 포식자의 행동 양상까지 확장한 점이 무척 인상적인데 , 객민중 달멩이나 청딱지개미 반날개 등이 스스로틀 보호하기 위해 활용하는 화학물질올 배출하는 행태와 포식자의 공격 습성올 각 특성과 단계에 맛게 적 절히 연결시키며 담구활동올 마침 . 글의 주제름 구성하는 표현들올 잘 찾아내어 정리하없으미 . 특히 다양한 관계사 표현들올 매우 잘 활용하는 모습올 보임. 하면  --- Page 8 --- 정부24 과목 세 부 능력 및 특기사 항 한국사: 일제강점기 독립운동가들의 역사에 대해 관심이 많은 학생으로 , 다양한 방법올 통해 독립운동가들의 행적올 담구하 고 기록해 봄. 온라인 스트리망 사이트에서 안중근이 사용하 총올 복각하는 프로직트률 진행한 것울 보고  이률 참고하여 안 중근이 사용하 총기의 특징올 중심으로 이도 하로부미 저격 현장올 설명합. 총의 물리적 특성에 근기하여 의기 장면올 재구성 해내는 과정이 상당히 흥미로윗음. 이어 안중근 의사의 생각과 감정올 추체험하여 사형 집행올 앞눈 상황에 서의 가상 일기름 작성해 봄. 안중근의 의지와 고민올 문학적으로 잘 표현해 냄. 운봉길 의사에 대해 조사한 후 흥기우 공원 폭단 의거 사건올 소개하는 여사 신문 기사름 작성해 보기도 함. 교과서에는 소개되어 있지 암은 구체적 사실들올 주가하여 당시 현장 상황올 실감나게 그러님. 이외에도 의열활동올 한 여러 투사들의 정보물 수집하고 정리함 .  현재 우리의 자주권은 목숨 바처 독립올 쟁취한 여러 사람들이 의지가 모여 이루어겨음올 역설하다 , 그들올 기억하기 위한 기록 활동에 더 많은 사람들이 동참해 줄 것울 호소함. 자신이 할 수 있는 일올 찾아 정의로운 역사름 만드는 데 일조하고자 하는 실천적 지식인으로서의 모습음 보임 통합사회: 올해 미국 초등학교에서 발생한 총기 난사 사고 기사름 읽고 관련 내용올 정리함 . 미국은 현번에 총기소지름 허용 하는 내용올 규정하고 잎고 , 현재 시점에서 총기 소지률 금지하다고 하더라도 이미 소지한 종기률 다 수거하기논 불가능하다 로 총기 관련 사고블 막기 위한 대책 수립에 더욱 노력할 필요가 있음올 강조함 . 총기블 구매할 수 있는 자격올 더욱 엄격하 게 규정하고  총기 소지와 관련된 교육도 필수적으로 실시되어야 함울 제시함. '인천광역시의 쓰레기매김지 문제 ' 틀 주제로 팀구함. 수도권매김지 사용 종료록 둘러산 인천시와 환경부 간의 갈등 사례물 지적하다 이에 대한 해결책올 제안하는 과정에 문제해결 여량 및 공동체 여량울 보임. '대기오염 문제와 해결방안 ' 올 주제로 환경문제 담구활동올 함 . 대기오염의 발생요인 올 분식하여 문제의 심각성올 지적하고 개인적 즉면과 국가적 즉면올 구분하여 해결책올 제시함 .",1609,4,1,5,2.486016159105034,0.6215040397762585,3.107520198881293
202511468,1,2022,1,통합과학,과학,"재찢어서 밤새읽는 화학이야기 '틀 위고 내용올 정리하여 발표름 진행함 . 흔히 볼 수 있는 물질들의 치사량 과 치사랑울 활용할 수 있는 분아물 밤구하고자 계획함. 심화적으로 접근하여 건강 기능 식품의 진실에 대한 문현올 위고 건 강 기능 식품의 종류 , 효과 여부에 대한 이론올 학습함 . 이틀 바탕으로 소비자들이 효과가 있는 건강식품만 복용할 수 있도록 하는 개인적 사회적 차원의 방안을 담구하고   또 다른 효과가 입중된 건강식품  인체에 작용하는 원리롭 담구할 계회올 세 EM 용액올 이용하 수질 정화의 원리와 이틀 이용하 발명 품올 제작하여 실천한다는 내용올 작성하여 계획서클 제출함.",331,0,0,0,0.0,0.0,0.0
202511468,1,2022,2,통합과학,과학,'청소년올 위한 사라진 스준' 올 읽고 내용올 정리함 . 도마크가 우연히 항생제름 발견한 것을 읽고 우연히 발견되어 세상울 바군 의약품늘의 사례에 대해 담구함 . 과학정책 기획안 작성 활동에서 지구온난화의 심각성올 알고 반소 중 탑 실천올 위한 친환경 에너지 기술 정책올 주제로 선정함 . 건물 일체형 태양광 모물올 건축물의 외장재로 사용하는 BIPV 시 스템올 이용하면 외관을 돈보이게 하면서도 태양광 에너지로 전기름 생산할 수 있으므로 그것올 적용하는 건물에 보조금올 지원하는 정책올 제안함,276,1,0,0,3.6231884057971016,0.0,0.0
202511468,1,2022,1,과학밤구실험,기타,"자유낙하 운동하는 공과 수평으로 던진 공의 운동올 슬로우모선으로 녹화 후 위치분식 프로그램으로 분석함 . 속도와 가속도의 개념울 잘 이해하여고 실제 운동 분석에서 속도 및 가속도 계산 수행에도 잘 적용하없음. 과학수사 단원에서 지문 및 혈혼 성분 감식 활동에 즐겁게 임하없고, 그 과학적 원리큼 잘 조사함. 소화제 원리 담구 실험에서 영양소 검출 반응 결과루 합리적으로 해석하없으다 , 과일올 하나 선정하여 천연 소화제인지 확인해보는 실험 설계에 적절히 적용함 생체 모방 조별 발표에서 홍학 부리의 라엘라 구조름 정수기 필터에 적용한다는 아이디어름 잘 발표하없음",314,4,0,0,12.738853503184714,0.0,0.0
202511468,1,2022,2,과학밤구실험,기타,"바이타민 C의 산화반응 이해하고 화학반음식울 표현할 수 있음. 콜라괜 합성 , 항산화제 작용 . 소장에 서 철분의 훔수틀 돕고, 카르니묘의 생합성 및 면역기능에 관여하다는 것울 중심으로 '우리 몸올 살리는 보물 , 바이타민 C'라 논 제목으로 과학 인포그래픽올 제작함 . 강수량이 많은 지역에서 환경올 이용하 적정기술 아이디어름 팀 프로적트로 수행함. 바이오 샌드 필터률 흐드러지거나 떠내려가지 암도로 대나무릎 지지대처럼 세로 방향으로 농고 대나무 사이의 공간은 작물 이 뿌리릎 내략 수 핑게 만든 부유정원과 움합한 팀 아이디어름 발표함. 정보: 정보 보호 제도에 따라 보호해야 할 정보와 공유 가능한 정보물 구분하고 올바르게 정보틀 공유함. 사이내 공간에서 지 켜야 하는 법과 제도름 설명하고 사이내 운리 실천 방안올 수립하고 다른 학생들에게 설명 및 발표함   실생환의 문제름 해결  --- Page 9 --- 정부24 과목 세 부 능력 및 특기사 항 하기 위해 필요한 자료름 컴퓨팅 도구름 활용하이 수집하고 문제 해걸에 필요한 정보름 얻기 위해 수집한 자료름 분석함 . 복 잡한 문제 상황에서 명료한 기준과 이유률 토대로 문제 해걸에 반드시 필요한 요소홀 찾는 활동올 하고 필요한 요소의 이유률 발표함. 다양한 알고리증올 수행 시간 관점에서 분석 . 비교함 . 문제 해결을 위해 다양한 연산자루 활용하 프로그램올 작성 함. 다양한 학문 분야의 문제 해결은 위한 알고리롬올 논리적인 질차로 명화하게 설계함 일본어 I : 성실하게 수입에 참여하고 주어진 과제에 대해 최선올 다하는 학생임. 일분어의 기본 발음 및 요음, 탁음  장음올 구분하여 허라가나와 가타가나로 표기할 수 있음; 수업 시간에 배운 내용올 복습  활용 연습올 통해 자기소개와 숫자 세기, 주문하기에 관한 질문올 이해하고 일본어로 유창하게 답할 수 있는 의사소통 능력올 갖춤 . 일본 문화 모드올리오 제작 발표에 서는 자신이 여행올 통해 경험한 도교 . 오사카. 롯가이도의 관광 명소름 소개함 . 한일문화 비교 포트풀리오 제작 조 발표에서 눈 '한일 대중교통' 이라는 주제로 한국과 일본의 지하철올 비교하여 환승 방법과 요금에 대한 정보물 제공함. 일본 문화체험 활동으로 일본 전통 무늬 자르기 활동 (문키리아소비) 에서 일본어로 자신이 좋아하는 문구름 직접 적어보며 다양한 무늬 자르 기 활동올 통해 전통부채물 완성해 가능 모습과 일본 다도 체험에서 말차루 만들어 격식에 맞게 마시는 모습이 인상적임. 한문 I : 한시의 형식과 그 특징 및 시상 전개 방식올 통해 한시의 내용올 이해하고 감상하는 능력이 우수하머 이름 비탕으로 한시 창작 활동 때에도 자신만의 훌륭한 시클 창작함. 학생은 '우리의 희망찬 미래 '라는 주제로 5언시률 만들엎는데 '내가 사 논 끗에는 벌이 많다 , 하늘에도 학교에도 , 밤늦계까지 열심히 공부하는 우리논 벌이다, 오늘 밤도 별들이 밝게 빛난다 '라는 내용이없음. 학생은 자신이 중학교 때까지 살앞던 곳과는 달리 지금 공부하는 곳은 밤하늘에 별이 매우 많아 야간 면학이 끝 나고 기숙사로 돌아가는 길에 꼭 별올 밟다고 함. 그런데 하루는 밤하늘의 별올 바라보다 다시 교사동과 기숙사동올 보게 되 엿는데 사방이 깜깜한 와중에 학교만 환하게 빛은 밝히고 있있다고 함. 그러자 한치 앞도 알 수 없는 불화실함 속에서 묵국히 빛울 발하고 있는 친구들의 눈빛과 열정 , 노력이 곧 별과 같다는 생각이 문득 늘없다고 함. 이률 시로 만들어 '함께 공부하는 우리 모두가 자신만의 빛올 내려고 하지 말고 배려하고 도와주머 은은하고 조화롭게 빛나자. '눈 말을 해주고 싶없다고 창작 동기름 밝힘 . 이름 위해 수업 시간에 배운 '어조사 어 . '또우' , '같을 여' 등올 활용하여 비유법올 만들고. 어조률 부드럽게 조성하엿음. 논술: 농물과의 교감이 공감능력 향상에 도움이 되다는 기사물 접하고 ,  농물올 좋아하는 사람이 공감 능력 지수가 비교적 더 높올까라는 주제로 엉뚱한 상상력 , 창의성올 발휘하여 이그노벌 프로적트틀 진행함 . 투표와 영국의 심리학 교수가 만든 공감 능력 테스트름 이용하여 실험올 진행하고 . 동물올 좋아하는 것과 공감능력지수 사이에는 상관관계가 약하다는 결과루 얻고 이루 보고서로 작성하여 발표함. 영양실조 문제에 관심울 가지고  필로우 분석하기 활동에서 아프리카의 심각한 영양실조 문 제름 해결하기 위해 'pap '라는 간 옥수수와 콩으로 만든 죽형태의 영양 보충제름 만들고 농업 규범과 식량 지원 방식 등올 변 화시컨 바질 크란스도르프에 대해서 조사함 . 오임년 식수로 인해 사망하는 사람이 많다는 것에 대한 문제률 인식하고  바이 오 샌드 필터나 라이프 스트로우와 같이 마실 물올 직접적으로 정화시길 수 있는 발명품올 고안하기 위한 담구틀 진행함. 또 한 물의 오염 원인올 알기 위해 관련된 화학이나 생물학 공부름 통해 공장의 운영 방식이나 폐수 처리 방법에 대해서도 공부 해 보고 싶다는 포부주 밝히 보고서률 작성하여 제출함. <진로 선택 과목> 성취도 성취노별 학기 교과 과목 단위수 원점수 / 과목평균 (수강자수) 분포비율 체육 스포츠 생활 88/91.7 A(376) A(100.0) B(0.0) C(O. 예술 음악 감상과 비평 97/95.0 A(376) A(100.0) B(O.0) C(O 예술 미술 감상과 비평 95/93,1 A(376) A(99.7) B(O 3) C(0.0)  --- Page 10 --- 정부24 성취도 성취도별 학기 교과 과목 단위수 원점수 / 과목평균 (수강자수) 분포비율 체육 스포츠 생활 86/91,0 A(360) A(100.0) B(O.0) C(O.0) 예술 음악 감상과 비평 97/94,6 A(360) A(10O.0) B(O0) C(O.0) 예술 미술 감상과 비평 98/95.8 A(360) A(99.2) B(O. 8) C(O. 0) 이수단위 합계 과목 세 부 능력 및 특기사 항 스포츠 생활: 개인에 맞는 건강한 식단올 추천해 주는 플렉품 서비스 개발이라는 주제로 스포츠 창업 아이디어 수업에 참여 하여 자신의 생각울 발표함. 개개인의 활동 정보 , 신체정보의 입력과 관련본 데일리 식단 추천올 해주는 서비스가 학생의 주 요 아이디어임 . 이름 위한 다양한 사례 , 통계자료 , 기대효과 등올 논리적으로 분석하여 제안하는 학생의 발표가 인상적임. 음악 감상과 비평 : 음악이 가지고 있는 아름다움 , 특징 및 가치틀 미학적으로 이해하다  깊이 F는 성찰과 상상력올 발휘할 줄 아는 학생임. 피아노 연주름 즐겨하다 , 다양한 선율에 맞추어 코드 반주가 가능할 정도로 음악적 기능 여량이 우수한 편 임. 이태리 가곡의 덕선법울 정확히 알고  올바른 발성으로 빌칸도 창법울 구사하여 음악적으로 노래함. 이태리 가곡 '돌아오 라 소렌도로 ' 틀 부르며 자연의 경관을 예술적으로 표현한 예술가곡을 이해하고 , 이틀 음악적으로 표현하고자 깊이 분석함. 정을 정확하게 표현하고자 수업시간마다 성실히 연습하고 자신의 발성에서 개선점은 찾고자 노력함. 미술 감상과 비평 : 명화 오마주하기 활동에서 '보티칠리'의 '비니스의 탄생' 올 오마주함 . 작품의 사회, 문화적 맥락 속에서 다 양한 감상과 해석울 농해 작품의 가치풀 갖고 주제와 배경올 새롭게 차용하여 구체적으로 제작함.  작품의 조형적 특징울 조사 하여 원작의 인물들올 애니메이선 백설 공주의 한 장면올 자신만의 독특한 방법으로 차용함으로씨 주제에 대한 발상이 참신 하고 독창적임 . 시각적 효과큼 주기 위해 표현 매체름 팀구하여 아크길 물감으로 채색함으로씨 풍부한 색감과 색의 혼색이 자 연스럽고 기친 질감 효과가 두드러짐. 아이디어 발상 및 표현의 전 과정예서 적극적인 태도로 참여함. 또한 , 자료 조사   작품 계획 및 제작 과정 , 완성 작품에 대한 소감과 개선적올 잘 정리하여 그 내용이 풍부함. 명화 오마주하기 수입올 통해 미술 분 아에서 차용과 관련된 오마주, 패러다, 표절의 의미와 범주률 정확하게 구분하여 설명함 . 나물 표현하기 활동에서 자신의 내 면세계틀 인식하고 이미지 마인드맵올 통하여 '내기 좋아하는 것들' 이라는 주제로 작품올 제작함 . 창의적 발상 기법인 '스낌 피'에서 '의인화 대처하기' 기법을 적용하여 우주름 배경으로 본인이 좋아하는 것들올 행심에 이미지름 대처하여 작품올 창 의적으로 제작함. <체육 . 예술> 학기 교과 과목 단위수 성취도 이수단위 합계 과목 세 부능력 및 특기사 항 해당 사랑 없음",4109,5,0,10,1.2168410805548795,0.0,2.433682161109759
202511550,1,2022,1,국어,국어,"심리학 ,  과학올 독서 희망 분야로 설정하고 '평행우주 (미치오 카루) '에 대한 진로독서 활동음 함 . 현재 추정한 우주의 나이에 대한 정확성 , 타임머신의 이론적 가능성 등 흥미로운 주제들에 대한 질문올 만들고 이에 대한 답울 간결히 제 시해나갈 줄 아는 학생임 . 또한 시간 여행 . 평행우주로의 탈출과 관련해 알기 된 점 및 현재 이론들이 정확하지 않을 수도 잎 나는 의문올 밝히 독서 일지, 알게 된 점울 구체화한 독후감 등 글쓰기 활동에도 성실히 참여하없음  이후 매체 활용 계획이 담긴 개요틀 수립하고 일런의 활동올 정리하다 종은 흐름이 엿보이는 발표 내용올 구상해나가음.",328,0,0,2,0.0,0.0,6.097560975609756
202511550,1,2022,2,국어,국어,"직업 팀구 및 발표 활동에서 교육 직업군에 대한 남구내용올 정리해 나감. 학원 강사와 관련해 교재 제작 및 강 의 등의 주요 직무 , 교수설계 능력 및 지도력 등의 적성 요소   관련 자격 및 직업적 장단점과 보람 등 항목에 적합한 정보물 꼼꼼하게 피악하고 이름 체계적으로 정리하는 여량이 뛰어낫음. 또한 발표 과정에서는 중등 교사에 주목해 직업적 개념에서 부터 자격 요건  종은 활동울 위한 고려사항과 전망 등의 요소물 모두 담아내면서도 준수 사항 및 담화 상황울 고려해 자연스  --- Page 8 --- 정부24 과목 세부 능력 및 특기사 항 러우면서도 전달력 높은 발표물 진행해나간 학생임. 수학: 공과대학 진학올 희망하는 학생으로 , 풀리지 암논 문제물 답지루 보지 암고 풀질 때까지 도전하녀 답지와 풀이률 비교 하여 수학에 대한 열의블 보이미 끈기있는 태도로 학습함 . 항상 수업에 성실하게 임하며 어러워면 부분에 대해 직극직인 태도 로 질문함 . 흔동하기 쉬운 개넘이나 싱질들올 암기하고 정리하여 개념 마인드맵올 그림 , 문제름 푸는 과정에서 수업시간에 배운 여러 수학적 법칙올 적용해보고   한 문제틀 여러 방법으로 풀어보다 다양한 각도에서 수학 문제틀 바라보러는 태도가 인 상적임 . 명제 단원에 특히 흥미름 느껴 해당 단원과 관련된 갈럽올 직접 찾아 글의 내용올 요약하고 자신의 생각을 정리하이 서술함 .  범죄울올 낮추기 위해 좌표의 개넘이 사용된 것울 알고 조사하여 수학적 개념과 관련지어 설명함. 영어: '수포자루 생성하는 교육' 에 대한 기사름 잎고, 이름 바탕으로 '흥미와 자신감을 주는 교육방법 '에 대한 글을 영문으로 작성합. 수준 높은 어휘력과 문장구사력 올 바탕으로 구체적 사례들 들면서 영작문의 완성도물 높임. 또한 '35살 나의 어느 하 루'라는 제목으로 영어일기름 솜. '교사' 로서의 전문적인 모습과 함께 일상의 소소한 장면들도 구체적이고 생생하게 영어로 잘 표현함. '책에서 찾은 인생 한 줄' 이라는 활동올 통해 '숨걸이 바람월 때'의 한 구절울 영어로 소개하고   자신에게 어떤 의 미가 있는지름 유창한 영어로 발표함. 한국사: 근대사 사료 담구 활동에서 개화 방법에 대한 김운식과 김옥군의 사로물 임고 개화 방법에 대한 온건 개화파와 급진 개화파의 입장을 개학 방식 , 개력 모델 등올 포함하여 비교 설명함 . 둘 중 어느 쪽올 지지행든지 문는 질문에 온건 개화파의 입장울 지지한다고 하면서   자유주의와 평등의 개념과 같은 서구의 사상과 문화가 이 시기 조선에 소개되다면 오히려 더 근 혼린이 야기월 수 있으머 서양의 기술을 수용하는 것만으로도 부국강병올 충분히 이률 수 있다고 강조함 . 식민지 피해에 대한 사과와 배상올 요구하는 편지글 쓰기 활동에서 일제의 침락 전쟁 과정에서 수많은 한국 사람들이 강제로 동원되어 희생되없 다는 점올 정리하고 , 피해자들이 인생에 지율 수 없는 상처클 안고 살아가고 있음올 강조하면서 일본 정부의 진심어린 사과와 배상올 요구하는 편지글을 작성함. 활동올 하면서 2020년에 일본 청년들이 강제 징용 피해자들올 찾아 사과하고 나뭇의 집 울 방문하여 위로 공연올 하는 등 민간 차원의 노력이 이루어진 사례가 있음올 확인하고   정부 차원의 노력 또한 조속히 이루 어저야 한다고 강조함. 통합사회 : 우리 사회의 인권 문제들올 학습한 뒤 근로기준법에 대한 지식울 습득하여 자기 삶에 활용하없으다 청소년 근로기 준법에 대해 추가로 자료름 탄색하여 명확하게 이해하엿 음올 활동지에 서술함 . 교사 집단의 성별의 비율이 여성이 더 높다는 상황울 인지하고 원인에 대해 알기 위해 담구함 . 학교별 교사늘의 성별 비율올 확인하기 위해 자료물 수집하고 정리하고 남성 의 비율이 줄어들고 있는 상황울 확인함. 한 분야의 성별 편치루 줄이기 위한 개선 방안이 필요함올 강조하다 현대 사회에서 흔하게 나타나고 있는 현상임올 정리함. 통합과학: 자연의 물질이나 신소재름 소개하는 동영상을 제작함 . 조전도체와 그래편의 전기적 성질과 자기적 성질올 이해하 고 장점과 단점올 비교함 . 물질의 물리적 성질올 변화시켜 신소재물 개발한 사례블 학습함 . MBL틀 활용하 전자기유도에 적 극적으로 참여함 . 발전소에서 생산된 전기에너지가 가정으로 수승되는 과정에 대해 모퉁원들과 토의함 . 산성화된 강이나 토 양에 염기성 물질울 넣어 원래대로 되물리논 과정올 산과 염기의 중화반용으로 설명함. 신생대 4기에 반복되는 방하기와 간 방기 자료틀 보고 현재는 뭐라고 설명할 수 있는지 자료틀 추가로 살펴 보미 여러 과학자들의 의견올 조합해 보는 등 다양한 자료름 찾아 배운 개념올 확장하는 모습올 보임. 과학담구실험 : 적정기술음 적용한 지석이 움직이면 전류가 발생하여 배터기가 충전되는 장치 , 핸드포 충전기에 대하여 담구 하고 홍보물올 작성함. 친환경에너지 도시의 특징울 이해하고 , 에너지 공급 , 고통정책   환경오염올 고려한 도시 설계노물 고 안학 . 스텔라리움올 활용하여 브레드보드에 별자리 전기회로도름 잘 구성하고 친구들과 현동하는 모습올 보임. 광학 현미경 관찰 수업에서 상울 관찰할 때 속눈썹이 보이는 이유률 궁금해 함. 배율이 높아질수록 상의 초점올 맞추기 어려워젊다고 하는  --- Page 9 --- 정부24 과목 세부 능력 및 특기사 항 데 감각울 찾아가는 과정이 재미있없다는 소감울 밝힘 . 현미경 사진 김색 활동에서 점균류의 현미경 사진올 찾음. 이미지 스 태강과 반사광올 이용해 신비롭고 멋진 사진올 찍올 수 있음올 놀라위 함. 곤충 식량 홍보물 제작하기 활동에서 곤중의 유용 성울 설명하는 포스터풀 제작함. 자신의 지문 유형올 판단할 수 있으녀 분말 법과 액체 법올 이용해 지문 김출 실험 과정올 정 확히 수행합 . 맛충형 아기블 태어나게 할 수 있는 유전자 조작 기술에 대한 찬반 토론 시간에 찬성 역할올 맡아 입안과 반박 내용올 논리적으로 제시함. 일본어 I : 어휘와 한자 익히기에 노력하이 실력이 향상되고 형용사와 동사의 환용 등 문법 기초 지식이 형성뇌 . 형용사의 시 제출 활용하 회화 문장 말하기 평가에서 정확한 문법으로 일분어 문장올 작성하고 유창한 역양과 발음으로 수행함. 동사물 활 용한 상황 설명하기 평가에 성실하게 참여합 . 일본 문화 담구 활동으로 '일본의 신사' 라는 주제로 담구하여 PPT틀 작성하고 발표함. 신사의 기원과 구조 , 제사의 대상 . 신사와 문화와의 관련성 , 신사의 명칭과 대표적인 신사에 대해 자료름 알기 쉽제 시각화하여 설명함 . 일본 동요와 애니메이선 노래 가사물 듣고 반간올 채우는 활동과 타나바타 마츠리의 소원 적기 등 일본 문화 체험 활동에 참여함 . <진로 선택 과목> 성취도 성취도별 학기 교괴 과목 단위수 원점수 / 과목평균 비고 (수강자수) 분포비율 이수단위 합계 과목 세 부능력 및 특기사 항 해당 사랑 없음 <체육 예술> 학기 교과 과목 단위수 성취도 비고 체육 체육 예술 미술 체육 체육 ^ 예술 음악 이수단위 합계 과목 세 부능력 및 특기사 항 체육: 적극적이고 긍정적이다 힘 있는 리너십으로 팀원 간에 이건이 있율 때 팀원들의 의견올 잘 수용하고 조정하면서 경기 틀 원활하게 잘 운영해나갈 수 있는 능력올 갖추고 있음. 자신이 부족한 부분들이 무엇인지 파악하고 극복하기 위해 꾸준하게 노력함. 탁구 경기 중 경기 상황에 따라 포핸드 , 백핸드 동작올 자유자재로 활용하여 늑점올 만들어날 수 있는 능력올 갖추 고 있음. 농구의 개인 기능이 우수하여 경기 시 포지선에 따른 역할올 잘 수행하고 여러 가지 상황에 능동적으로 대처할 수 있는 능력이 뛰어남. 배구 언터핸드 서비스름 연습합 때 배구공에 맛는 타점에 따라 불이 뜨는 높이와 거리가 달라질 수 있다 눈 것울 알고 있음. 체육 기자재들 정리하는 데 적극적으로 임하여 타인올 배려하는 모습이 논보임.  --- Page 10 --- 정부24 과목 세부능력 및 특기사 항 음악: 음악울 일상에 대한 기억이라고 표현하고 있으  음악울 통해 추억올 떠올길 수 있엿던 경험울 공유함 . 음악에 대한 기 본 이론이 잘 정립되어 있어 리듬   음정 , 화성에 대한 이해가 신속하고 정화함 . 4분의 4박자에서 여러 가지 리듬올 활용하여 주요 3화음의 화성에 적합한 가락 짓기물 할 수 있으L 정확하고도 정교한 기보 능력올 갖춤. 가창 시 바른 자세에 대해 정화 하게 알고 자연스러운 자세틀 유지하다 가창할 수 있음. 복식호흡의 원리블 이해하고 공명올 활용하여 풍성한 소리블 날 수 있음; 교가의 음정과 리듬올 완전하게 익히고 가사의 내용올 숙지하여 자신감 있는 소리로 가창해념 . 2박자   3박자 , 4박자 계열의 음악울 모두 바르고 안정적인 지뤄법으로 정확한 빠르기에 맞취 지취할 수 있음. 연습하는 과정올 통해 스스로의 개선 점을 기록하고 보완하여 점차 발전되는 모습올 보엿으미 실제 지휘하기틀 능숙하게 잘 수행함. 미술: 뱀과 긴풍선올 결합하여 새로운 크리처지 만들없으미 자신만의 규칙올 만들어 적용한 독창적인 표현올 보여중. 민화틀 파악하고 재해식하는 프로적트에서 다양한 건식 재료와 수채화름 조화롭게 사용하여 꼴라주로 표현하없고 . 다채로운 색감과 섬세한 묘사물 보여중 . 민화의 상징올 이해하여 개성앗게 재창작함 . 글을 일러스트로 시각화 시키논 프로직트에서 책올 읽 고 인상 깊없단 장면올 다채롭기 사용한 종이름 포함한 다양한 재료름 이용하여 시각적 정보름 효과적으로 전달할 수 있는 능 력울 보여중.",4593,6,2,11,1.3063357282821686,0.43544524276072283,2.3949488351839756
202511585,1,2021,1,논술,교양,"주당 1시간씩 실시하는 논술 수업올 봉해서 '극장의 우상'과 관련한 다산 정악용의 글을 위고 '우상' 에 관한 자 신의 견해름 표현하는 글을 논술하없으머 , 희귀 희소 부족의 차이점올 적절한 예시름 들어서 서술함 수 있없음",124,0,0,0,0.0,0.0,0.0
202511585,1,2021,2,논술,교양,"'반수레가 요란하다 '눈 주제로 자신의 생각울 기술하없음. 영국 낭만파 시인 위스위드의 '무지개' 라는 시률 잎 고 감상을 공유하없음. 미국 작가 엘랜 포우의 시 '애너벌 리'블 소재로 한 동영상과 노래 등올 감상하고 시에 대한 자신의 감 상울 공유하없음 <진로 선택 과목> 성취도 성취도별 악기 교과 과목 단위수 원점수 / 과목평균 비고 (수강자수) 분포비율 이수단위 합계  --- Page 11 --- 과목 세 부 능력 및 특기사 항 해당 사랑 없음 <체육 예술> 학기 교과 과목 단위수 성취도 비고 체육 체육 예술 음악 예술 미술 ^ 체육 체육 예술 음악 예술 미술 이수단위 합계 과목 세 부 능력 및 특기 사 항 체육: 도전 스포츠의 경기 수행 , 경기 전락 , 자기 극복울 학습하다 자신의 기향 및 기록  환경적 제약에 따른 상황 판단 능력 올 길러 도전 수행과 반성올 반복함으로씨 신체 수련 능력올 기르는 모습올 갖춤 . 1학기 농구 자유투 수행 시 숫의 성공물올 높이기 위해 여러 각도의 포물선올 그리면서 연습한 결과 자신의 목표 개수의 달성변만 아니라 솟에 대한 자신감 및 상황에 따른 직응력올 향상시키는 모습올 보임. 또한 제자리멀리뛰기름 연습하다 자신의 순발력과 점프력 등올 키우기 위해 노력하 엿으며 그로 인해 기록이 항상되어 자신감을 가짐 . 2학기 수행과제인 저클림 3구 돌리기름 연습하면서 신체름 고루 발달시키 고, 운동능력과 창의력올 향상시키는 기초글 다짐. 그리고 윗몸일으키기플 수행하기 위해 자신의 복표하 설정하고  복표 달 성흘 위해 노력하는 모습올 보임, 음악: 유지길 '영웅'올 감상하고 안중근 의사이 삶을 통해 자신이 느낌 민족정신 등의 감정올 바탕으로 자신도 안중근 의사와 같은 현신적인 인물이 되직다는 글을 작성함 . 뿐만 아니라 당시 역사적 배경올 중실하게 이해하고 있으머 이름 글에 잘 녹어 냄. 서양의 극 음악인 뉴지철과 오페라의 구성 요소와 탄생 배경올 완벽하게 이해하고 있으머 더 나아가 다양한 영상울 감상 하는 등 적극적인 음악 활동올 하늘 학생임 . 제재곡올 지휘하는 활동에서 셈여림의 변화틀 정확하게 이해하여 지취하는 모습 올 미술: '미래의 자기모습 그리기' 실기수행에서 회사원으로 평범하지만 주어진 업무에 최선올 다하는 성실한 모습올 잘 연출해 주없음. 온라인 활동지 작업으로 우리나라 신사실파 작가 김환기. 장옥진   이중섭 작품 감상울 해보앗고 '반구상회화 그리기' 실기수행에시는 사실적인 인물화틀 피카소의 입체파 형태로 변화시커 다시점의 해석올 잘 표현해주없음.",1246,0,3,4,0.0,2.407704654895666,3.2102728731942216
202511602,1,2021,1,수학,수학,"수학문제풀이에 어려움올 이거내기 위해 여러 문제틀 풀어 봄 교과서 47폐이지의 '가상현실과 다항식 '올 위고 다항식의 여러 쓰임올 알기 팀,",78,1,0,0,12.82051282051282,0.0,0.0
202511602,1,2021,2,수학,수학,"건춘분아에서 건물올 튼튼하게 짓기 위해서논 도형의 성질올 제대로 이해해야 함울 깨달음 방에 가구 배치등올 할 때 , 방울 좌표평 면이라 생각하고 각구의 위치름 좌포라고 하면 일흘 더 수월하게 할 수 있음올 깨달 여러 분야에서 개념이나 물건올 분류하는 것이 집합올 구성하는 것과 유사함올 이해함. 명제 단원의 참거짓올 판별하는 과정올 통해 논리적으로 사고하는 능력올 기름. 입력값에 대한 결과깝이 나온다는 점에서 함수가 프로그래망과 유사하다는 것율 이해햇으미 실제로 코덩에 함수가 쓰인다는 사실올 알게념 성적표에서 학생->성적->등수->등굽이 산출되는 과정이 앞의 3개 함수의 합성올 통해 이뤄적음올 이해해 합성합수의 유용 성과 중요성올 알게 팀. 확출음 계산하기 위해서는 경우의 수름 구해야 하므로 회계 , 프로그래망에 중요한 역할울 하는 순열 , 조함 단원임올 이해하 고 열심히 공부함. 영어: Covid-19로 인한 온리인 수업 시 교사가 강의 하는 핵심 내용올 교과서에 매우 잘 정리하고 학습하여 집중력이 흩어 지기 쉬운 학습 환경올 슬기롭게 잘 극복햇음올 알 수 있없음. 수업 중 자신의 재능올 학우들에게 기부하는 시간에 'It tha 강조문과 가주어의 it'올 주제로 발표름 하없음. 강조문 뒤에는 완전한 문장   진주어 뒤에는 불완전한 문장이 온다는 것올 직접 찾아내 급우들에게 쉬운 예시문과 함께 설명하여 공갑과 호용올 얻음. 또한 영어 문단의 주제와 요지의 차이점올 조사하 고 학습하여 발표하여 급우들이 주제와 요지름 더욱 잘 이해하는데 도움올 주없음. 교과서 Lesgon 3, What ig SODA doin g?에 관련된   질문 How can 1 prevent COVID-19? '에 답하면서 자신의 생각올 피력함. 이름 준비하는 과정에서 영어로 글울 쓰는 능력이 향상되없고 급우들 앞에서 자신의 생각울 표현하는 의사소통 능력이 향상팀 . 한국사: 외환위기물 극복하기 위한 노력올 다양한 즉면에서 조사하여 파악하고. 이 시기에 당면한 사회적 과제와 이률 해결 하기 위한 노력올 사례지 들어 설명함. 남북 화해의 과정올 자료틀 활용하여 파악하고 , 동아시야 평화틀 위해 공현할 수 잎 논 방안에 대해 근거름 제시함.",1082,2,0,5,1.8484288354898337,0.0,4.621072088724585
202511602,1,2021,1,통합사회,사회,"교사가 제시한 시사 문제 중 '미안마에서 벌어지고 있는 군부의 인권 단압 문제름 어떻기 해결할 것인가? 에 관심올 가지고 수업 내용중 인권의 의미 , 세계인권선언 부분울 적용하여 자신의 생각울 밝힘 . 미안마 군부가 시민올 반압 하는 것은 세계인권선언에 위배되논 것이므로 다른 나라들이 개입할 수 왜는 여지틀 준다고 하없음. 미안마 시민들의 힘으로 문제름 해결하는 것이 가장 쫓지만 ,  불가피할 경우 국제 사회가 개입해서 문제름 해결해야 한다고 주장함.",254,0,0,1,0.0,0.0,3.937007874015748
202511602,1,2021,2,농합사회,기타,"'생활 속 지리찾기 ' 에서 영화 '미선 임파서불'의 배경이 된 콜로라도 고원올 보고  독특한 지형에 감명받아 지형의 형성과정올 조사하이 발표하없음  '지역 공약 발표' 에서 '출산율 증가름 위한 지원 마련' , '위험 지역 가로등 설치 '틀 공악으로 제안하없으다   특히 행정구역별 출산율과 연령별 인구 자료률 찾고 그래프화하여 발표자로로 만드는 등 성실하고 주도적인 태도로 참여하없음.  --- Page 7 --- 정부24 과목 세 부 능력 및 특기사 항 통합과학: 과학 중에서도 생명과학에 관심이 많은 학생임. 생명 시스템에 대해 학습한 후 생체 혹매와 관련한 실험올 계획하 고 수행함. 실험 전 선행 연구에 대해 조사하고 삼투 현상에 대한 내용올 인포그래픽으로 작성하없음 (1학기 기말 수행평가) . 실험 결과는 영상으로 제작해 친구들에게 공유함 (2학기 기말 수행평가) . 실패로 실험올 여러 번 수행해야 햇으나 실패 원인 올 분식하고 재도전하여 결과름 얻어날 수 있있다는 설명이 인상깊없으다 이 부분에서 학생의 인내심과 끈기름 확인함. 과학담구실험 : 피거 속에 숨은 과학 원리에 대해 조사하이 발표함 . 피거스웨이팅에서 가산점 , 감접을 받는 요인들올 자세하 게 소개하여 동료들에게 피거률 친숙하게 느껴지도록 도움.  김연아 선수의 경기 영상울 통해 회전축올 중심으로 거리에 따라 회전 속도가 달라짐올 설명한 점이 인상깊없음. 피거능 회전이 맘기 때문에 스피드 스웨이드보다 날이 더 두끼워야 심력올 이겨내기 위해 날의 모양이 약간 뛰어있다고 논리적으로 해석함 . 또한 방질이 피거 성적에 의외로 근 영향이 있음올 소개함. 교내 안전사고 방지 프로적트 (PBL)에서 특별실 구역 계단에서의 미끄럼 사고름 지적하고 계단에 미끄럼 방지 스타키 부족을 제안하엿는데 . 구체적인 금액과 예상 효과까지 상세하게 제시하여 설득력 있는 제안서률 제출함. 정보: C언어 프로그래망에 흥미름 갖고 수업에 참여하다 C언어의 기본구조름 논리적으로 이해하고 간단한 프로그램올 작성 할 수 핑게 되없음. 아누이노의 회로 구성과 프로그래망울 이해하고 간단한 회로률 설계하고 제어 프로그램울 작성활 수 핑게 되없음. 파이씬 프로그래망에 대한 맘은 관심올 갖고 적극적으로 수업에 참여하면 선택구조와 반복구조v 논리적으로 이해 하고 터들그래들올 사용하 도형그리기 프로그램올 작성하는 등 코딩 능력이 향상팀. 한문 I : 두보의 한시 '객지' 틀 시구 풀이하여 낭송함 . 시와 작가에 대한 사전 조사름 통해 두보가 자연올 자연올 주구하는 시 풀 즐거 썩단느 것울 알게 되엇고. 이률 발표함으로씨 학생들이 '객지' 와 다른 두보의 시클 이해하는 데 도움올 춤. 시의 분 위기에 어울리는 차분한 어조로 발표하다 일상적 제재 속에서 감동올 찾고 자연과 혼연일체되는 시의 내용올 잘 전달함 . 다른 학생의 발표에 귀름 기울이고 이해된 바름 피드백하다 효과적인 의사소통 모습올 보임. 다양한 한문 문체의 작품올 접하고 내용올 분석하고 비평하는 능력이 있음. <진로 선택 과목> 성취도 성취노별 학기 교과 과목 단위수 원점수 / 과목평균 비고 (수강자수) 분포비율 이수단위 합계 세 부 능력 및 특 기사 항 해당 사랑 없음 <체육 예술> 학기 교과 과목 단위수 성취도 비고 체육 체육 예술 음악 체육 체육 하머  --- Page 8 --- 정부24 학기 교과 과목 단위수 성취도 비고 예술 미술 이수단위 합계 과목 세 부 능력 및 특기사 항 체육: 수업에 열심히 참여하엿으며 수행평가 점수물 올리기 위해 노력함. 궁금하 것이 있으면 교사와 친구늘에게 도움올 요 청해 궁금한 점이나 부족한 점을 보완하기 위해 노력하없음  수업 시간에 다른 친구들과 현동하여 문제름 해결하려는 모습올 자주 보엿으며 그런 활동올 통해 타인의 감정올 배려하고 존중하는 태도록 가지게 팀. 팀울 나누어 경기률 하면서 자신이 돈 보이기 보다는 다른 팀원들올 먼저 생각하여 플레이 하여으다 심동적 기능보다는 경기 규칙이나 심판 법과 같은 인지적 영역 과 팀원들올 챙기고 배러하는 정의적 영역의 초점올 두고 경기하여 다른 팀원들로부터 호감을 얻음. 음악: 국약 민속약 <각 지여의 아리랑>올 듣고 국악의 계승 및 발전 방안에 대해 토의하는 활동에서 자신의 의견올 뒷받침할 근거률 찾아 과학적 사고률 활용하여 자신의 생각울 논리적으로 정리하여 발표함. 노한 팀원들의 다양한 관점올 고려하여 가 장 만족스러운 해결방안올 제시하고 토의 중 발생한 문제에 대해 유연하게 대처하는 등 문제해결능력이 돈보이는 학생임. 다 근 친구의 의견에 귀 기울이고 상반된 의견에 대해서도 존중하고 배리하는 모습음 보임. 모든 활동에 적극적으로 참여함. 미술: '해외 우리 문화재 환수 방법 발표하기' 수업에서 철화분청물고기무늬병올 주제로 해결방안올 조사하여 조별 현동 발표 률 함. 조원들의 자료률 정리하여 ppt 발표 자료루 제작하는 역할울 맡음. 미술올 통해 문화재 반환율 기원하는 '진행글로 문 화재 표현하기' 수업에서 철화분청물고기무늬병올 표 현함 . 패단의 원리물 분석하여 기본적인 패단올 구성하고 , 점 , 선   면 등 조형요소름 조화롭게 표현하다 배경 화면 구성올 함.",2518,6,1,11,2.3828435266084194,0.3971405877680699,4.368546465448769
202511654,1,2020,1,한국사,사회,노래에 비하여 역사에 관심이 많아 1학기 수업시간에 학습한 내용올 다시 한번 복습하고 직접 확인해보고 싶 어서 국립중앙박물관  견학올 다녀올. 수업시간에 배운 진홍왕 순수비와 김혼도의 만화들올 직접 눈으로 보고 확인하마 지적 수준올 확대시김 . 복제 품이긴 하지만 학습한 문화재물 실물로 볼 수 있어서 종은 기회라 생각하다 앞으로도 이리한 건학 활동 올 이어나가고자 다짐합 . 배움이 욕구들 실천으로 바로 옮기능 점이 매우 인상직임,241,1,0,1,4.149377593360996,0.0,4.149377593360996
202511654,1,2020,2,한국사,사회,"수행평가인 역사 신문 만들기에서 조선의 신분제도에 관한 주제로 신분올 함부로 바꿀 수 없게 실시한 양천 제에 대해 실제 신문처럼 작성함.  50분이라는 시간 내에 인터뷰  논설 , 광고  속보 같은 다양한 구성올 한 점에서 미리 준비 해 온 정성이 보임 . 교사의 질문에 누구보다도 적극적으로 대답하고 단 한번도 줄지 암고 집중하는 모습이 이 학생의 장점임 수학 교사물 희망하는 학생으로 역사와 수학올 접목시키는 학업의 포부물 가진 검으로 미루어 보아 해당 분아에서 꼭 필요한 인재로 성장할 가능성이 보임. 또한 코로나19로 학업이 어려운 상황에서도 1년 내내 등교 수업과 쌍방향 수업 시간에 담당 교사와 소통하다 매우 성실히 참여한 점이 백번 칭찬을 해도 아깝지 않은 학생임 . 통합사회: 자신이 기주하는 지역의 토지 이용   산업 구조  직업   인구, 인간관계 , 생태 환경 및 주민의 가치관 등의 변화률 중 심으로 조사률 진행하없으다 , 이 과정에서 나타난 문제점과 그 해결 방안올 밤구하는 모습올 보여중. 통합과학: RNA로 부터 단백질이 합성되는 과정인 번역에 대해 상세히 설명하고 발표하없고 DNA의 3염기 조합인 코돈에 대해 상세히 설명하고 발표하없으며   생물이 자연의 변화에 적응하여 진화하면서 생물다양성이 이루어진 과정올 학습하고, 각 지질시대의 환경과 생물의 변천에 관하여 조사하고 PPT틀 통하여 발표하없음 매시간 적극적으로 수업에 참여하는 학생으로 원자가 전자의 특성에 따른 공유결합의 결합과정올 배우고 반소화함물에 대해 담구하여 단소 원자의 전자에 따른 화학적 특성과 다양한 탄소화합물의 골격과 분자 구조블 분석하여 그림올 활용해 학생들 에계 알기 실계 설명함  --- Page 7 --- 정부24 과목 세 부 능력 및 특기사 항 자유 낙하와 수평으로 단진 물체의 운동올 비교하여 설명함 . 물체의 관성올 학습 후 뉴단의 운동법칙올 정리하다 교과 내용올 더 깊이 이해하려고 노력하다 , 적극적으로 수업에 참여하는 자세가 논보임. 에너지 제로 하우스 구상 및 설계에 관한 담구활동 시 에너지 자급주택의 설계 기술로 열교환기 , 자가 발전 자전기, 자가 발 전 손전등   멀티풀당도어   3중창 설치 및 신재생 에니지름 이용하 미래형 주거 형태름 설계하고 보고서름 제출함 과학담구실험: 나도 발명가름 주제로 철판에 지우개름 부착하이 자동으로 칠판올 지위주는 장치름 고안함 . 창의움합과제 연 구프로적트 활동에서 트리스 구조와 아치형 구조 비교하없으다   안정된 구조물에 대해 담구함. <진로 선택 과목> 성취도 성취도별 학기 교과 과목 단위수 원접수 / 과목평균 (수강자수) 분포비율 기술 . 가정 / 제2외국 프로그래망 65/57.0 B(330) A(17.3) B(23.9) C(58.8) 어 /한문 / 교양 기술 . 가정 / 제2외국 프로그래망 22/38.9 C(321) A(9.0) B(11. 5) C(79. 이/한문 교양 이수단위 합계 세 부 능력 및 특기사 항 프로그래망 : 실시간 쌍방향 온라인 수업에 성실하게 참여함 . C언어의 기본 문법과 프로그램의 논리적인 구조름 이해하다 , 다중 IF눈올 이용하 기본 프로그램올 작성 할 수 있음. <체육 . 예술> 학기 교과 과목 단위수 성취도 체육 체육 예술 미술 체육 체육 예술 음악 이수단위 합계 과목 세 부 능력 및 특기사 항 체육: 배위가는 동작이 흐드러지지 암게 수시로 설명올 경청하다 , 날랜 몸올 충분히 활용함 음악: 매 수업 시간 성실하게 참여하다 음악에 대한 관심이 많은 학생임. 노래물 잘 부르는 학생으로 , 친구들이 노래물 듣고 다양한 관점으로 비평하는 능력이 뛰어난 학생임 . 우굴렉레에 대한 지식이 풍부하고 자신만의 해석으로 개성 옛는 연주실력 올 발휘함. 다양한 시대의 음악울 감상하여 각 시대의 음악적 특징과 상황 , 배경올 파악하는 능력이 우수함.  --- Page 8 --- 정부24 과목 세 부 능력 및 특기사 항 미술: 우유팩올 그리논 데 있어서 , 차분하게 대상의 특징올 파악하면서 스레치름 하고, 화면에서 입체감이 살아 날 수 있도록 뛰어난 관찰력으로 명도물 조절하여 우수하게 표현하여 과제풀 완성함 . 꾸준한 연습올 통해 자신의 부족한 점울 보완하여 보 다 나은 작품올 제작함. 우리의 한글올 컬리그래피름 통해 다양한 방법으로 아름답게 표현할 수 있는 방법올 알게 팀.",2120,5,3,9,2.3584905660377355,1.4150943396226414,4.245283018867925
202511654,2,2021,1,논술,교양,"다양한 미디어에 접근하고 , 미디어가 제공하는 정보와 관R즈률 비판적으로 이해하여 . 자신의 생각울 미디어로 책임 앞게 표현 , 소통할 수 F는 능력인 미디어 리터러시 능력올 합양하고 제고하기 위해 다양한 활동지틀 작성하는 수행 활 동올 함으로씨 미디어 리터러시 교육의 필요성올 자각함.",160,0,0,1,0.0,0.0,6.25
202511654,2,2021,2,논술,교양,"논제에 충실하고 일관성 핑게 논의 전개물 잘함 . 문장 표현도 매끄럽고 전체적으로 구성도 좋음. 자신이 입엇 단 도서의 내용올 철저히 이해하고 분석하여 논술문에 적절히 환용한 점도 우수함, <진로 선택 과목> 성취도 성취도별 학기 교과 과목 단위수 원점수 / 과목평균 (수강자수) 분포비율 수학 기하 78/76,7 B(272) A(48,9) B(36.0) C(15. 1) 사회 (역사 / 도덕포함) 여행지리 84/76,1 A(69) A(62.3) B(23.2) C(14.5) 예술 음악 감상과 비평 89/81.4 A(317) A(60.6) B(37.5) C(1 9) 예술 미술 감상과 비평 92/86.7 A(317) A(64.4) B(34.7) C(0.9) 기술 . 가정 / 제2외국 프로그래망 36/56.6 C(233) A(10. 3) B(33.5) C(56. 2) 어/한문 / 교양 수학 기하 61/69.5 B(270) A(29,6) B(37.4) C(33. 사회 (역사 / 도덕포함) 여행지리 91/78,4 A(68) A(61,8) B(27.9) C(IO. 예술 음악 감상과 비평 87/80. 5 A(314) A(58.6) B(37.3) C(4. 1) 예술 미술 감상과 비평 96/78.2 A(314) A(35.0) B(61 1) C(3.8)  --- Page 11 --- 정부24 성취도 성취도별 학기 교과 과목 단위수 원점수 / 과목평균 (수강자수) 분포비율 기술 . 가정 / 제2외국 프로그래망 41/57.3 C(231) A(1L 3) B(32.9) C(55.8) 어/한문 / 교양 이수단위 합계 12 과목 세 부 능력 및 특기사 항 기하: 빗면운동에서 물체가 가지는 힘의 방향울 넥터로 구하기률 주제로 학생주도 주제밤구활동에 참여하여 넥터률 이용해 물체가 여러 힘을 받있올 때 움직이는 방향울 담구하여 발표문올 작성합. 수학적 정의물 이해하고 적용하는 능력이 뛰어난 학 생으로 이러 가지 조건올 가진 심중문제름 종합적이고 분석적으로 보고 식올 유도함. 수업태도가 매우 바르고 학구열이 높으 며 문제 풀이률 잘하고 적극적으로 수업에 참여하여 수업에 활기풀 준 모범생임. 여행지리: 열대 기후 지역의 특색올 바르게 이해하고 이 지역의 인간 생활에 흥미률 가지고 학습 활동에 임함. 수업 내용올 바르게 정리하고 복습하는 태도물 보여주는 학생으로 학습에 적극적으로 참여하는 학생임.  수행평가로 실시된 독도의 경제 적 ,. 생태적 ,  영역적 가치에 대해 지하 및 수산자원 , 화산지형 , 영해와 군사적 가치 등의 내용올 조사하여 기술하엿으미 역사 적 사로로 세중실로지리지 , 대한제국 직령 능의 자료물 통하여 독도에 대한 지리적 역사적 당위성울 조사하고, 독도에 대한 역사교육 강화와 국제적 노력올 통해 독도의 영유권 강화름 위한 대응방안올 바르게 제시함 . 세계 문화 축제 중 이달리아의 오렌지 전투 축제에 대해 축제의 개최시기 , 축제의 유래와 배경 , 축제의 주요내용  축제의 문제점 , 미래의 전망 등에 대해 조 사하여 제출함 음악 감상과 비평: 음악과 예술에 관심이 많은 학생으로 수업 시간 중 교사의 질문에 적극적으로 대답하는 모습올 보임. 베토 벤의 월광 소나타틀 감상한 뒤 뛰돌아치는 3악장올 죄수들이 탈욕하는 이미지로 연상하여 재치앗는 그림으로 그려 표현하옆 고. 1악장의 메인 밀로디에 맛취 다가올 미래름 위해 열심히 노력하자는 내용의 가사름 작성하여 친구들 앞에서 발표하여 종 은 반응올 얻음. 국악 관현악곡 신모든 3악장울 감상한 뒤 백화점이나 마트예서 서양 음악이 아년 국악이 배경음악으로 사용 되는 모습올 떠올러 간결한 그림으로 표현해념 .",1776,2,0,5,1.1261261261261262,0.0,2.815315315315315
202511654,2,2021,1,미술 감상과 비평,예술,인공지능과 화가의 작품올 비교 분석해 본 수업에 임하여 사람은 감정올 갖고 일런의 과정올 거처 작품올 만들어내지만 인공지능은 데이터에 의한   명령은 수행할 뿐이라는 젊은 인식하게 팀,102,2,0,1,19.607843137254903,0.0,9.803921568627452
202511654,2,2021,2,미술 감상과 비평,예술,"조선시대 미술작품 중 정선의 '금강전도'가 실제 풍경 위에 작가의 사상이 짓들어 있음올 비평문 쓰기 과정에서 알아내으머 '인왕제색도 '틀 먹의 농담올 살려 그러 보앗음. 프로그래망: 순차 구조 , 선택 구조, 반복 구조을 모두 이용하여 알고리롬으로 설계할 수 있는 능력이 뛰어남. (체육 예술> 학기 교과 과목 단위수 성취도 체육 운동과 건강 체육 운동과 건강 이수단위 합계  --- Page 12 --- 정부24 과목 세 부 능력 및 특기사 항 운동과 긴강: 육상 단거리 달리기에서 마지막까지 속도름 줄이지 암고 치고 나가는 피니시 동작이 좋음 . 탁구 스트로크 시 발 의 농작이 안정되고 빨라 공의 임패트 지점울 빠르게 찾아갈 수 있음 축구 리프딩 자세에서 발등올 펴 지면과 수평이 되게 한 상태에서 공을 건트물 하는 방법올 꾸준히 연습하다 익혀 나감",422,0,0,1,0.0,0.0,2.3696682464454977
